formula,mpid,type,dope,gap,S,log_sigma,sigma,log_kappa,kappa
AgBr,mp-23231,n,1e+16,0.892566204,-317.9698486328125,16.60590934753418,4.035611468327326e+16,11.706528663635254,508778398144.5129
AgBr,mp-23231,n,1.291549665014e+16,0.892566204,-317.3441467285156,16.609411239624023,4.068283784119785e+16,11.710025787353516,512891837361.1787
AgBr,mp-23231,n,1.6681005372e+16,0.892566204,-316.53662109375,16.61393165588379,4.110850243270819e+16,11.714545249938965,518257087351.1324
AgBr,mp-23231,n,2.154434690031e+16,0.892566204,-315.6722106933594,16.60996437072754,4.0734685792855176e+16,11.7274808883667,533925777032.97546
AgBr,mp-23231,n,2.782559402207e+16,0.892566204,-314.3267517089844,16.616146087646484,4.131864659647402e+16,11.730292320251465,537393389991.50165
AgBr,mp-23231,n,3.593813663804e+16,0.892566204,-312.7529602050781,16.613847732543945,4.110055936723339e+16,11.74748420715332,559093196127.1761
AgBr,mp-23231,n,4.641588833612e+16,0.892566204,-310.3428649902344,16.6385440826416,4.350549182185271e+16,11.752619743347168,565743722019.4624
AgBr,mp-23231,n,5.994842503189e+16,0.892566204,-307.5993347167969,16.64267349243164,4.39211287202179e+16,11.776321411132812,597477301901.4363
AgBr,mp-23231,n,7.742636826811e+16,0.892566204,-304.6085510253906,16.675783157348633,4.740052559783425e+16,11.789793968200684,616302555022.024
AgBr,mp-23231,n,1e+17,0.892566204,-301.7720642089844,16.6907901763916,4.906707578199017e+16,11.824365615844727,667368364582.7467
AgBr,mp-23231,n,1.2915496650148002e+17,0.892566204,-297.6741638183594,16.737932205200195,5.469305785640814e+16,11.851824760437012,710926594042.3462
AgBr,mp-23231,n,1.6681005372e+17,0.892566204,-292.8255310058594,16.771038055419922,5.9025279930474264e+16,11.904529571533203,802656212653.284
AgBr,mp-23231,n,2.1544346900318e+17,0.892566204,-286.1067199707031,16.84160041809082,6.943851397180753e+16,11.95529842376709,902190861608.8961
AgBr,mp-23231,n,2.7825594022071e+17,0.892566204,-278.1626281738281,16.90489387512207,8.033297952757112e+16,12.036818504333496,1088475114488.2507
AgBr,mp-23231,n,3.5938136638045997e+17,0.892566204,-275.7154235839844,17.0145206451416,1.0340002532860558e+17,12.107333183288574,1280363200181.505
AgBr,mp-23231,n,4.6415888336127e+17,0.892566204,-272.8061218261719,17.128190994262695,1.3433556129094842e+17,12.209988594055176,1621767504062.5674
AgBr,mp-23231,n,5.9948425031894e+17,0.892566204,-268.7890930175781,17.302968978881836,2.008949310716997e+17,12.326018333435059,2118450562256.3696
AgBr,mp-23231,n,7.7426368268112e+17,0.892566204,-264.6028747558594,17.50067710876465,3.1672118144224986e+17,12.470038414001465,2951470277115.3384
AgBr,mp-23231,n,1e+18,0.892566204,-261.653076171875,17.737764358520508,5.467192409851848e+17,12.573352813720703,3744146330675.3335
AgBr,mp-23231,n,1.29154966501488e+18,0.892566204,-258.0671691894531,17.884380340576172,7.66267384482862e+17,12.665194511413574,4625881585690.813
AgBr,mp-23231,n,1.66810053720005e+18,0.892566204,-253.20191955566406,17.96070671081543,9.134961278945336e+17,12.69608211517334,4966862246003.177
AgBr,mp-23231,n,2.1544346900318802e+18,0.892566204,-243.32083129882812,18.03111457824707,1.0742727962281396e+18,12.743110656738281,5534911188814.56
AgBr,mp-23231,n,2.78255940220712e+18,0.892566204,-230.5399169921875,18.122507095336914,1.3258887794466826e+18,12.779267311096191,6015438777537.447
AgBr,mp-23231,n,3.5938136638046203e+18,0.892566204,-214.88018798828125,18.22287940979004,1.6706266682983327e+18,12.84423542022705,6986110010859.387
AgBr,mp-23231,n,4.641588833612769e+18,0.892566204,-193.646240234375,18.349334716796875,2.235294331545965e+18,12.903929710388184,8015483240461.997
AgBr,mp-23231,n,5.994842503189401e+18,0.892566204,-172.03855895996094,18.472654342651367,2.9693018074975754e+18,12.993481636047363,9851029872734.404
AgBr,mp-23231,n,7.742636826811269e+18,0.892566204,-144.48336791992188,18.635610580444336,4.321261819614643e+18,13.08693790435791,12216249791270.75
AgBr,mp-23231,n,1e+19,0.892566204,-103.00382232666016,18.831619262695312,6.786084492787305e+18,13.218050956726074,16521556379091.547
AgBr,mp-23231,n,1.291549665014884e+19,0.892566204,-71.36322784423828,18.965890884399414,9.244658745963196e+18,13.346006393432617,22182290750475.73
AgBr,mp-23231,n,1.668100537200058e+19,0.892566204,-44.169525146484375,19.019929885864258,1.0469595093224446e+19,13.492965698242188,31114705750032.68
AgBr,mp-23231,n,2.154434690031883e+19,0.892566204,-11.771479606628418,19.067895889282227,1.1692190677986497e+19,13.657990455627441,45497806111018.21
AgBr,mp-23231,n,2.7825594022071243e+19,0.892566204,17.76106834411621,19.126928329467773,1.3394556221740153e+19,13.825030326843262,66839058974562.66
AgBr,mp-23231,n,3.593813663804627e+19,0.892566204,29.147424697875977,19.200580596923828,1.587013411597488e+19,14.03613567352295,108676507581841.84
AgBr,mp-23231,n,4.641588833612778e+19,0.892566204,26.232664108276367,19.289392471313477,1.9471188953958973e+19,14.183120727539062,152447647715181.06
AgBr,mp-23231,n,5.994842503189409e+19,0.892566204,24.610998153686523,19.41807746887207,2.6186500778782024e+19,14.248286247253418,177127603703216.03
AgBr,mp-23231,n,7.74263682681127e+19,0.892566204,8.584080696105957,19.585691452026367,3.852045887585682e+19,14.317967414855957,207954065317576.7
AgBr,mp-23231,n,1e+20,0.892566204,-16.448627471923828,19.768095016479492,5.8626641591943545e+19,14.297565460205078,198410869442429.25
AgBr,mp-23231,p,1e+16,0.892566204,414.6747131347656,16.22365951538086,1.6736302441227538e+16,11.600029945373535,398134621694.22925
AgBr,mp-23231,p,1.291549665014e+16,0.892566204,413.5089416503906,16.23756217956543,1.7280733775262904e+16,11.61770248413086,414669873388.5315
AgBr,mp-23231,p,1.6681005372e+16,0.892566204,412.6112976074219,16.231618881225586,1.7045858587992182e+16,11.607375144958496,404925516624.7662
AgBr,mp-23231,p,2.154434690031e+16,0.892566204,410.8409118652344,16.247819900512695,1.7693750562374136e+16,11.62716293334961,423801933110.0997
AgBr,mp-23231,p,2.782559402207e+16,0.892566204,409.1684265136719,16.244901657104492,1.757525589730168e+16,11.619610786437988,416495953593.71704
AgBr,mp-23231,p,3.593813663804e+16,0.892566204,406.3892822265625,16.264978408813477,1.8406804887619224e+16,11.642951011657715,439492038016.001
AgBr,mp-23231,p,4.641588833612e+16,0.892566204,403.4253234863281,16.267047882080078,1.8494725168244164e+16,11.640013694763184,436529597267.0116
AgBr,mp-23231,p,5.994842503189e+16,0.892566204,398.9639892578125,16.293577194213867,1.9659713935612028e+16,11.669281005859375,466961425261.4157
AgBr,mp-23231,p,7.742636826811e+16,0.892566204,393.8462829589844,16.303974151611328,2.0136044003586904e+16,11.674041748046875,472108422123.9556
AgBr,mp-23231,p,1e+17,0.892566204,386.5785217285156,16.341283798217773,2.1942383348857444e+16,11.713200569152832,516654919654.57214
AgBr,mp-23231,p,1.2915496650148002e+17,0.892566204,377.86810302734375,16.365575790405273,2.320469104250946e+16,11.730795860290527,538016828770.33105
AgBr,mp-23231,p,1.6681005372e+17,0.892566204,365.9170837402344,16.420856475830078,2.635460283902559e+16,11.786466598510742,611598763224.8021
AgBr,mp-23231,p,2.1544346900318e+17,0.892566204,351.2139892578125,16.468332290649414,2.9398981885824172e+16,11.823443412780762,665952744075.3883
AgBr,mp-23231,p,2.7825594022071e+17,0.892566204,331.45233154296875,16.5535945892334,3.577623126369466e+16,11.89411735534668,783641370255.9094
AgBr,mp-23231,p,3.5938136638045997e+17,0.892566204,311.21435546875,16.639738082885742,4.362526548269768e+16,11.939801216125488,870565026522.353
AgBr,mp-23231,p,4.6415888336127e+17,0.892566204,300.7664794921875,16.775022506713867,5.956930136997693e+16,12.000535011291504,1001232668136.0094
AgBr,mp-23231,p,5.9948425031894e+17,0.892566204,295.03436279296875,16.923749923706055,8.389767461794582e+16,12.052512168884277,1128527558304.5325
AgBr,mp-23231,p,7.7426368268112e+17,0.892566204,286.2148742675781,17.109434127807617,1.2865720956982022e+17,12.126422882080078,1337897622812.6895
AgBr,mp-23231,p,1e+18,0.892566204,275.6478576660156,17.258943557739258,1.8152797280463533e+17,12.201226234436035,1589374476360.6135
AgBr,mp-23231,p,1.29154966501488e+18,0.892566204,271.638427734375,17.378171920776367,2.3887567142989606e+17,12.246652603149414,1764625712798.8674
AgBr,mp-23231,p,1.66810053720005e+18,0.892566204,270.4539489746094,17.439699172973633,2.7523215652721312e+17,12.277329444885254,1893779647580.5952
AgBr,mp-23231,p,2.1544346900318802e+18,0.892566204,268.5800476074219,17.507143020629883,3.214719026514946e+17,12.308334350585938,2033922265444.5615
AgBr,mp-23231,p,2.78255940220712e+18,0.892566204,268.0745544433594,17.585193634033203,3.8476329392273715e+17,12.349727630615234,2237317556533.093
AgBr,mp-23231,p,3.5938136638046203e+18,0.892566204,267.0955505371094,17.695043563842773,4.954998916360815e+17,12.397795677185059,2499169299217.4194
AgBr,mp-23231,p,4.641588833612769e+18,0.892566204,262.6242980957031,17.8218936920166,6.6358061714759e+17,12.461140632629395,2891616089839.076
AgBr,mp-23231,p,5.994842503189401e+18,0.892566204,238.7212371826172,17.94597816467285,8.830355023094464e+17,12.53824520111084,3453386612773.074
AgBr,mp-23231,p,7.742636826811269e+18,0.892566204,217.13351440429688,18.105670928955078,1.275471999479144e+18,12.629785537719727,4263689183096.642
AgBr,mp-23231,p,1e+19,0.892566204,202.31358337402344,18.2827091217041,1.9173841002728945e+18,12.737637519836426,5465595911931.647
AgBr,mp-23231,p,1.291549665014884e+19,0.892566204,199.730712890625,18.39234733581543,2.4680123910727905e+18,12.856322288513184,7183271617611.956
AgBr,mp-23231,p,1.668100537200058e+19,0.892566204,203.23892211914062,18.455080032348633,2.8515437052490675e+18,12.975478172302246,9451008903520.145
AgBr,mp-23231,p,2.154434690031883e+19,0.892566204,207.729736328125,18.53453826904297,3.42403558120709e+18,13.123627662658691,13293142571222.79
AgBr,mp-23231,p,2.7825594022071243e+19,0.892566204,216.6615753173828,18.5949764251709,3.935287129371473e+18,13.248867988586426,17736502668819.89
AgBr,mp-23231,p,3.593813663804627e+19,0.892566204,230.23699951171875,18.668354034423828,4.659657914357071e+18,13.39835262298584,25023763275916.89
AgBr,mp-23231,p,4.641588833612778e+19,0.892566204,257.2507629394531,18.763643264770508,5.802875658230966e+18,13.517706871032715,32938731571728.316
AgBr,mp-23231,p,5.994842503189409e+19,0.892566204,264.8421630859375,18.87401008605957,7.481868762091913e+18,13.647838592529297,44446604899018.875
AgBr,mp-23231,p,7.74263682681127e+19,0.892566204,264.5747375488281,19.031044006347656,1.0740982434409185e+19,13.705387115478516,50744282419225.06
AgBr,mp-23231,p,1e+20,0.892566204,262.1024169921875,19.224384307861328,1.6764256915540953e+19,13.753787994384766,56726761989612.57
Ba2BiAu,mp-862947,n,1e+16,0.594403982,-90.56945037841797,16.5831241607666,3.829342050085667e+16,13.094529151916504,12431660802791.861
Ba2BiAu,mp-862947,n,1.291549665014e+16,0.594403982,-90.54679870605469,16.585817337036133,3.853162607093096e+16,13.094769477844238,12438542025860.852
Ba2BiAu,mp-862947,n,1.6681005372e+16,0.594403982,-90.20050811767578,16.58778190612793,3.870632208161755e+16,13.098021507263184,12532032349157.959
Ba2BiAu,mp-862947,n,2.154434690031e+16,0.594403982,-89.87362670898438,16.5909366607666,3.8988512013425544e+16,13.092267036437988,12367076192220.746
Ba2BiAu,mp-862947,n,2.782559402207e+16,0.594403982,-89.59663391113281,16.597064971923828,3.954257726767269e+16,13.098869323730469,12556520896345.564
Ba2BiAu,mp-862947,n,3.593813663804e+16,0.594403982,-89.0922622680664,16.601423263549805,3.994139817353754e+16,13.093514442443848,12402648693866.438
Ba2BiAu,mp-862947,n,4.641588833612e+16,0.594403982,-88.58952331542969,16.61033058166504,4.076904906320116e+16,13.100493431091309,12603565742631.486
Ba2BiAu,mp-862947,n,5.994842503189e+16,0.594403982,-87.78951263427734,16.615930557250977,4.129814618672825e+16,13.095416069030762,12457074708246.469
Ba2BiAu,mp-862947,n,7.742636826811e+16,0.594403982,-86.9091567993164,16.627107620239258,4.237479598009222e+16,13.103254318237305,12683944067214.877
Ba2BiAu,mp-862947,n,1e+17,0.594403982,-85.6158447265625,16.63759422302246,4.34104435219398e+16,13.098505973815918,12546019950651.12
Ba2BiAu,mp-862947,n,1.2915496650148002e+17,0.594403982,-84.10636901855469,16.655092239379883,4.519519238087569e+16,13.107352256774902,12804194328238.332
Ba2BiAu,mp-862947,n,1.6681005372e+17,0.594403982,-81.9900131225586,16.67372703552246,4.7176643156534344e+16,13.103658676147461,12695759187432.49
Ba2BiAu,mp-862947,n,2.1544346900318e+17,0.594403982,-79.43118286132812,16.70165252685547,5.030979258687866e+16,13.113990783691406,13001419869921.639
Ba2BiAu,mp-862947,n,2.7825594022071e+17,0.594403982,-75.94171142578125,16.7340030670166,5.420047180615826e+16,13.11225414276123,12949534075117.371
Ba2BiAu,mp-862947,n,3.5938136638045997e+17,0.594403982,-72.8859634399414,16.779287338256836,6.0157161813303784e+16,13.125064849853516,13337205715262.635
Ba2BiAu,mp-862947,n,4.6415888336127e+17,0.594403982,-72.14933776855469,16.834558486938477,6.8321672136744344e+16,13.125070571899414,13337381440741.988
Ba2BiAu,mp-862947,n,5.9948425031894e+17,0.594403982,-70.96672058105469,16.889511108398438,7.753737756417098e+16,13.137871742248535,13736362468227.674
Ba2BiAu,mp-862947,n,7.7426368268112e+17,0.594403982,-69.66617584228516,16.932798385620117,8.566400712329573e+16,13.139023780822754,13772848833243.387
Ba2BiAu,mp-862947,n,1e+18,0.594403982,-67.7645034790039,16.990942001342773,9.793591863469603e+16,13.155850410461426,14316946776384.238
Ba2BiAu,mp-862947,n,1.29154966501488e+18,0.594403982,-65.52384948730469,17.06376838684082,1.1581595345127731e+17,13.162273406982422,14530260718763.193
Ba2BiAu,mp-862947,n,1.66810053720005e+18,0.594403982,-62.39024353027344,17.145601272583008,1.3983029458100029e+17,13.177082061767578,15034260179173.63
Ba2BiAu,mp-862947,n,2.1544346900318802e+18,0.594403982,-58.41201400756836,17.20087242126465,1.588080164219904e+17,13.1956205368042,15689913049052.916
Ba2BiAu,mp-862947,n,2.78255940220712e+18,0.594403982,-56.59042739868164,17.269655227661133,1.8606094725398787e+17,13.221674919128418,16659997010048.477
Ba2BiAu,mp-862947,n,3.5938136638046203e+18,0.594403982,-56.31978225708008,17.344526290893555,2.210682080353093e+17,13.253703117370605,17935071706308.51
Ba2BiAu,mp-862947,n,4.641588833612769e+18,0.594403982,-53.93390655517578,17.421274185180664,2.6379963188452688e+17,13.289412498474121,19472086873773.047
Ba2BiAu,mp-862947,n,5.994842503189401e+18,0.594403982,-57.51454162597656,17.516536712646484,3.285010126315118e+17,13.341404914855957,21948503524051.926
Ba2BiAu,mp-862947,n,7.742636826811269e+18,0.594403982,-67.12581634521484,17.595205307006836,3.9373616506235654e+17,13.387316703796387,24395892096461.938
Ba2BiAu,mp-862947,n,1e+19,0.594403982,-97.40069580078125,17.698936462402344,4.999613849129665e+17,13.430645942687988,26955410044792.99
Ba2BiAu,mp-862947,n,1.291549665014884e+19,0.594403982,-103.85017395019531,17.75818634033203,5.7304185014407917e+17,13.481529235839844,30306043051695.094
Ba2BiAu,mp-862947,n,1.668100537200058e+19,0.594403982,-90.97390747070312,17.80799674987793,6.426829076641103e+17,13.546782493591309,35219443837603.31
Ba2BiAu,mp-862947,n,2.154434690031883e+19,0.594403982,-85.77828979492188,17.86016845703125,7.247170136168686e+17,13.586712837219238,38611158918440.79
Ba2BiAu,mp-862947,n,2.7825594022071243e+19,0.594403982,-77.30899810791016,17.94104766845703,8.730671915765876e+17,13.628175735473633,42479141927216.67
Ba2BiAu,mp-862947,n,3.593813663804627e+19,0.594403982,-67.01849365234375,18.027124404907227,1.0644478887252388e+18,13.680672645568848,47937198031239.95
Ba2BiAu,mp-862947,n,4.641588833612778e+19,0.594403982,-55.23040771484375,18.130245208740234,1.3497247409647772e+18,13.743638038635254,55416365448589.76
Ba2BiAu,mp-862947,n,5.994842503189409e+19,0.594403982,-45.37102508544922,18.255657196044922,1.8015951168895506e+18,13.819992065429688,66068137723315.99
Ba2BiAu,mp-862947,n,7.74263682681127e+19,0.594403982,-50.808990478515625,18.40549659729004,2.543879861678638e+18,13.858595848083496,72209751109498.95
Ba2BiAu,mp-862947,n,1e+20,0.594403982,-61.11407470703125,18.592819213867188,3.9157883851670533e+18,13.796018600463867,62519946896463.195
Ba2BiAu,mp-862947,p,1e+16,0.594403982,197.18206787109375,16.797142028808594,6.268188218580145e+16,13.116963386535645,13090715562616.584
Ba2BiAu,mp-862947,p,1.291549665014e+16,0.594403982,197.05126953125,16.79616355895996,6.2540818241854264e+16,13.110758781433105,12905022956331.61
Ba2BiAu,mp-862947,p,1.6681005372e+16,0.594403982,196.82391357421875,16.800809860229492,6.321350338471797e+16,13.117445945739746,13105269180927.05
Ba2BiAu,mp-862947,p,2.154434690031e+16,0.594403982,196.58837890625,16.8009090423584,6.322794143556517e+16,13.111384391784668,12923626309847.348
Ba2BiAu,mp-862947,p,2.782559402207e+16,0.594403982,196.22669982910156,16.806926727294922,6.4110140298646664e+16,13.118252754211426,13129638059890.623
Ba2BiAu,mp-862947,p,3.593813663804e+16,0.594403982,195.81591796875,16.808822631835938,6.439062370938917e+16,13.11242961883545,12954767373318.385
Ba2BiAu,mp-862947,p,4.641588833612e+16,0.594403982,195.2304229736328,16.8171329498291,6.563461616826032e+16,13.119599342346191,13170411437978.486
Ba2BiAu,mp-862947,p,5.994842503189e+16,0.594403982,194.527099609375,16.822019577026367,6.637729911331386e+16,13.11417293548584,13006874069248.518
Ba2BiAu,mp-862947,p,7.742636826811e+16,0.594403982,193.56845092773438,16.834157943725586,6.825868914349125e+16,13.121844291687012,13238668019602.062
Ba2BiAu,mp-862947,p,1e+17,0.594403982,192.3773193359375,16.844064712524414,6.9833645271218696e+16,13.117098808288574,13094798147460.525
Ba2BiAu,mp-862947,p,1.2915496650148002e+17,0.594403982,190.79669189453125,16.8625545501709,7.287096993745646e+16,13.125582695007324,13353118251408.115
Ba2BiAu,mp-862947,p,1.6681005372e+17,0.594403982,189.31431579589844,16.880815505981445,7.600033489159131e+16,13.121953010559082,13241982529185.168
Ba2BiAu,mp-862947,p,2.1544346900318e+17,0.594403982,188.22927856445312,16.910032272338867,8.128909196866438e+16,13.13187313079834,13547935825731.318
Ba2BiAu,mp-862947,p,2.7825594022071e+17,0.594403982,187.0523681640625,16.94024085998535,8.714467608669558e+16,13.128169059753418,13432877670047.068
Ba2BiAu,mp-862947,p,3.5938136638045997e+17,0.594403982,185.3743896484375,16.98328971862793,9.622539856777923e+16,13.132083892822266,13554512200662.73
Ba2BiAu,mp-862947,p,4.6415888336127e+17,0.594403982,183.267822265625,17.034502029418945,1.0826847744037832e+17,13.139689445495605,13793975347822.934
Ba2BiAu,mp-862947,p,5.9948425031894e+17,0.594403982,180.47930908203125,17.069555282592773,1.1736950760021731e+17,13.14951229095459,14109521672063.408
Ba2BiAu,mp-862947,p,7.7426368268112e+17,0.594403982,176.6380615234375,17.114830017089844,1.3026568186310392e+17,13.16219711303711,14527708364092.83
Ba2BiAu,mp-862947,p,1e+18,0.594403982,171.82440185546875,17.173295974731445,1.4903764336644464e+17,13.17857837677002,15086148444621.863
Ba2BiAu,mp-862947,p,1.29154966501488e+18,0.594403982,165.30636596679688,17.248807907104492,1.7734049122433712e+17,13.191756248474121,15550925774940.299
Ba2BiAu,mp-862947,p,1.66810053720005e+18,0.594403982,175.1243896484375,17.34065055847168,2.1910412727895834e+17,13.217430114746094,16497955002390.748
Ba2BiAu,mp-862947,p,2.1544346900318802e+18,0.594403982,197.26016235351562,17.39621353149414,2.4900813266810432e+17,13.23211669921875,17065408917989.87
Ba2BiAu,mp-862947,p,2.78255940220712e+18,0.594403982,224.73703002929688,17.471284866333008,2.959953349098497e+17,13.263978004455566,18364453312575.098
Ba2BiAu,mp-862947,p,3.5938136638046203e+18,0.594403982,238.5000457763672,17.54627799987793,3.517855528677101e+17,13.288334846496582,19423829020035.203
Ba2BiAu,mp-862947,p,4.641588833612769e+18,0.594403982,251.5162353515625,17.634557723999023,4.310798509255963e+17,13.325221061706543,21145651079010.836
Ba2BiAu,mp-862947,p,5.994842503189401e+18,0.594403982,266.3099670410156,17.721284866333008,5.2636240953776096e+17,13.353135108947754,22549406147284.645
Ba2BiAu,mp-862947,p,7.742636826811269e+18,0.594403982,269.0300598144531,17.802478790283203,6.345689096699098e+17,13.38579273223877,24310435126261.258
Ba2BiAu,mp-862947,p,1e+19,0.594403982,257.0841064453125,17.890825271606445,7.77723588893533e+17,13.419189453125,26253635610628.86
Ba2BiAu,mp-862947,p,1.291549665014884e+19,0.594403982,238.4169464111328,17.961591720581055,9.153595577204026e+17,13.4588041305542,28761009831928.523
Ba2BiAu,mp-862947,p,1.668100537200058e+19,0.594403982,208.93849182128906,18.029626846313477,1.0705990318533171e+18,13.507407188415527,32166750346455.523
Ba2BiAu,mp-862947,p,2.154434690031883e+19,0.594403982,188.7017822265625,18.1118221282959,1.2936658930055168e+18,13.560168266296387,36321875569762.695
Ba2BiAu,mp-862947,p,2.7825594022071243e+19,0.594403982,187.86293029785156,18.189605712890625,1.547411117977791e+18,13.6121187210083,40937255265502.766
Ba2BiAu,mp-862947,p,3.593813663804627e+19,0.594403982,192.30776977539062,18.28009605407715,1.9058822004371052e+18,13.66650676727295,46398801989004.09
Ba2BiAu,mp-862947,p,4.641588833612778e+19,0.594403982,191.89443969726562,18.384279251098633,2.422586267593961e+18,13.72681713104248,53311037072466.77
Ba2BiAu,mp-862947,p,5.994842503189409e+19,0.594403982,180.2515411376953,18.50855255126953,3.2251695533803377e+18,13.795462608337402,62439958873200.6
Ba2BiAu,mp-862947,p,7.74263682681127e+19,0.594403982,166.9512939453125,18.659215927124023,4.562637095838048e+18,13.861711502075195,72729650749011.11
Ba2BiAu,mp-862947,p,1e+20,0.594403982,139.25222778320312,18.85466194152832,7.155861750750058e+18,13.804841041564941,63802991472248.54
Be2C,mp-1569,n,1e+16,3.255629063,-493.5489196777344,15.300999641418457,1999860218418444.2,10.653738975524902,45054583110.71182
Be2C,mp-1569,n,1.291549665014e+16,3.255629063,-493.1134338378906,15.305691719055176,2021583662013004.8,10.656134605407715,45303797291.86787
Be2C,mp-1569,n,1.6681005372e+16,3.255629063,-492.55023193359375,15.312355995178223,2052844224614876.5,10.66038703918457,45749572390.71958
Be2C,mp-1569,n,2.154434690031e+16,3.255629063,-491.8227233886719,15.317656517028809,2078052507829021.8,10.665180206298828,46257292174.710594
Be2C,mp-1569,n,2.782559402207e+16,3.255629063,-491.2251281738281,15.33178997039795,2146792010747434.5,10.675835609436035,47406250760.73761
Be2C,mp-1569,n,3.593813663804e+16,3.255629063,-490.2302551269531,15.345125198364258,2213732792267681.8,10.68774127960205,48723814332.90666
Be2C,mp-1569,n,4.641588833612e+16,3.255629063,-488.6576843261719,15.36148738861084,2298726956030098.0,10.70056438446045,50183897150.04407
Be2C,mp-1569,n,5.994842503189e+16,3.255629063,-486.6112060546875,15.382620811462402,2413352782496646.0,10.717124938964844,52134467132.306465
Be2C,mp-1569,n,7.742636826811e+16,3.255629063,-483.9415588378906,15.409918785095215,2569915152828374.5,10.738516807556152,54766729572.97119
Be2C,mp-1569,n,1e+17,3.255629063,-480.4640808105469,15.44516658782959,2787190081374544.5,10.766140937805176,58363447535.69948
Be2C,mp-1569,n,1.2915496650148002e+17,3.255629063,-475.9512023925781,15.490696907043457,3095258372717933.5,10.8018217086792,63360954153.7634
Be2C,mp-1569,n,1.6681005372e+17,3.255629063,-469.9825439453125,15.5494966506958,3544023970986398.0,10.847904205322266,70453764815.5373
Be2C,mp-1569,n,2.1544346900318e+17,3.255629063,-462.2220458984375,15.62545108795166,4221347338068068.5,10.907423973083496,80802346539.963
Be2C,mp-1569,n,2.7825594022071e+17,3.255629063,-452.1533203125,15.719685554504395,5244276174894325.0,10.982048988342285,95950885784.47221
Be2C,mp-1569,n,3.5938136638045997e+17,3.255629063,-442.4890441894531,15.840181350708008,6921199228642718.0,11.079277992248535,120026734940.91457
Be2C,mp-1569,n,4.6415888336127e+17,3.255629063,-437.4186096191406,15.999232292175293,9982338488907400.0,11.193349838256836,156080927894.64905
Be2C,mp-1569,n,5.9948425031894e+17,3.255629063,-429.7820129394531,16.153730392456055,1.4247228591649056e+16,11.340620994567871,219089212622.79156
Be2C,mp-1569,n,7.7426368268112e+17,3.255629063,-417.9969482421875,16.332170486450195,2.1486737910290116e+16,11.527531623840332,336923748484.49255
Be2C,mp-1569,n,1e+18,3.255629063,-401.57421875,16.533382415771484,3.4149347959710428e+16,11.759374618530273,574611903576.4009
Be2C,mp-1569,n,1.29154966501488e+18,3.255629063,-380.37896728515625,16.671709060668945,4.695794260535316e+16,11.892497062683105,780723159759.7815
Be2C,mp-1569,n,1.66810053720005e+18,3.255629063,-348.9989318847656,16.738309860229492,5.47406386857665e+16,11.974919319152832,943885510123.3629
Be2C,mp-1569,n,2.1544346900318802e+18,3.255629063,-289.1180114746094,16.805023193359375,6.382975733602515e+16,12.059359550476074,1146461699212.9817
Be2C,mp-1569,n,2.78255940220712e+18,3.255629063,-259.3981018066406,16.871870040893555,7.44509152234686e+16,12.129761695861816,1348222888714.9084
Be2C,mp-1569,n,3.5938136638046203e+18,3.255629063,-250.7104949951172,16.958168029785156,9.08171836510788e+16,12.21807861328125,1652260853126.922
Be2C,mp-1569,n,4.641588833612769e+18,3.255629063,-249.79437255859375,17.047548294067383,1.1157022118772818e+17,12.331849098205566,2147084309525.3193
Be2C,mp-1569,n,5.994842503189401e+18,3.255629063,-246.26123046875,17.159591674804688,1.4440814018747824e+17,12.469132423400879,2945319572394.8955
Be2C,mp-1569,n,7.742636826811269e+18,3.255629063,-224.09413146972656,17.276859283447266,1.8917305762353613e+17,12.614375114440918,4115049980637.3213
Be2C,mp-1569,n,1e+19,3.255629063,-202.53887939453125,17.389970779418945,2.4545437613695933e+17,12.783202171325684,6070188412225.83
Be2C,mp-1569,n,1.291549665014884e+19,3.255629063,-178.2218017578125,17.492074966430664,3.105095532859773e+17,12.927408218383789,8460737449330.024
Be2C,mp-1569,n,1.668100537200058e+19,3.255629063,-145.8966827392578,17.59078025817871,3.8974473598150144e+17,13.077569961547852,11955561051845.941
Be2C,mp-1569,n,2.154434690031883e+19,3.255629063,-120.10431671142578,17.69911003112793,5.001612377938753e+17,13.225464820861816,16806017864770.867
Be2C,mp-1569,n,2.7825594022071243e+19,3.255629063,-96.71175384521484,17.804101943969727,6.369450164364028e+17,13.344727516174316,22117066114343.1
Be2C,mp-1569,n,3.593813663804627e+19,3.255629063,-61.09455108642578,17.91382598876953,8.200229152702515e+17,13.464957237243652,29171397640271.08
Be2C,mp-1569,n,4.641588833612778e+19,3.255629063,-65.72492218017578,18.05527687072754,1.1357346366628503e+18,13.533577919006348,34164724187618.523
Be2C,mp-1569,n,5.994842503189409e+19,3.255629063,-72.71857452392578,18.20421028137207,1.6003327073514783e+18,13.578669548034668,37902647634113.42
Be2C,mp-1569,n,7.74263682681127e+19,3.255629063,-76.08157348632812,18.3856258392334,2.4301094777074847e+18,13.635828971862793,43234353766383.98
Be2C,mp-1569,n,1e+20,3.255629063,-81.18667602539062,18.575511932373047,3.762806905522167e+18,13.666637420654297,46412762728977.086
Be2C,mp-1569,p,1e+16,3.255629063,846.0675048828125,14.84049129486084,692614046318107.2,9.929471015930176,8501019569.457413
Be2C,mp-1569,p,1.291549665014e+16,3.255629063,845.194091796875,14.84493350982666,699734858896714.2,9.933229446411133,8574907549.970702
Be2C,mp-1569,p,1.6681005372e+16,3.255629063,844.0657958984375,14.850678443908691,709052583751894.1,9.938088417053223,8671383965.77536
Be2C,mp-1569,p,2.154434690031e+16,3.255629063,842.609130859375,14.858098983764648,721271851678465.4,9.944363594055176,8797587481.227688
Be2C,mp-1569,p,2.782559402207e+16,3.255629063,840.727783203125,14.867682456970215,737364894003412.4,9.952466011047363,8963260345.283333
Be2C,mp-1569,p,3.593813663804e+16,3.255629063,838.2982177734375,14.880061149597168,758684391903204.8,9.96293830871582,9182021571.251257
Be2C,mp-1569,p,4.641588833612e+16,3.255629063,835.1597900390625,14.896041870117188,787121672050034.5,9.97645378112793,9472263725.758793
Be2C,mp-1569,p,5.994842503189e+16,3.255629063,831.1065673828125,14.916686058044434,825441040633143.6,9.993913650512695,9860834060.918486
Be2C,mp-1569,p,7.742636826811e+16,3.255629063,825.8002319335938,14.940598487854004,872164665455778.1,10.017247200012207,10405122559.057163
Be2C,mp-1569,p,1e+17,3.255629063,818.88720703125,14.972891807556152,939489233682370.4,10.04704475402832,11144093675.138447
Be2C,mp-1569,p,1.2915496650148002e+17,3.255629063,810.0913696289062,15.018105506896973,1042570679299724.2,10.084027290344238,12134651002.015818
Be2C,mp-1569,p,1.6681005372e+17,3.255629063,798.8363037109375,15.07556438446045,1190047741492433.8,10.132830619812012,13577837909.341072
Be2C,mp-1569,p,2.1544346900318e+17,3.255629063,784.162841796875,15.145709991455078,1398653033032305.8,10.1962251663208,15711771929.759056
Be2C,mp-1569,p,2.7825594022071e+17,3.255629063,765.411865234375,15.241394996643066,1743391790694503.2,10.277356147766113,18938960914.431995
Be2C,mp-1569,p,3.5938136638045997e+17,3.255629063,741.1943359375,15.364588737487793,2315201192601105.0,10.374497413635254,23686310257.74788
Be2C,mp-1569,p,4.6415888336127e+17,3.255629063,719.8740234375,15.521344184875488,3321575931322042.0,10.498055458068848,31481502975.3967
Be2C,mp-1569,p,5.9948425031894e+17,3.255629063,699.59130859375,15.67470645904541,4728315626477117.0,10.657628059387207,45459856385.23305
Be2C,mp-1569,p,7.7426368268112e+17,3.255629063,673.397216796875,15.851765632629395,7108298102441122.0,10.843457221984863,69736030349.48247
Be2C,mp-1569,p,1e+18,3.255629063,639.56640625,16.076366424560547,1.1922475113025382e+16,11.07496166229248,118839731604.25163
Be2C,mp-1569,p,1.29154966501488e+18,3.255629063,596.51513671875,16.326194763183594,2.119311345997238e+16,11.29485034942627,197174318950.2576
Be2C,mp-1569,p,1.66810053720005e+18,3.255629063,555.3262939453125,16.46858787536621,2.9416288442092584e+16,11.448229789733887,280691841488.11365
Be2C,mp-1569,p,2.1544346900318802e+18,3.255629063,523.8489990234375,16.53592300415039,3.434970440835681e+16,11.52692699432373,336455005935.39545
Be2C,mp-1569,p,2.78255940220712e+18,3.255629063,502.381103515625,16.605756759643555,4.0341938190073464e+16,11.58951473236084,388610680382.22406
Be2C,mp-1569,p,3.5938136638046203e+18,3.255629063,500.4726867675781,16.6959228515625,4.965041142069922e+16,11.668784141540527,466427493081.9016
Be2C,mp-1569,p,4.641588833612769e+18,3.255629063,498.0053405761719,16.792144775390625,6.196476049240163e+16,11.767495155334473,585457205359.9529
Be2C,mp-1569,p,5.994842503189401e+18,3.255629063,517.28759765625,16.900726318359375,7.956577885394907e+16,11.887747764587402,772231947529.0538
Be2C,mp-1569,p,7.742636826811269e+18,3.255629063,519.5342407226562,17.00860023498535,1.0200001484888942e+17,12.023786544799805,1056298212343.567
Be2C,mp-1569,p,1e+19,3.255629063,490.4510192871094,17.12017250061035,1.3187804506200266e+17,12.191900253295898,1555608305808.4158
Be2C,mp-1569,p,1.291549665014884e+19,3.255629063,434.3604431152344,17.229095458984375,1.69471026095295e+17,12.347566604614258,2226212436768.62
Be2C,mp-1569,p,1.668100537200058e+19,3.255629063,404.0351867675781,17.328767776489258,2.131904648213508e+17,12.519783020019531,3309657247716.4194
Be2C,mp-1569,p,2.154434690031883e+19,3.255629063,386.37506103515625,17.42573356628418,2.6652230850146854e+17,12.684624671936035,4837541145724.507
Be2C,mp-1569,p,2.7825594022071243e+19,3.255629063,367.5015869140625,17.532094955444336,3.404826257027894e+17,12.848570823669434,7056199054165.334
Be2C,mp-1569,p,3.593813663804627e+19,3.255629063,333.5173034667969,17.62392234802246,4.206514090678116e+17,12.967745780944824,9284227652034.441
Be2C,mp-1569,p,4.641588833612778e+19,3.255629063,320.24786376953125,17.72828483581543,5.349150730808994e+17,13.017441749572754,10409784753917.545
Be2C,mp-1569,p,5.994842503189409e+19,3.255629063,319.9144592285156,17.84870719909668,7.058415161678198e+17,13.027426719665527,10651891146638.334
Be2C,mp-1569,p,7.74263682681127e+19,3.255629063,305.9982604980469,17.99070167541504,9.788173873956115e+17,13.054980278015137,11349592742440.777
Be2C,mp-1569,p,1e+20,3.255629063,301.82769775390625,18.160907745361328,1.4484641320917678e+18,13.073909759521484,11855223871668.49
Ca2SnHg,mp-866229,n,1e+16,0.371006489,-111.85841369628906,16.884347915649414,7.662101762120792e+16,11.860926628112793,725983295816.0343
Ca2SnHg,mp-866229,n,1.291549665014e+16,0.371006489,-111.37627410888672,16.886213302612305,7.695082894966896e+16,11.86287784576416,729252364211.6443
Ca2SnHg,mp-866229,n,1.6681005372e+16,0.371006489,-110.75299835205078,16.888622283935547,7.737885230943394e+16,11.865399360656738,733498720586.2872
Ca2SnHg,mp-866229,n,2.154434690031e+16,0.371006489,-109.94781494140625,16.891735076904297,7.793545530015342e+16,11.86865520477295,739018320407.8951
Ca2SnHg,mp-866229,n,2.782559402207e+16,0.371006489,-108.9079818725586,16.8957576751709,7.866067614648062e+16,11.8728609085083,746209731548.2914
Ca2SnHg,mp-866229,n,3.593813663804e+16,0.371006489,-108.8400650024414,16.90727996826172,8.07755582682471e+16,11.880457878112793,759377767631.4181
Ca2SnHg,mp-866229,n,4.641588833612e+16,0.371006489,-106.463134765625,16.911882400512695,8.163612848106491e+16,11.892922401428223,781488157907.3981
Ca2SnHg,mp-866229,n,5.994842503189e+16,0.371006489,-104.8761978149414,16.922210693359375,8.360085005182944e+16,11.896648406982422,788221736334.8636
Ca2SnHg,mp-866229,n,7.742636826811e+16,0.371006489,-101.33551025390625,16.93208885192871,8.552416681329608e+16,11.913710594177246,819805059313.848
Ca2SnHg,mp-866229,n,1e+17,0.371006489,-98.24406433105469,16.947851181030273,8.868520638385754e+16,11.923379898071289,838262229411.5581
Ca2SnHg,mp-866229,n,1.2915496650148002e+17,0.371006489,-92.76677703857422,16.965133666992188,9.228554195426837e+16,11.948365211486816,887902362379.6267
Ca2SnHg,mp-866229,n,1.6681005372e+17,0.371006489,-87.15570068359375,16.990705490112305,9.788259850374549e+16,11.964759826660156,922061368166.6716
Ca2SnHg,mp-866229,n,2.1544346900318e+17,0.371006489,-78.42151641845703,17.020381927490234,1.0480498194430797e+17,11.99794864654541,995287721900.7792
Ca2SnHg,mp-866229,n,2.7825594022071e+17,0.371006489,-68.65987396240234,17.06206512451172,1.1536262365619549e+17,12.0258150100708,1061243418913.1698
Ca2SnHg,mp-866229,n,3.5938136638045997e+17,0.371006489,-54.49254608154297,17.103349685668945,1.268672966095777e+17,12.063652992248535,1157851845607.5479
Ca2SnHg,mp-866229,n,4.6415888336127e+17,0.371006489,-38.139739990234375,17.155305862426758,1.429900646203088e+17,12.097500801086426,1251701581880.3599
Ca2SnHg,mp-866229,n,5.9948425031894e+17,0.371006489,-30.16367530822754,17.218595504760742,1.654228522594078e+17,12.14947509765625,1410831337400.706
Ca2SnHg,mp-866229,n,7.7426368268112e+17,0.371006489,-21.86015510559082,17.297388076782227,1.9832984697010234e+17,12.20819091796875,1615068392720.3281
Ca2SnHg,mp-866229,n,1e+18,0.371006489,-19.525468826293945,17.33030128479004,2.139445780792507e+17,12.292431831359863,1960793377162.9163
Ca2SnHg,mp-866229,n,1.29154966501488e+18,0.371006489,-21.471643447875977,17.378355026245117,2.389764064507901e+17,12.37963581085205,2396822157305.3384
Ca2SnHg,mp-866229,n,1.66810053720005e+18,0.371006489,-23.323579788208008,17.434858322143555,2.7218132388349293e+17,12.447626113891602,2803019466619.509
Ca2SnHg,mp-866229,n,2.1544346900318802e+18,0.371006489,-28.63371467590332,17.511417388916016,3.246514813974167e+17,12.485163688659668,3056072751590.866
Ca2SnHg,mp-866229,n,2.78255940220712e+18,0.371006489,-43.74242401123047,17.588117599487305,3.873625218400519e+17,12.526148796081543,3358526629078.916
Ca2SnHg,mp-866229,n,3.5938136638046203e+18,0.371006489,-63.786895751953125,17.690526962280273,4.903734656756117e+17,12.578600883483887,3789665547291.4727
Ca2SnHg,mp-866229,n,4.641588833612769e+18,0.371006489,-85.52398681640625,17.8023681640625,6.344072888733102e+17,12.641251564025879,4377756121916.565
Ca2SnHg,mp-866229,n,5.994842503189401e+18,0.371006489,-119.5903091430664,17.917585372924805,8.271520928419476e+17,12.720610618591309,5255458591764.839
Ca2SnHg,mp-866229,n,7.742636826811269e+18,0.371006489,-167.15301513671875,18.013757705688477,1.0321853854929042e+18,12.819119453430176,6593552270733.193
Ca2SnHg,mp-866229,n,1e+19,0.371006489,-171.7125701904297,18.130056381225586,1.3491380197874458e+18,12.914010047912598,8203705243452.5625
Ca2SnHg,mp-866229,n,1.291549665014884e+19,0.371006489,-166.07493591308594,18.246885299682617,1.7655714588973724e+18,13.015556335449219,10364690435378.611
Ca2SnHg,mp-866229,n,1.668100537200058e+19,0.371006489,-159.03143310546875,18.318178176879883,2.0805500939641137e+18,13.132281303405762,13560674867967.643
Ca2SnHg,mp-866229,n,2.154434690031883e+19,0.371006489,-149.66702270507812,18.368900299072266,2.3383003737249853e+18,13.247870445251465,17695809943926.836
Ca2SnHg,mp-866229,n,2.7825594022071243e+19,0.371006489,-137.66781616210938,18.434127807617188,2.71723880172597e+18,13.357775688171387,22791645861055.53
Ca2SnHg,mp-866229,n,3.593813663804627e+19,0.371006489,-122.29334259033203,18.525705337524414,3.3550989842515374e+18,13.462102890014648,28980300874202.746
Ca2SnHg,mp-866229,n,4.641588833612778e+19,0.371006489,-101.38452911376953,18.64308738708496,4.3963006722971996e+18,13.539894104003906,34665231433823.363
Ca2SnHg,mp-866229,n,5.994842503189409e+19,0.371006489,-73.75875091552734,18.783140182495117,6.069322048402224e+18,13.640706062316895,43722608315397.61
Ca2SnHg,mp-866229,n,7.74263682681127e+19,0.371006489,-47.611106872558594,18.948637008666992,8.884582176817269e+18,13.746495246887207,55782149706017.07
Ca2SnHg,mp-866229,n,1e+20,0.371006489,-62.360042572021484,19.129270553588867,1.3466990494765201e+19,13.801867485046387,63367633002534.43
Ca2SnHg,mp-866229,p,1e+16,0.371006489,87.00145721435547,16.75486183166504,5.6867198228422696e+16,12.07018756866455,1175405094340.4805
Ca2SnHg,mp-866229,p,1.291549665014e+16,0.371006489,86.20359802246094,16.753768920898438,5.6724270699933864e+16,12.070953369140625,1177479538963.3591
Ca2SnHg,mp-866229,p,1.6681005372e+16,0.371006489,86.0228042602539,16.758642196655273,5.736436581493777e+16,12.073548316955566,1184536143934.311
Ca2SnHg,mp-866229,p,2.154434690031e+16,0.371006489,84.9369125366211,16.75960350036621,5.749148152996085e+16,12.074846267700195,1188081593848.5962
Ca2SnHg,mp-866229,p,2.782559402207e+16,0.371006489,84.3896484375,16.76575469970703,5.831156530605055e+16,12.078812599182129,1198981823263.618
Ca2SnHg,mp-866229,p,3.593813663804e+16,0.371006489,82.82391357421875,16.768705368041992,5.870909260145293e+16,12.081599235534668,1206699785502.359
Ca2SnHg,mp-866229,p,4.641588833612e+16,0.371006489,81.61751556396484,16.77766227722168,5.9932483876595304e+16,12.087409973144531,1222953581226.8586
Ca2SnHg,mp-866229,p,5.994842503189e+16,0.371006489,79.19532775878906,16.783994674682617,6.08127544375227e+16,12.091375350952148,1234171038682.44
Ca2SnHg,mp-866229,p,7.742636826811e+16,0.371006489,76.91529083251953,16.79741096496582,6.27207098609607e+16,12.099961280822754,1258813178308.909
Ca2SnHg,mp-866229,p,1e+17,0.371006489,73.11174774169922,16.809492111206055,6.448996054058668e+16,12.106128692626953,1276817106512.92
Ca2SnHg,mp-866229,p,1.2915496650148002e+17,0.371006489,69.52845001220703,16.830347061157227,6.7662347482333256e+16,12.118987083435059,1315185716027.8823
Ca2SnHg,mp-866229,p,1.6681005372e+17,0.371006489,64.13785552978516,16.852035522460938,7.11271688667186e+16,12.130738258361816,1351257938369.3052
Ca2SnHg,mp-866229,p,2.1544346900318e+17,0.371006489,58.05881118774414,16.885299682617188,7.678911858473443e+16,12.150729179382324,1414911183845.6216
Ca2SnHg,mp-866229,p,2.7825594022071e+17,0.371006489,53.113975524902344,16.922996520996094,8.375225729558134e+16,12.171788215637207,1485211200169.3376
Ca2SnHg,mp-866229,p,3.5938136638045997e+17,0.371006489,48.22141647338867,16.967844009399414,9.286327790339456e+16,12.2036771774292,1598369476636.7334
Ca2SnHg,mp-866229,p,4.6415888336127e+17,0.371006489,41.194175720214844,17.015817642211914,1.0370928549759298e+17,12.240267753601074,1738872557528.1628
Ca2SnHg,mp-866229,p,5.9948425031894e+17,0.371006489,36.50541687011719,17.082443237304688,1.2090471490217192e+17,12.290204048156738,1950760926566.6204
Ca2SnHg,mp-866229,p,7.7426368268112e+17,0.371006489,34.35527801513672,17.162504196166992,1.4537984321861418e+17,12.343789100646973,2206932755961.186
Ca2SnHg,mp-866229,p,1e+18,0.371006489,31.74004554748535,17.204795837402344,1.6024918793473085e+17,12.40227222442627,2525063036306.2886
Ca2SnHg,mp-866229,p,1.29154966501488e+18,0.371006489,28.19026756286621,17.245195388793945,1.7587146805415597e+17,12.464404106140137,2913426768124.008
Ca2SnHg,mp-866229,p,1.66810053720005e+18,0.371006489,23.79038429260254,17.301578521728516,2.0025276517900298e+17,12.528727531433105,3378528069111.2275
Ca2SnHg,mp-866229,p,2.1544346900318802e+18,0.371006489,46.098655700683594,17.368623733520508,2.3368117813264246e+17,12.553650856018066,3578086669884.83
Ca2SnHg,mp-866229,p,2.78255940220712e+18,0.371006489,85.88924407958984,17.45073890686035,2.8231821980584083e+17,12.599181175231934,3973572809863.6157
Ca2SnHg,mp-866229,p,3.5938136638046203e+18,0.371006489,134.19259643554688,17.549741744995117,3.546024607092373e+17,12.644404411315918,4409652955021.317
Ca2SnHg,mp-866229,p,4.641588833612769e+18,0.371006489,155.1956024169922,17.663082122802734,4.603436139082764e+17,12.716191291809082,5202250873671.083
Ca2SnHg,mp-866229,p,5.994842503189401e+18,0.371006489,183.61874389648438,17.77397346496582,5.94255848964737e+17,12.795101165771484,6238801469437.677
Ca2SnHg,mp-866229,p,7.742636826811269e+18,0.371006489,206.13052368164062,17.876867294311523,7.531253989491017e+17,12.895800590515137,7866844948215.597
Ca2SnHg,mp-866229,p,1e+19,0.371006489,228.81475830078125,17.988595962524414,9.740829967594853e+17,12.983023643493652,9616646310928.107
Ca2SnHg,mp-866229,p,1.291549665014884e+19,0.371006489,231.94248962402344,18.119205474853516,1.3158472429776353e+18,13.065271377563477,11621745949552.293
Ca2SnHg,mp-866229,p,1.668100537200058e+19,0.371006489,206.37661743164062,18.228500366210938,1.6923896715126825e+18,13.148969650268555,14091903167605.14
Ca2SnHg,mp-866229,p,2.154434690031883e+19,0.371006489,173.71441650390625,18.286855697631836,1.9357786588414108e+18,13.240927696228027,17415169117888.496
Ca2SnHg,mp-866229,p,2.7825594022071243e+19,0.371006489,171.00624084472656,18.352874755859375,2.2535892164499302e+18,13.35010051727295,22392393495903.426
Ca2SnHg,mp-866229,p,3.593813663804627e+19,0.371006489,168.5171661376953,18.437807083129883,2.740356614537446e+18,13.469304084777832,29464839840328.62
Ca2SnHg,mp-866229,p,4.641588833612778e+19,0.371006489,158.61476135253906,18.5372257232666,3.445289521356098e+18,13.561127662658691,36402202618111.92
Ca2SnHg,mp-866229,p,5.994842503189409e+19,0.371006489,144.54803466796875,18.677724838256836,4.761292236813835e+18,13.65667724609375,45360438694031.21
Ca2SnHg,mp-866229,p,7.74263682681127e+19,0.371006489,131.9706268310547,18.838279724121094,6.890959923061946e+18,13.794005393981934,62230801425041.78
Ca2SnHg,mp-866229,p,1e+20,0.371006489,117.31645965576172,19.047285079956055,1.1150262198853566e+19,13.90697956085205,80719704033955.6
Ca3SbN,mp-1013548,n,1e+16,0.425917745,-554.1182861328125,15.684292793273926,4833845811174396.0,10.238799095153809,17330021246.38779
Ca3SbN,mp-1013548,n,1.291549665014e+16,0.425917745,-553.37060546875,15.691620826721191,4916101339019391.0,10.244014739990234,17539400296.996185
Ca3SbN,mp-1013548,n,1.6681005372e+16,0.425917745,-551.975830078125,15.697078704833984,4978272953457778.0,10.248530387878418,17722720478.69774
Ca3SbN,mp-1013548,n,2.154434690031e+16,0.425917745,-550.3785400390625,15.706225395202637,5084232415085986.0,10.255583763122559,18012905189.363487
Ca3SbN,mp-1013548,n,2.782559402207e+16,0.425917745,-548.3067016601562,15.715348243713379,5192162111682773.0,10.264970779418945,18406481532.041634
Ca3SbN,mp-1013548,n,3.593813663804e+16,0.425917745,-545.50927734375,15.727335929870605,5337475934143577.0,10.27646541595459,18900157181.254032
Ca3SbN,mp-1013548,n,4.641588833612e+16,0.425917745,-541.896240234375,15.743033409118652,5533926786042949.0,10.291398048400879,19561315077.926632
Ca3SbN,mp-1013548,n,5.994842503189e+16,0.425917745,-537.2298583984375,15.763298988342285,5798277391970793.0,10.310690879821777,20449885458.072487
Ca3SbN,mp-1013548,n,7.742636826811e+16,0.425917745,-531.2032470703125,15.789475440979004,6158507022441497.0,10.335602760314941,21657222596.938896
Ca3SbN,mp-1013548,n,1e+17,0.425917745,-523.4183349609375,15.823285102844238,6657100338219891.0,10.367780685424805,23322799856.776222
Ca3SbN,mp-1013548,n,1.2915496650148002e+17,0.425917745,-513.6860961914062,15.866951942443848,7361256358185206.0,10.409342765808105,25665088479.12296
Ca3SbN,mp-1013548,n,1.6681005372e+17,0.425917745,-502.7641906738281,15.923341751098633,8381886024986360.0,10.463019371032715,29041521867.85874
Ca3SbN,mp-1013548,n,2.1544346900318e+17,0.425917745,-488.6583557128906,15.996138572692871,9911481454518930.0,10.532313346862793,34065388549.528877
Ca3SbN,mp-1013548,n,2.7825594022071e+17,0.425917745,-470.4394836425781,16.09031867980957,1.2311718578055228e+16,10.621813774108887,41861402453.11551
Ca3SbN,mp-1013548,n,3.5938136638045997e+17,0.425917745,-446.8058166503906,16.209596633911133,1.6203044841875676e+16,10.738900184631348,54815096705.26914
Ca3SbN,mp-1013548,n,4.6415888336127e+17,0.425917745,-415.9606628417969,16.362192153930664,2.302460317428694e+16,10.88695240020752,77081898069.11542
Ca3SbN,mp-1013548,n,5.9948425031894e+17,0.425917745,-375.9790344238281,16.523405075073242,3.3373755126863104e+16,11.072604179382324,118196381025.63914
Ca3SbN,mp-1013548,n,7.7426368268112e+17,0.425917745,-331.80572509765625,16.642175674438477,4.387081216674546e+16,11.290543556213379,195228652272.56985
Ca3SbN,mp-1013548,n,1e+18,0.425917745,-321.1827087402344,16.732221603393555,5.397859838141902e+16,11.50722599029541,321533324026.44934
Ca3SbN,mp-1013548,n,1.29154966501488e+18,0.425917745,-312.9523010253906,16.839475631713867,6.909961564866326e+16,11.682246208190918,481112020921.8987
Ca3SbN,mp-1013548,n,1.66810053720005e+18,0.425917745,-305.0655517578125,16.912328720092773,8.172006814148075e+16,11.800264358520508,631341530172.7858
Ca3SbN,mp-1013548,n,2.1544346900318802e+18,0.425917745,-293.1864929199219,17.00642204284668,1.0148971731549603e+17,11.864922523498535,732693811660.0255
Ca3SbN,mp-1013548,n,2.78255940220712e+18,0.425917745,-278.1000671386719,17.127931594848633,1.3425534806542814e+17,11.948419570922852,888013505611.8418
Ca3SbN,mp-1013548,n,3.5938136638046203e+18,0.425917745,-258.8403015136719,17.27754020690918,1.894698917140192e+17,12.056242942810059,1138263848566.221
Ca3SbN,mp-1013548,n,4.641588833612769e+18,0.425917745,-227.99386596679688,17.3967342376709,2.4930686506860797e+17,12.173680305480957,1491695932392.2742
Ca3SbN,mp-1013548,n,5.994842503189401e+18,0.425917745,-208.00509643554688,17.518274307250977,3.298179646360641e+17,12.314711570739746,2064008924257.3823
Ca3SbN,mp-1013548,n,7.742636826811269e+18,0.425917745,-201.39024353027344,17.63495445251465,4.314738227915573e+17,12.483376502990723,3043522403706.532
Ca3SbN,mp-1013548,n,1e+19,0.425917745,-189.73446655273438,17.73537254333496,5.4371653847268666e+17,12.657509803771973,4544747964164.925
Ca3SbN,mp-1013548,n,1.291549665014884e+19,0.425917745,-176.7539520263672,17.80042839050293,6.315800313897664e+17,12.85037612915039,7085591801302.5625
Ca3SbN,mp-1013548,n,1.668100537200058e+19,0.425917745,-163.02154541015625,17.872095108032227,7.44895083850453e+17,13.049201011657715,11199561312389.906
Ca3SbN,mp-1013548,n,2.154434690031883e+19,0.425917745,-151.30068969726562,17.945905685424805,8.828881451323338e+17,13.214394569396973,16383042934464.46
Ca3SbN,mp-1013548,n,2.7825594022071243e+19,0.425917745,-144.56163024902344,18.009946823120117,1.0231677035665215e+18,13.348845481872559,22327776789843.586
Ca3SbN,mp-1013548,n,3.593813663804627e+19,0.425917745,-135.46975708007812,18.084714889526367,1.2153878473477837e+18,13.477559089660645,30030259816936.62
Ca3SbN,mp-1013548,n,4.641588833612778e+19,0.425917745,-123.26782989501953,18.184478759765625,1.5292509528298202e+18,13.533806800842285,34182734422721.86
Ca3SbN,mp-1013548,n,5.994842503189409e+19,0.425917745,-91.69585418701172,18.307287216186523,2.0290241501438582e+18,13.593937873840332,39258877125685.11
Ca3SbN,mp-1013548,n,7.74263682681127e+19,0.425917745,-64.09048461914062,18.47266960144043,2.9694061347404503e+18,13.641493797302246,43801985522125.86
Ca3SbN,mp-1013548,n,1e+20,0.425917745,-76.5835952758789,18.65056037902832,4.4726032910864855e+18,13.636452674865723,43296488491939.516
Ca3SbN,mp-1013548,p,1e+16,0.425917745,685.3358154296875,15.238590240478516,1732168914468702.8,9.821154594421387,6624522727.587001
Ca3SbN,mp-1013548,p,1.291549665014e+16,0.425917745,684.5803833007812,15.243063926696777,1750104279168830.2,9.825234413146973,6687047577.278645
Ca3SbN,mp-1013548,p,1.6681005372e+16,0.425917745,683.604736328125,15.248842239379883,1773545110737707.2,9.830506324768066,6768716503.441542
Ca3SbN,mp-1013548,p,2.154434690031e+16,0.425917745,682.3447875976562,15.256308555603027,1804299196015377.0,9.83731746673584,6875708666.537555
Ca3SbN,mp-1013548,p,2.782559402207e+16,0.425917745,680.7162475585938,15.266022682189941,1845111782556820.5,9.84614086151123,7016828492.713544
Ca3SbN,mp-1013548,p,3.593813663804e+16,0.425917745,678.614013671875,15.278534889221191,1899043396385572.5,9.857565879821777,7203870212.638951
Ca3SbN,mp-1013548,p,4.641588833612e+16,0.425917745,675.899658203125,15.294455528259277,1969951473921785.5,9.872359275817871,7453483181.233218
Ca3SbN,mp-1013548,p,5.994842503189e+16,0.425917745,672.4564819335938,15.31417465209961,2061458764962487.5,9.892203330993652,7801953022.591975
Ca3SbN,mp-1013548,p,7.742636826811e+16,0.425917745,668.2183837890625,15.329146385192871,2133764007755123.5,9.92458438873291,8405903282.200464
Ca3SbN,mp-1013548,p,1e+17,0.425917745,662.3506469726562,15.362988471984863,2306685958691403.5,9.957503318786621,9067828940.00611
Ca3SbN,mp-1013548,p,1.2915496650148002e+17,0.425917745,654.7667846679688,15.407721519470215,2556945783266074.5,9.998322486877441,9961448335.989676
Ca3SbN,mp-1013548,p,1.6681005372e+17,0.425917745,644.9716186523438,15.465495109558105,2920754870398506.0,10.051045417785645,11247225894.11379
Ca3SbN,mp-1013548,p,2.1544346900318e+17,0.425917745,632.320068359375,15.540118217468262,3468312470744863.5,10.119139671325684,13156478832.463211
Ca3SbN,mp-1013548,p,2.7825594022071e+17,0.425917745,615.8004150390625,15.636487007141113,4329991134390901.5,10.207091331481934,16109843871.718592
Ca3SbN,mp-1013548,p,3.5938136638045997e+17,0.425917745,594.19189453125,15.759045600891113,5741767475618032.0,10.320679664611816,20925684090.863693
Ca3SbN,mp-1013548,p,4.6415888336127e+17,0.425917745,566.004638671875,15.914870262145996,8219970560721436.0,10.467391014099121,29335332434.32412
Ca3SbN,mp-1013548,p,5.9948425031894e+17,0.425917745,529.5994873046875,16.11612892150879,1.3065586861011114e+16,10.656877517700195,45381361140.04391
Ca3SbN,mp-1013548,p,7.7426368268112e+17,0.425917745,482.58087158203125,16.335285186767578,2.1641391755751456e+16,10.881041526794434,76039898203.75327
Ca3SbN,mp-1013548,p,1e+18,0.425917745,444.2449035644531,16.51020622253418,3.237473502253392e+16,11.10324764251709,126837490985.59824
Ca3SbN,mp-1013548,p,1.29154966501488e+18,0.425917745,405.3726501464844,16.621686935424805,4.18491783283833e+16,11.281760215759277,191319931083.1225
Ca3SbN,mp-1013548,p,1.66810053720005e+18,0.425917745,358.7100524902344,16.697603225708008,4.984289114548894e+16,11.374737739562988,236994211998.13504
Ca3SbN,mp-1013548,p,2.1544346900318802e+18,0.425917745,308.9867858886719,16.79496192932129,6.236801606736359e+16,11.438345909118652,274375866496.87582
Ca3SbN,mp-1013548,p,2.78255940220712e+18,0.425917745,262.1706237792969,16.916505813598633,8.250985304259178e+16,11.522114753723145,332747463612.1573
Ca3SbN,mp-1013548,p,3.5938136638046203e+18,0.425917745,248.8045196533203,17.06175422668457,1.1528006871728622e+17,11.629714965820312,426299639925.8713
Ca3SbN,mp-1013548,p,4.641588833612769e+18,0.425917745,288.26385498046875,17.176382064819336,1.501004743877751e+17,11.762565612792969,578849433759.5479
Ca3SbN,mp-1013548,p,5.994842503189401e+18,0.425917745,355.0968933105469,17.2835750579834,1.9212109709458723e+17,11.905495643615723,804443679180.96
Ca3SbN,mp-1013548,p,7.742636826811269e+18,0.425917745,379.2498474121094,17.403600692749023,2.532798805788528e+17,12.069581985473633,1173767243631.7832
Ca3SbN,mp-1013548,p,1e+19,0.425917745,398.584228515625,17.51569938659668,3.278682680887052e+17,12.251296997070312,1783598083695.991
Ca3SbN,mp-1013548,p,1.291549665014884e+19,0.425917745,413.2137145996094,17.619497299194336,4.1638713157430266e+17,12.453615188598633,2841941857674.128
Ca3SbN,mp-1013548,p,1.668100537200058e+19,0.425917745,397.7657775878906,17.716882705688477,5.210539657751927e+17,12.663999557495117,4613171045217.679
Ca3SbN,mp-1013548,p,2.154434690031883e+19,0.425917745,341.2627258300781,17.774873733520508,5.954889862993952e+17,12.859569549560547,7237182919843.986
Ca3SbN,mp-1013548,p,2.7825594022071243e+19,0.425917745,305.3058166503906,17.847352981567383,7.036439883262049e+17,12.990950584411621,9793785418551.186
Ca3SbN,mp-1013548,p,3.593813663804627e+19,0.425917745,295.01678466796875,17.92560386657715,8.425658767739877e+17,13.073643684387207,11847962867142.924
Ca3SbN,mp-1013548,p,4.641588833612778e+19,0.425917745,291.3381652832031,18.01656150817871,1.0388707249953125e+18,13.14215087890625,13872376875195.668
Ca3SbN,mp-1013548,p,5.994842503189409e+19,0.425917745,293.7477111816406,18.139741897583008,1.379564142124628e+18,13.223978996276855,16748618729577.203
Ca3SbN,mp-1013548,p,7.74263682681127e+19,0.425917745,269.8048400878906,18.308917999267578,2.0366574926357235e+18,13.31386947631836,20600107007287.176
Ca3SbN,mp-1013548,p,1e+20,0.425917745,234.78550720214844,18.490415573120117,3.093253928202842e+18,13.335284233093262,21641344233119.49
Ca3SbP,mp-1013550,n,1e+16,0.723543167,-638.634033203125,15.902593612670898,7990861670397338.0,11.16310977935791,145582703266.49658
Ca3SbP,mp-1013550,n,1.291549665014e+16,0.723543167,-637.8466796875,15.907214164733887,8076332022642343.0,11.167704582214355,147131133981.15585
Ca3SbP,mp-1013550,n,1.6681005372e+16,0.723543167,-636.8673095703125,15.913643836975098,8196790533700994.0,11.17332649230957,149048116508.33368
Ca3SbP,mp-1013550,n,2.154434690031e+16,0.723543167,-635.78662109375,15.917986869812012,8279171326047020.0,11.179378509521484,151139683879.4097
Ca3SbP,mp-1013550,n,2.782559402207e+16,0.723543167,-634.1036376953125,15.927836418151855,8469083566016947.0,11.187851905822754,154117482357.56787
Ca3SbP,mp-1013550,n,3.593813663804e+16,0.723543167,-631.9041748046875,15.941329002380371,8736329436241341.0,11.199520111083984,158314287636.95792
Ca3SbP,mp-1013550,n,4.641588833612e+16,0.723543167,-629.0631713867188,15.958752632141113,9093951467580522.0,11.214584350585938,163902036812.2635
Ca3SbP,mp-1013550,n,5.994842503189e+16,0.723543167,-625.39453125,15.981263160705566,9577742587280786.0,11.234040260314941,171411620351.66046
Ca3SbP,mp-1013550,n,7.742636826811e+16,0.723543167,-620.6561889648438,16.010330200195312,1.0240713121636982e+16,11.259172439575195,181623666873.46753
Ca3SbP,mp-1013550,n,1e+17,0.723543167,-614.536376953125,16.04786491394043,1.1165159046765486e+16,11.29162883758545,195717129528.62637
Ca3SbP,mp-1013550,n,1.2915496650148002e+17,0.723543167,-606.60546875,16.096357345581055,1.2484103069839104e+16,11.33354663848877,215549310757.875
Ca3SbP,mp-1013550,n,1.6681005372e+17,0.723543167,-596.2005615234375,16.158979415893555,1.442047001698487e+16,11.387696266174316,244172228081.79517
Ca3SbP,mp-1013550,n,2.1544346900318e+17,0.723543167,-582.7515869140625,16.23662757873535,1.7243585657462868e+16,11.455423355102539,285379882693.4628
Ca3SbP,mp-1013550,n,2.7825594022071e+17,0.723543167,-565.38134765625,16.325063705444336,2.1137990843790344e+16,11.533552169799805,341626986300.81555
Ca3SbP,mp-1013550,n,3.5938136638045997e+17,0.723543167,-553.6362915039062,16.422096252441406,2.64299445778832e+16,11.634452819824219,430975735822.4898
Ca3SbP,mp-1013550,n,4.6415888336127e+17,0.723543167,-542.552734375,16.542251586914062,3.4853916539976052e+16,11.751130104064941,563806533254.7605
Ca3SbP,mp-1013550,n,5.9948425031894e+17,0.723543167,-527.9757080078125,16.61757469177246,4.145478735760063e+16,11.864555358886719,732074633742.6973
Ca3SbP,mp-1013550,n,7.7426368268112e+17,0.723543167,-510.2557678222656,16.691438674926758,4.914039860106672e+16,11.96164608001709,915474137908.7146
Ca3SbP,mp-1013550,n,1e+18,0.723543167,-499.0775451660156,16.788301467895508,6.14188199330848e+16,12.028433799743652,1067662034570.7167
Ca3SbP,mp-1013550,n,1.29154966501488e+18,0.723543167,-484.14910888671875,16.912153244018555,8.16870559326724e+16,12.07243824005127,1181512280645.656
Ca3SbP,mp-1013550,n,1.66810053720005e+18,0.723543167,-465.1299133300781,17.017698287963867,1.0415935645619312e+17,12.118575096130371,1313938675326.7131
Ca3SbP,mp-1013550,n,2.1544346900318802e+18,0.723543167,-440.48553466796875,17.1440372467041,1.3932762903590122e+17,12.178143501281738,1507104967442.3438
Ca3SbP,mp-1013550,n,2.78255940220712e+18,0.723543167,-415.4972839355469,17.266176223754883,1.845764223349489e+17,12.248942375183105,1773954086323.1196
Ca3SbP,mp-1013550,n,3.5938136638046203e+18,0.723543167,-404.4781799316406,17.399837493896484,2.5109466992942464e+17,12.333909034729004,2157292505528.2559
Ca3SbP,mp-1013550,n,4.641588833612769e+18,0.723543167,-389.1521911621094,17.54488754272461,3.506610611625685e+17,12.434796333312988,2721424769752.159
Ca3SbP,mp-1013550,n,5.994842503189401e+18,0.723543167,-357.5018615722656,17.65153694152832,4.4826717843500915e+17,12.565024375915527,3673029157579.147
Ca3SbP,mp-1013550,n,7.742636826811269e+18,0.723543167,-327.0090637207031,17.739152908325195,5.484700386907735e+17,12.724043846130371,5297169211190.841
Ca3SbP,mp-1013550,n,1e+19,0.723543167,-279.41802978515625,17.836122512817383,6.856816273451263e+17,12.887740135192871,7722183815946.643
Ca3SbP,mp-1013550,n,1.291549665014884e+19,0.723543167,-219.40049743652344,17.901273727416992,7.966613124379169e+17,13.040753364562988,10983818922129.547
Ca3SbP,mp-1013550,n,1.668100537200058e+19,0.723543167,-170.2115478515625,17.967668533325195,9.282576420583538e+17,13.2225923538208,16695227977134.965
Ca3SbP,mp-1013550,n,2.154434690031883e+19,0.723543167,-147.13304138183594,18.016836166381836,1.039527939451534e+18,13.406342506408691,25488396028811.4
Ca3SbP,mp-1013550,n,2.7825594022071243e+19,0.723543167,-139.82412719726562,18.092493057250977,1.2373514091430287e+18,13.537497520446777,34474463828859.89
Ca3SbP,mp-1013550,n,3.593813663804627e+19,0.723543167,-131.48858642578125,18.180387496948242,1.514912318085842e+18,13.63452434539795,43104672066480.14
Ca3SbP,mp-1013550,n,4.641588833612778e+19,0.723543167,-115.4963607788086,18.275087356567383,1.8840280159458604e+18,13.700684547424316,50197784225263.414
Ca3SbP,mp-1013550,n,5.994842503189409e+19,0.723543167,-101.41903686523438,18.379671096801758,2.3970169043847854e+18,13.762913703918457,57931357302420.2
Ca3SbP,mp-1013550,n,7.74263682681127e+19,0.723543167,-84.77571105957031,18.52436065673828,3.344726851689291e+18,13.84079360961914,69309634658099.82
Ca3SbP,mp-1013550,n,1e+20,0.723543167,-84.08045196533203,18.72605323791504,5.321734916652287e+18,13.941221237182617,87341618851660.9
Ca3SbP,mp-1013550,p,1e+16,0.723543167,750.72412109375,15.793025970458984,6209061628065901.0,10.890027046203613,77629545984.3236
Ca3SbP,mp-1013550,p,1.291549665014e+16,0.723543167,749.93017578125,15.797831535339355,6278147795736154.0,10.89400577545166,78344006125.02246
Ca3SbP,mp-1013550,p,1.6681005372e+16,0.723543167,748.9048461914062,15.804041862487793,6368569058222388.0,10.899145126342773,79276620153.76518
Ca3SbP,mp-1013550,p,2.154434690031e+16,0.723543167,747.58203125,15.812056541442871,6487188857247434.0,10.905781745910645,80497380106.49811
Ca3SbP,mp-1013550,p,2.782559402207e+16,0.723543167,745.8714599609375,15.82241153717041,6643723310028932.0,10.91435432434082,82102111103.64279
Ca3SbP,mp-1013550,p,3.593813663804e+16,0.723543167,743.6638793945312,15.835793495178223,6851623577609404.0,10.925423622131348,84221626075.19469
Ca3SbP,mp-1013550,p,4.641588833612e+16,0.723543167,740.8114013671875,15.853069305419922,7129667974500650.0,10.939723014831543,87040828222.69801
Ca3SbP,mp-1013550,p,5.994842503189e+16,0.723543167,737.1278076171875,15.875388145446777,7505647178078652.0,10.95819091796875,90821970023.53964
Ca3SbP,mp-1013550,p,7.742636826811e+16,0.723543167,732.3701782226562,15.904208183288574,8020624476950280.0,10.982041358947754,95949200198.39235
Ca3SbP,mp-1013550,p,1e+17,0.723543167,726.2257080078125,15.94143009185791,8738363203206742.0,11.012846946716309,103002305758.8734
Ca3SbP,mp-1013550,p,1.2915496650148002e+17,0.723543167,718.1897583007812,15.991930961608887,9815918901242518.0,11.0470552444458,111443628648.51685
Ca3SbP,mp-1013550,p,1.6681005372e+17,0.723543167,707.7894287109375,16.05600929260254,1.1376516279040824e+16,11.08900260925293,122744660566.8479
Ca3SbP,mp-1013550,p,2.1544346900318e+17,0.723543167,694.5284423828125,16.1359920501709,1.3677037893327684e+16,11.146090507507324,139987902869.7071
Ca3SbP,mp-1013550,p,2.7825594022071e+17,0.723543167,677.48193359375,16.239402770996094,1.7354126985579842e+16,11.224011421203613,167498692474.4458
Ca3SbP,mp-1013550,p,3.5938136638045997e+17,0.723543167,655.390625,16.363513946533203,2.309478622198947e+16,11.318207740783691,208069172891.2351
Ca3SbP,mp-1013550,p,4.6415888336127e+17,0.723543167,641.2206420898438,16.48829460144043,3.0781841771768584e+16,11.448105812072754,280611724072.7758
Ca3SbP,mp-1013550,p,5.9948425031894e+17,0.723543167,623.464599609375,16.582441329956055,3.823325997997292e+16,11.58435344696045,384019649556.61755
Ca3SbP,mp-1013550,p,7.7426368268112e+17,0.723543167,601.256591796875,16.656692504882812,4.536203244563052e+16,11.695783615112305,496344958628.1654
Ca3SbP,mp-1013550,p,1e+18,0.723543167,575.1849365234375,16.752586364746094,5.657002422859204e+16,11.756768226623535,571173732508.3556
Ca3SbP,mp-1013550,p,1.29154966501488e+18,0.723543167,543.2611083984375,16.876440048217773,7.523848607285229e+16,11.804373741149902,637343764406.3751
Ca3SbP,mp-1013550,p,1.66810053720005e+18,0.723543167,505.5137023925781,16.982431411743164,9.603541373946746e+16,11.85107135772705,709694366305.712
Ca3SbP,mp-1013550,p,2.1544346900318802e+18,0.723543167,464.7626647949219,17.107572555541992,1.2810690988648026e+17,11.911376953125,815411727140.1368
Ca3SbP,mp-1013550,p,2.78255940220712e+18,0.723543167,424.6612854003906,17.22623634338379,1.6835900227713635e+17,11.98263168334961,960797099547.846
Ca3SbP,mp-1013550,p,3.5938136638046203e+18,0.723543167,393.4414367675781,17.36409568786621,2.312574262272955e+17,12.061797142028809,1152914608221.4363
Ca3SbP,mp-1013550,p,4.641588833612769e+18,0.723543167,374.05035400390625,17.51964569091797,3.308610860019322e+17,12.158904075622559,1441796860853.25
Ca3SbP,mp-1013550,p,5.994842503189401e+18,0.723543167,386.3553771972656,17.654756546020508,4.5160271688781805e+17,12.284189224243164,1923929812006.229
Ca3SbP,mp-1013550,p,7.742636826811269e+18,0.723543167,432.34197998046875,17.770231246948242,5.891572779386124e+17,12.434760093688965,2721197690431.833
Ca3SbP,mp-1013550,p,1e+19,0.723543167,431.9111633300781,17.887845993041992,7.724066302225578e+17,12.579106330871582,3794078662616.3257
Ca3SbP,mp-1013550,p,1.291549665014884e+19,0.723543167,387.6468811035156,17.957717895507812,9.072310290427347e+17,12.716132164001465,5201542652030.285
Ca3SbP,mp-1013550,p,1.668100537200058e+19,0.723543167,317.7757873535156,17.99265480041504,9.832292738992049e+17,12.857653617858887,7205325716468.178
Ca3SbP,mp-1013550,p,2.154434690031883e+19,0.723543167,281.8248596191406,18.046892166137695,1.1140178923447324e+18,13.02482795715332,10588341920203.97
Ca3SbP,mp-1013550,p,2.7825594022071243e+19,0.723543167,263.61419677734375,18.116504669189453,1.307689598084937e+18,13.17923641204834,15109024034518.652
Ca3SbP,mp-1013550,p,3.593813663804627e+19,0.723543167,240.27719116210938,18.199018478393555,1.581315319759563e+18,13.30661678314209,20258943028895.23
Ca3SbP,mp-1013550,p,4.641588833612778e+19,0.723543167,212.67730712890625,18.297231674194336,1.9825843524881597e+18,13.358620643615723,22836032037138.445
Ca3SbP,mp-1013550,p,5.994842503189409e+19,0.723543167,184.28660583496094,18.41128158569336,2.577992120931189e+18,13.436224937438965,27303915890945.55
Ca3SbP,mp-1013550,p,7.74263682681127e+19,0.723543167,154.2396697998047,18.556673049926758,3.6030729062425503e+18,13.530386924743652,33914617611537.7
Ca3SbP,mp-1013550,p,1e+20,0.723543167,112.2170639038086,18.73143768310547,5.388125256424661e+18,13.628716468811035,42532064989343.38
CaTe,mp-1519,n,1e+16,2.202202082,-745.3297729492188,15.558663368225098,3619623242185394.0,10.491122245788574,30982912876.40366
CaTe,mp-1519,n,1.291549665014e+16,2.202202082,-744.92333984375,15.563261985778809,3658154012123365.5,10.495200157165527,31275204432.167694
CaTe,mp-1519,n,1.6681005372e+16,2.202202082,-744.3988037109375,15.569204330444336,3708551637344052.5,10.500465393066406,31656681958.151165
CaTe,mp-1519,n,2.154434690031e+16,2.202202082,-743.7212524414062,15.576882362365723,3774699315458644.5,10.507271766662598,32156721670.490883
CaTe,mp-1519,n,2.782559402207e+16,2.202202082,-742.5250244140625,15.586792945861816,3861828167257775.5,10.516061782836914,32814197134.817406
CaTe,mp-1519,n,3.593813663804e+16,2.202202082,-740.9678344726562,15.599595069885254,3977361539751116.5,10.527413368225098,33683201878.770363
CaTe,mp-1519,n,4.641588833612e+16,2.202202082,-738.9559936523438,15.61612606048584,4131674126235599.5,10.542075157165527,34839760203.4284
CaTe,mp-1519,n,5.994842503189e+16,2.202202082,-736.1328735351562,15.645556449890137,4421365823525019.0,10.561474800109863,36431311022.653725
CaTe,mp-1519,n,7.742636826811e+16,2.202202082,-732.7804565429688,15.673273086547852,4712735724320914.0,10.58453369140625,38417906160.850975
CaTe,mp-1519,n,1e+17,2.202202082,-728.183349609375,15.711119651794434,5141852944570544.0,10.615142822265625,41223306394.68956
CaTe,mp-1519,n,1.2915496650148002e+17,2.202202082,-722.859619140625,15.75497817993164,5688243509319517.0,10.6569185256958,45385646450.12809
CaTe,mp-1519,n,1.6681005372e+17,2.202202082,-715.3834228515625,15.816521644592285,6554229503263907.0,10.708605766296387,51121756370.66773
CaTe,mp-1519,n,2.1544346900318e+17,2.202202082,-706.3087768554688,15.891119003295898,7782497741045819.0,10.777652740478516,59931167823.88388
CaTe,mp-1519,n,2.7825594022071e+17,2.202202082,-693.9290771484375,15.992337226867676,9825105600190538.0,10.864240646362305,73154432629.37999
CaTe,mp-1519,n,3.5938136638045997e+17,2.202202082,-674.076171875,16.118276596069336,1.3130358869319984e+16,10.97884464263916,95245538735.9503
CaTe,mp-1519,n,4.6415888336127e+17,2.202202082,-648.0819702148438,16.28560447692871,1.930209625115914e+16,11.123537063598633,132903697507.96725
CaTe,mp-1519,n,5.9948425031894e+17,2.202202082,-614.697021484375,16.497163772583008,3.141693203998347e+16,11.313855171203613,205994284768.11786
CaTe,mp-1519,n,7.7426368268112e+17,2.202202082,-569.9542846679688,16.774816513061523,5.954105328308044e+16,11.545262336730957,350963810554.123
CaTe,mp-1519,n,1e+18,2.202202082,-511.1073303222656,17.010419845581055,1.0242827188177584e+17,11.726995468139648,533329330170.17615
CaTe,mp-1519,n,1.29154966501488e+18,2.202202082,-469.7106628417969,17.1539249420166,1.4253612308471003e+17,11.869124412536621,739817180466.707
CaTe,mp-1519,n,1.66810053720005e+18,2.202202082,-433.6546325683594,17.233861923217773,1.7134124696091907e+17,11.979008674621582,952815195416.0754
CaTe,mp-1519,n,2.1544346900318802e+18,2.202202082,-414.1971130371094,17.32513999938965,2.1141704550611827e+17,12.053101539611816,1130060095903.036
CaTe,mp-1519,n,2.78255940220712e+18,2.202202082,-401.7918701171875,17.43998146057129,2.754111131646692e+17,12.116547584533691,1307818825428.294
CaTe,mp-1519,n,3.5938136638046203e+18,2.202202082,-394.68206787109375,17.566999435424805,3.689771189060674e+17,12.197216987609863,1574769473850.1738
CaTe,mp-1519,n,4.641588833612769e+18,2.202202082,-385.6005554199219,17.741622924804688,5.515983073335263e+17,12.296847343444824,1980830632125.9116
CaTe,mp-1519,n,5.994842503189401e+18,2.202202082,-373.4452209472656,17.88932991027832,7.750503385011313e+17,12.426773071289062,2671610067067.6475
CaTe,mp-1519,n,7.742636826811269e+18,2.202202082,-357.74847412109375,18.008100509643555,1.0188271499836934e+18,12.572298049926758,3735064018172.742
CaTe,mp-1519,n,1e+19,2.202202082,-334.0807800292969,18.088804244995117,1.226886096731848e+18,12.73239803314209,5400053134538.308
CaTe,mp-1519,n,1.291549665014884e+19,2.202202082,-317.8262634277344,18.165508270263672,1.4638894141105833e+18,12.88117504119873,7606327861235.911
CaTe,mp-1519,n,1.668100537200058e+19,2.202202082,-305.56982421875,18.21461296081543,1.6391283462237862e+18,13.043416976928711,11051391822873.094
CaTe,mp-1519,n,2.154434690031883e+19,2.202202082,-284.22283935546875,18.263137817382812,1.832895974429957e+18,13.207735061645508,16133740288516.865
CaTe,mp-1519,n,2.7825594022071243e+19,2.202202082,-247.91285705566406,18.314241409301758,2.0617756646759913e+18,13.379807472229004,23977697242995.15
CaTe,mp-1519,n,3.593813663804627e+19,2.202202082,-198.2193603515625,18.392118453979492,2.466712042105635e+18,13.530025482177734,33886403836356.758
CaTe,mp-1519,n,4.641588833612778e+19,2.202202082,-146.65731811523438,18.493032455444336,3.1119488887830794e+18,13.598193168640137,39645433286986.62
CaTe,mp-1519,n,5.994842503189409e+19,2.202202082,-119.67774200439453,18.621902465820312,4.1869952270617324e+18,13.669212341308594,46688760170795.984
CaTe,mp-1519,n,7.74263682681127e+19,2.202202082,-110.5296401977539,18.776836395263672,5.981862075941688e+18,13.737711906433105,54665321474040.03
CaTe,mp-1519,n,1e+20,2.202202082,-99.64411163330078,18.9327335357666,8.565121653119603e+18,13.768853187561035,58729078641508.92
CaTe,mp-1519,p,1e+16,2.202202082,830.2454223632812,15.133330345153809,1359347037807904.2,10.016478538513184,10386722731.909073
CaTe,mp-1519,p,1.291549665014e+16,2.202202082,829.34814453125,15.137843132019043,1373545758098106.8,10.020402908325195,10481004521.182863
CaTe,mp-1519,p,1.6681005372e+16,2.202202082,828.316650390625,15.156027793884277,1432279559057795.2,10.028731346130371,10683937680.92019
CaTe,mp-1519,p,2.154434690031e+16,2.202202082,826.821044921875,15.163395881652832,1456786410915225.8,10.035578727722168,10853722851.354643
CaTe,mp-1519,p,2.782559402207e+16,2.202202082,825.0097045898438,15.17849349975586,1508320034794642.5,10.042783737182617,11035289658.698402
CaTe,mp-1519,p,3.593813663804e+16,2.202202082,822.39501953125,15.185608863830566,1533235491628985.5,10.05492877960205,11348246993.44532
CaTe,mp-1519,p,4.641588833612e+16,2.202202082,819.29931640625,15.207276344299316,1611670825218075.5,10.067737579345703,11687929392.801487
CaTe,mp-1519,p,5.994842503189e+16,2.202202082,815.0118408203125,15.22286319732666,1670564304005748.8,10.087151527404785,12222260262.380821
CaTe,mp-1519,p,7.742636826811e+16,2.202202082,809.7744140625,15.255328178405762,1800230761319983.0,10.109353065490723,12863319757.182558
CaTe,mp-1519,p,1e+17,2.202202082,802.6956787109375,15.284930229187012,1927215274953042.2,10.140914916992188,13832953498.347038
CaTe,mp-1519,p,1.2915496650148002e+17,2.202202082,793.885498046875,15.335484504699707,2165132627626977.2,10.178763389587402,15092576629.98835
CaTe,mp-1519,p,1.6681005372e+17,2.202202082,782.1522827148438,15.388509750366211,2446300197437637.5,10.230595588684082,17005742106.723919
CaTe,mp-1519,p,2.1544346900318e+17,2.202202082,767.3814086914062,15.469226837158203,2945959941839330.5,10.294547080993652,19703667991.51444
CaTe,mp-1519,p,2.7825594022071e+17,2.202202082,747.8824462890625,15.561299324035645,3641659397610697.0,10.3801851272583,23998556905.3662
CaTe,mp-1519,p,3.5938136638045997e+17,2.202202082,723.1691284179688,15.6923246383667,4924074764089327.0,10.487690925598145,30739084273.78451
CaTe,mp-1519,p,4.6415888336127e+17,2.202202082,690.71728515625,15.849533081054688,7071850662905824.0,10.629725456237793,42630993735.168
CaTe,mp-1519,p,5.9948425031894e+17,2.202202082,649.41845703125,16.064477920532227,1.160053237712348e+16,10.809877395629883,64547198205.547745
CaTe,mp-1519,p,7.7426368268112e+17,2.202202082,595.3582763671875,16.330350875854492,2.1396900930178904e+16,11.045998573303223,111172807514.79967
CaTe,mp-1519,p,1e+18,2.202202082,534.4044189453125,16.59988784790039,3.980043767295191e+16,11.340325355529785,218940121888.8498
CaTe,mp-1519,p,1.29154966501488e+18,2.202202082,481.6539001464844,16.745943069458008,5.571127136782368e+16,11.616345405578613,413376139968.628
CaTe,mp-1519,p,1.66810053720005e+18,2.202202082,450.3863830566406,16.8201961517334,6.609919216040293e+16,11.730649948120117,537836098826.97186
CaTe,mp-1519,p,2.1544346900318802e+18,2.202202082,424.0923767089844,16.917659759521484,8.272937808011072e+16,11.814529418945312,652423234406.563
CaTe,mp-1519,p,2.78255940220712e+18,2.202202082,394.2904357910156,17.02143096923828,1.0505844520321987e+17,11.876687049865723,752812895543.3306
CaTe,mp-1519,p,3.5938136638046203e+18,2.202202082,374.7926330566406,17.152807235717773,1.4216976178098029e+17,11.952230453491211,895840006890.2015
CaTe,mp-1519,p,4.641588833612769e+18,2.202202082,353.2236633300781,17.312097549438477,2.0516229541760576e+17,12.054380416870117,1133392715075.1365
CaTe,mp-1519,p,5.994842503189401e+18,2.202202082,367.9608459472656,17.462865829467773,2.903125626984353e+17,12.180805206298828,1516370078841.059
CaTe,mp-1519,p,7.742636826811269e+18,2.202202082,392.58599853515625,17.571317672729492,3.726641987018147e+17,12.325417518615723,2115521866313.8347
CaTe,mp-1519,p,1e+19,2.202202082,423.93536376953125,17.659923553466797,4.570077379082501e+17,12.463852882385254,2909731277223.3984
CaTe,mp-1519,p,1.291549665014884e+19,2.202202082,429.3943176269531,17.74490737915039,5.5578571366288576e+17,12.591720581054688,3905895151476.709
CaTe,mp-1519,p,1.668100537200058e+19,2.202202082,411.155029296875,17.804166793823242,6.370401336364278e+17,12.733007431030273,5407635756445.908
CaTe,mp-1519,p,2.154434690031883e+19,2.202202082,363.9847412109375,17.8677978515625,7.37560842213754e+17,12.880900382995605,7601518958618.247
CaTe,mp-1519,p,2.7825594022071243e+19,2.202202082,304.42828369140625,17.9371337890625,8.652344224465692e+17,12.988646507263184,9741963706056.494
CaTe,mp-1519,p,3.593813663804627e+19,2.202202082,272.0000915527344,18.03282356262207,1.0785084761216878e+18,13.073934555053711,11855900751043.027
CaTe,mp-1519,p,4.641588833612778e+19,2.202202082,246.757080078125,18.147415161132812,1.4041553568452808e+18,13.176121711730957,15001051835018.816
CaTe,mp-1519,p,5.994842503189409e+19,2.202202082,221.35086059570312,18.300704956054688,1.9985036972917962e+18,13.273289680480957,18762455727663.65
CaTe,mp-1519,p,7.74263682681127e+19,2.202202082,209.29791259765625,18.4886474609375,3.0806861843048305e+18,13.402486801147461,25263109306342.773
CaTe,mp-1519,p,1e+20,2.202202082,197.7794952392578,18.652685165405273,4.4945391259129134e+18,13.50420093536377,31930148280378.63
Cs2Se,mp-1011695,n,1e+16,1.727094054,-391.5592041015625,16.404096603393555,2.5356926009804516e+16,10.891685485839844,77926556542.0656
Cs2Se,mp-1011695,n,1.291549665014e+16,1.727094054,-390.2906188964844,16.413801193237305,2.5929920977274388e+16,10.894028663635254,78348135118.87929
Cs2Se,mp-1011695,n,1.6681005372e+16,1.727094054,-388.8005676269531,16.419843673706055,2.629321385225964e+16,10.8915433883667,77901063804.04745
Cs2Se,mp-1011695,n,2.154434690031e+16,1.727094054,-388.256103515625,16.422574996948242,2.645909569077027e+16,10.905268669128418,80402336417.64925
Cs2Se,mp-1011695,n,2.782559402207e+16,1.727094054,-385.6132507324219,16.438865661621094,2.747044290684612e+16,10.90360164642334,80094306692.65977
Cs2Se,mp-1011695,n,3.593813663804e+16,1.727094054,-383.7065124511719,16.4480037689209,2.8054579843429012e+16,10.912800788879395,81808944397.27312
Cs2Se,mp-1011695,n,4.641588833612e+16,1.727094054,-381.2438049316406,16.459962844848633,2.883784776428796e+16,10.924640655517578,84069924136.76756
Cs2Se,mp-1011695,n,5.994842503189e+16,1.727094054,-378.0624694824219,16.47538185119629,2.9880086555730036e+16,10.939948081970215,87085947624.35054
Cs2Se,mp-1011695,n,7.742636826811e+16,1.727094054,-373.9541320800781,16.49529266357422,3.1281866881524916e+16,10.959722518920898,91142832004.06796
Cs2Se,mp-1011695,n,1e+17,1.727094054,-368.64788818359375,16.5210018157959,3.318958452143922e+16,10.985258102416992,96662517634.70781
Cs2Se,mp-1011695,n,1.2915496650148002e+17,1.727094054,-361.7940673828125,16.55420684814453,3.5826703384994668e+16,11.018237113952637,104288666408.65593
Cs2Se,mp-1011695,n,1.6681005372e+17,1.727094054,-353.2455139160156,16.597097396850586,3.954552967229744e+16,11.060839653015137,115037557739.48695
Cs2Se,mp-1011695,n,2.1544346900318e+17,1.727094054,-342.3153991699219,16.652494430541992,4.492565632993524e+16,11.115859031677246,130574698488.89493
Cs2Se,mp-1011695,n,2.7825594022071e+17,1.727094054,-328.1382751464844,16.724069595336914,5.297483288282246e+16,11.186932563781738,153791581783.6908
Cs2Se,mp-1011695,n,3.5938136638045997e+17,1.727094054,-301.62213134765625,16.816415786743164,6.5526321261019144e+16,11.278751373291016,189999025420.13162
Cs2Se,mp-1011695,n,4.6415888336127e+17,1.727094054,-276.507080078125,16.93508529663086,8.611628703329558e+16,11.394222259521484,247869025602.52924
Cs2Se,mp-1011695,n,5.9948425031894e+17,1.727094054,-258.7784118652344,17.066843032836914,1.1663879729716403e+17,11.5270414352417,336543676860.09576
Cs2Se,mp-1011695,n,7.7426368268112e+17,1.727094054,-236.35122680664062,17.14974021911621,1.4116928630989984e+17,11.717759132385254,522106538906.037
Cs2Se,mp-1011695,n,1e+18,1.727094054,-204.71153259277344,17.260107040405273,1.8201494149037818e+17,11.877739906311035,754640147490.0809
Cs2Se,mp-1011695,n,1.29154966501488e+18,1.727094054,-176.7464599609375,17.368982315063477,2.3387420006407226e+17,12.007152557373047,1016605739692.3251
Cs2Se,mp-1011695,n,1.66810053720005e+18,1.727094054,-166.7349853515625,17.465621948242188,2.921608021482329e+17,12.118693351745605,1314296501155.5068
Cs2Se,mp-1011695,n,2.1544346900318802e+18,1.727094054,-164.01312255859375,17.541364669799805,3.478281042875691e+17,12.172551155090332,1487822612819.7192
Cs2Se,mp-1011695,n,2.78255940220712e+18,1.727094054,-160.91238403320312,17.639177322387695,4.3568972944096205e+17,12.231365203857422,1703590477537.5566
Cs2Se,mp-1011695,n,3.5938136638046203e+18,1.727094054,-155.5211639404297,17.76124382019043,5.770903606496417e+17,12.306718826293945,2026370369101.0576
Cs2Se,mp-1011695,n,4.641588833612769e+18,1.727094054,-151.21670532226562,17.89542579650879,7.86005882825136e+17,12.394318580627441,2479240059613.8735
Cs2Se,mp-1011695,n,5.994842503189401e+18,1.727094054,-146.37477111816406,18.026029586791992,1.0617678888468054e+18,12.497313499450684,3142776517275.6953
Cs2Se,mp-1011695,n,7.742636826811269e+18,1.727094054,-153.436767578125,18.17009735107422,1.4794399809844424e+18,12.622645378112793,4194163709209.341
Cs2Se,mp-1011695,n,1e+19,1.727094054,-142.6120147705078,18.273496627807617,1.877139842778236e+18,12.772719383239746,5925423332045.608
Cs2Se,mp-1011695,n,1.291549665014884e+19,1.727094054,-121.6793212890625,18.35979652404785,2.2897945852615741e+18,12.931435585021973,8539561784177.835
Cs2Se,mp-1011695,n,1.668100537200058e+19,1.727094054,-92.95305633544922,18.4508113861084,2.8236533972261335e+18,13.080775260925293,12044125186755.516
Cs2Se,mp-1011695,n,2.154434690031883e+19,1.727094054,-61.69007873535156,18.557424545288086,3.609312996116096e+18,13.230128288269043,16987453786610.758
Cs2Se,mp-1011695,n,2.7825594022071243e+19,1.727094054,-35.444976806640625,18.637954711914062,4.344649159505054e+18,13.350857734680176,22431469977988.08
Cs2Se,mp-1011695,n,3.593813663804627e+19,1.727094054,-14.796391487121582,18.711278915405273,5.143738900467714e+18,13.434733390808105,27210303809519.645
Cs2Se,mp-1011695,n,4.641588833612778e+19,1.727094054,-10.076424598693848,18.79180908203125,6.191688256097054e+18,13.497239112854004,31422382639959.523
Cs2Se,mp-1011695,n,5.994842503189409e+19,1.727094054,-3.539989948272705,18.8876895904541,7.721285132984546e+18,13.581380844116211,38140013647869.58
Cs2Se,mp-1011695,n,7.74263682681127e+19,1.727094054,6.92059850692749,19.008100509643555,1.0188271499836934e+19,13.735383987426758,54373086613334.14
Cs2Se,mp-1011695,n,1e+20,1.727094054,-7.392075061798096,19.176729202270508,1.5022049968888754e+19,13.8561372756958,71802121399211.77
Cs2Se,mp-1011695,p,1e+16,1.727094054,1293.189208984375,15.199909210205078,1584561903221791.2,9.23164176940918,1704675696.233982
Cs2Se,mp-1011695,p,1.291549665014e+16,1.727094054,1292.287109375,15.20323657989502,1596748731794277.0,9.23493480682373,1717650526.4124613
Cs2Se,mp-1011695,p,1.6681005372e+16,1.727094054,1291.121337890625,15.20753002166748,1612612499265061.0,9.239195823669434,1734585947.4022238
Cs2Se,mp-1011695,p,2.154434690031e+16,1.727094054,1289.6165771484375,15.213078498840332,1633347149135847.5,9.244696617126465,1756696019.0838723
Cs2Se,mp-1011695,p,2.782559402207e+16,1.727094054,1287.6717529296875,15.220244407653809,1660521135052062.5,9.251803398132324,1785679028.2976978
Cs2Se,mp-1011695,p,3.593813663804e+16,1.727094054,1285.161376953125,15.229494094848633,1696266537774620.5,9.260978698730469,1823806246.103182
Cs2Se,mp-1011695,p,4.641588833612e+16,1.727094054,1281.9183349609375,15.241497993469238,1743805300704338.5,9.27282428741455,1874236051.5206113
Cs2Se,mp-1011695,p,5.994842503189e+16,1.727094054,1277.729736328125,15.256905555725098,1806781169848318.2,9.288139343261719,1941508710.1902926
Cs2Se,mp-1011695,p,7.742636826811e+16,1.727094054,1272.3194580078125,15.277012825012207,1892399501667599.0,9.307900428771973,2031891103.3656228
Cs2Se,mp-1011695,p,1e+17,1.727094054,1265.3323974609375,15.302793502807617,2008137761538942.5,9.333481788635254,2155171268.406867
Cs2Se,mp-1011695,p,1.2915496650148002e+17,1.727094054,1257.516357421875,15.310997009277344,2046430544150346.5,9.393048286437988,2471998975.562677
Cs2Se,mp-1011695,p,1.6681005372e+17,1.727094054,1246.015869140625,15.34587287902832,2217547233519017.8,9.438307762145996,2743517672.981744
Cs2Se,mp-1011695,p,2.1544346900318e+17,1.727094054,1230.91748046875,15.401140213012695,2518489897006943.0,9.493304252624512,3113897068.406184
Cs2Se,mp-1011695,p,2.7825594022071e+17,1.727094054,1211.4171142578125,15.472517013549805,2968363027240956.0,9.564325332641602,3667121781.0762663
Cs2Se,mp-1011695,p,3.5938136638045997e+17,1.727094054,1186.2314453125,15.564708709716797,3670360392651596.5,9.6560640335083,4529643612.241746
Cs2Se,mp-1011695,p,4.6415888336127e+17,1.727094054,1153.702880859375,15.684039115905762,4831023119951560.0,9.774542808532715,5950354066.805325
Cs2Se,mp-1011695,p,5.9948425031894e+17,1.727094054,1111.689697265625,15.828876495361328,6743362327305431.0,9.924656867980957,8407306257.408113
Cs2Se,mp-1011695,p,7.7426368268112e+17,1.727094054,1057.4271240234375,15.935992240905762,8629631299517725.0,10.09763240814209,12520809505.55678
Cs2Se,mp-1011695,p,1e+18,1.727094054,987.3447265625,16.060914993286133,1.1505751588526204e+16,10.295378684997559,19741433488.97024
Cs2Se,mp-1011695,p,1.29154966501488e+18,1.727094054,918.3428955078125,16.196748733520508,1.5730724804662142e+16,10.492263793945312,31064458952.986385
Cs2Se,mp-1011695,p,1.66810053720005e+18,1.727094054,876.7211303710938,16.27471923828125,1.882431745803083e+16,10.590161323547363,38918968701.30823
Cs2Se,mp-1011695,p,2.1544346900318802e+18,1.727094054,832.5418701171875,16.35063362121582,2.24198974212038e+16,10.650330543518066,44702369448.78523
Cs2Se,mp-1011695,p,2.78255940220712e+18,1.727094054,775.4647827148438,16.45631980895996,2.8596956118626556e+16,10.711496353149414,51463148554.04118
Cs2Se,mp-1011695,p,3.5938136638046203e+18,1.727094054,701.7861328125,16.584566116333008,3.842077459309946e+16,10.78809928894043,61390234023.305565
Cs2Se,mp-1011695,p,4.641588833612769e+18,1.727094054,686.907958984375,16.71190071105957,5.151108658370458e+16,10.878458976745605,75589065588.74223
Cs2Se,mp-1011695,p,5.994842503189401e+18,1.727094054,680.6918334960938,16.83806037902832,6.887480448485063e+16,10.992107391357422,98199073744.8915
Cs2Se,mp-1011695,p,7.742636826811269e+18,1.727094054,685.5380249023438,16.980247497558594,9.555369763017669e+16,11.1268892288208,133933503297.47342
Cs2Se,mp-1011695,p,1e+19,1.727094054,710.8162841796875,17.069826126098633,1.174427267744937e+17,11.280417442321777,190729312058.23328
Cs2Se,mp-1011695,p,1.291549665014884e+19,1.727094054,712.4219970703125,17.163347244262695,1.4566232720208426e+17,11.442538261413574,277037309872.74664
Cs2Se,mp-1011695,p,1.668100537200058e+19,1.727094054,715.0263671875,17.28067970275879,1.9084452388119507e+17,11.598933219909668,397130479275.20795
Cs2Se,mp-1011695,p,2.154434690031883e+19,1.727094054,694.8228149414062,17.393842697143555,2.4765248898940246e+17,11.77892017364502,601063247711.8445
Cs2Se,mp-1011695,p,2.7825594022071243e+19,1.727094054,648.0714111328125,17.496641159057617,3.137914883226084e+17,11.875567436218262,750874639103.2437
Cs2Se,mp-1011695,p,3.593813663804627e+19,1.727094054,573.54931640625,17.593448638916016,3.921467670326655e+17,11.94948673248291,890198242406.0879
Cs2Se,mp-1011695,p,4.641588833612778e+19,1.727094054,535.0447998046875,17.67841148376465,4.768826078296413e+17,12.013461112976074,1031480715818.068
Cs2Se,mp-1011695,p,5.994842503189409e+19,1.727094054,531.928955078125,17.77583885192871,5.968137934697517e+17,12.056666374206543,1139374182010.1873
Cs2Se,mp-1011695,p,7.74263682681127e+19,1.727094054,523.0088500976562,17.89707374572754,7.889940820257394e+17,12.083842277526855,1212948264753.8584
Cs2Se,mp-1011695,p,1e+20,1.727094054,497.4577941894531,18.06654930114746,1.1655993622683105e+18,12.18026065826416,1514469942148.8342
CsAu,mp-2667,n,1e+16,0.872011542,-691.2327880859375,15.505946159362793,3205871859442992.5,9.276019096374512,1888074367.8406072
CsAu,mp-2667,n,1.291549665014e+16,0.872011542,-690.134033203125,15.507368087768555,3216385442172047.5,9.269412994384766,1859571983.2821145
CsAu,mp-2667,n,1.6681005372e+16,0.872011542,-689.4102783203125,15.512146949768066,3251973139477932.5,9.292291641235352,1960160535.8128688
CsAu,mp-2667,n,2.154434690031e+16,0.872011542,-687.9519653320312,15.51777172088623,3294365042632114.0,9.296224594116211,1977992288.5638163
CsAu,mp-2667,n,2.782559402207e+16,0.872011542,-686.068115234375,15.525032043457031,3349901547530875.0,9.301297187805176,2001230843.8713987
CsAu,mp-2667,n,3.593813663804e+16,0.872011542,-683.6348876953125,15.534411430358887,3423035714131946.0,9.307852745056152,2031668022.4764392
CsAu,mp-2667,n,4.641588833612e+16,0.872011542,-680.4924926757812,15.546524047851562,3519849121727549.5,9.31632137298584,2071673796.8129086
CsAu,mp-2667,n,5.994842503189e+16,0.872011542,-676.4337158203125,15.56217098236084,3648975793503105.5,9.327251434326172,2124474068.0176048
CsAu,mp-2667,n,7.742636826811e+16,0.872011542,-671.1915893554688,15.582377433776855,3822763527224633.0,9.3413724899292,2194686488.464444
CsAu,mp-2667,n,1e+17,0.872011542,-664.420654296875,15.608477592468262,4059547173766755.5,9.35960865020752,2288804244.642544
CsAu,mp-2667,n,1.2915496650148002e+17,0.872011542,-655.6771240234375,15.642182350158691,4387148652833821.5,9.383162498474121,2416364788.2302876
CsAu,mp-2667,n,1.6681005372e+17,0.872011542,-644.383544921875,15.685715675354004,4849708946426012.0,9.413586616516113,2591711265.6287303
CsAu,mp-2667,n,2.1544346900318e+17,0.872011542,-629.79736328125,15.741950035095215,5520139272834348.0,9.452878952026367,2837128144.623378
CsAu,mp-2667,n,2.7825594022071e+17,0.872011542,-610.94482421875,15.814568519592285,6524819763893324.0,9.503623008728027,3188768628.451564
CsAu,mp-2667,n,3.5938136638045997e+17,0.872011542,-586.3155517578125,15.908365249633789,8097766499080040.0,9.569167137145996,3708234047.858072
CsAu,mp-2667,n,4.6415888336127e+17,0.872011542,-554.5057373046875,16.029508590698242,1.070307554256335e+16,9.653820037841797,4506299346.340246
CsAu,mp-2667,n,5.9948425031894e+17,0.872011542,-513.4210815429688,16.185964584350586,1.5344918436521486e+16,9.763154029846191,5796342370.115897
CsAu,mp-2667,n,7.7426368268112e+17,0.872011542,-463.05157470703125,16.388046264648438,2.443690861036911e+16,9.904365539550781,8023531085.745918
CsAu,mp-2667,n,1e+18,0.872011542,-412.7694091796875,16.646631240844727,4.4323213599632504e+16,10.08072566986084,12042749974.972847
CsAu,mp-2667,n,1.29154966501488e+18,0.872011542,-347.95159912109375,16.88414192199707,7.65846835176666e+16,10.27841854095459,18985347074.13654
CsAu,mp-2667,n,1.66810053720005e+18,0.872011542,-264.7886047363281,17.071748733520508,1.1796379439618568e+17,10.528596878051758,33775118238.13792
CsAu,mp-2667,n,2.1544346900318802e+18,0.872011542,-222.58863830566406,17.216835021972656,1.6475364131817373e+17,10.848145484924316,70492917464.20448
CsAu,mp-2667,n,2.78255940220712e+18,0.872011542,-210.48776245117188,17.30811882019043,2.0329131268771763e+17,11.266800880432129,184842094261.3989
CsAu,mp-2667,n,3.5938136638046203e+18,0.872011542,-215.23812866210938,17.413415908813477,2.5906927444315174e+17,11.672881126403809,470848429739.7492
CsAu,mp-2667,n,4.641588833612769e+18,0.872011542,-219.43301391601562,17.537153244018555,3.4447145862182976e+17,12.050646781921387,1123690688081.1753
CsAu,mp-2667,n,5.994842503189401e+18,0.872011542,-223.91567993164062,17.692800521850586,4.929473336400183e+17,12.263005256652832,1832336600638.4714
CsAu,mp-2667,n,7.742636826811269e+18,0.872011542,-229.76992797851562,17.838903427124023,6.900863341670843e+17,12.455794334411621,2856237615975.113
CsAu,mp-2667,n,1e+19,0.872011542,-229.41351318359375,17.955957412719727,9.035608654433888e+17,12.592157363891602,3909825402090.5366
CsAu,mp-2667,n,1.291549665014884e+19,0.872011542,-190.87042236328125,18.0246639251709,1.0584343484046612e+18,12.744946479797363,5558357547299.32
CsAu,mp-2667,n,1.668100537200058e+19,0.872011542,-130.35755920410156,18.079469680786133,1.2007972393471977e+18,12.928035736083984,8472971314337.735
CsAu,mp-2667,n,2.154434690031883e+19,0.872011542,-89.83700561523438,18.130813598632812,1.351492371396602e+18,13.059527397155762,11469048708112.098
CsAu,mp-2667,n,2.7825594022071243e+19,0.872011542,-69.8862075805664,18.174209594726562,1.4935150205035668e+18,13.16739559173584,14702649081252.568
CsAu,mp-2667,n,3.593813663804627e+19,0.872011542,-48.90259552001953,18.227943420410156,1.690220716493001e+18,13.296381950378418,19787090968123.72
CsAu,mp-2667,n,4.641588833612778e+19,0.872011542,-44.15727615356445,18.306665420532227,2.0261211990012764e+18,13.423738479614258,26530075115348.246
CsAu,mp-2667,n,5.994842503189409e+19,0.872011542,-49.15022277832031,18.4246883392334,2.6588163407742705e+18,13.509325981140137,32309183368785.49
CsAu,mp-2667,n,7.74263682681127e+19,0.872011542,-58.725677490234375,18.569974899291992,3.7151375627586196e+18,13.53720474243164,34451230828959.535
CsAu,mp-2667,n,1e+20,0.872011542,-78.33617401123047,18.73214340209961,5.396887959291873e+18,13.495519638061523,31298219936179.645
CsAu,mp-2667,p,1e+16,0.872011542,521.16259765625,15.620362281799316,4172172746022068.0,9.578722953796387,3790730885.8968883
CsAu,mp-2667,p,1.291549665014e+16,0.872011542,520.2703857421875,15.624545097351074,4212550278107749.0,9.59116268157959,3900880816.9669037
CsAu,mp-2667,p,1.6681005372e+16,0.872011542,519.291015625,15.627882957458496,4245051442179522.5,9.58408260345459,3837802341.205265
CsAu,mp-2667,p,2.154434690031e+16,0.872011542,517.8519897460938,15.634264945983887,4307893379771334.0,9.598097801208496,3963672843.7600694
CsAu,mp-2667,p,2.782559402207e+16,0.872011542,516.1686401367188,15.640369415283203,4368872949890453.5,9.592974662780762,3917190231.211274
CsAu,mp-2667,p,3.593813663804e+16,0.872011542,513.8182983398438,15.650529861450195,4472289015334613.0,9.60966682434082,4070678696.3823647
CsAu,mp-2667,p,4.641588833612e+16,0.872011542,510.9604187011719,15.661506652832031,4586766720801616.0,9.608102798461914,4056045315.740698
CsAu,mp-2667,p,5.994842503189e+16,0.872011542,507.0892333984375,15.677319526672363,4756850765068193.0,9.628762245178223,4253654827.457444
CsAu,mp-2667,p,7.742636826811e+16,0.872011542,502.0553894042969,15.693912506103516,4942111121277528.0,9.650592803955078,4472937233.271182
CsAu,mp-2667,p,1e+17,0.872011542,495.7237243652344,15.719332695007324,5240016988600866.0,9.667601585388184,4651591683.585169
CsAu,mp-2667,p,1.2915496650148002e+17,0.872011542,487.5462646484375,15.752152442932129,5651353097416934.0,9.689567565917969,4892913813.440744
CsAu,mp-2667,p,1.6681005372e+17,0.872011542,476.9839782714844,15.79454517364502,6230819546518029.0,9.716853141784668,5210184970.652219
CsAu,mp-2667,p,2.1544346900318e+17,0.872011542,463.34326171875,15.849299430847168,7068047034159429.0,9.750757217407227,5633226548.871178
CsAu,mp-2667,p,2.7825594022071e+17,0.872011542,445.7249450683594,15.920016288757324,8317949680274792.0,9.794539451599121,6230737452.910941
CsAu,mp-2667,p,3.5938136638045997e+17,0.872011542,423.1732177734375,16.015295028686523,1.035845607322424e+16,9.845881462097168,7012638668.061648
CsAu,mp-2667,p,4.6415888336127e+17,0.872011542,393.7942199707031,16.132333755493164,1.3562312762731874e+16,9.916581153869629,8252416787.774009
CsAu,mp-2667,p,5.9948425031894e+17,0.872011542,356.0173645019531,16.284040451049805,1.9232708578318164e+16,10.009088516235352,10211475888.838129
CsAu,mp-2667,p,7.7426368268112e+17,0.872011542,306.8421936035156,16.478214263916016,3.007559749042449e+16,10.12856388092041,13445095177.1963
CsAu,mp-2667,p,1e+18,0.872011542,250.02120971679688,16.720136642456055,5.2497260686282136e+16,10.27221965789795,18716285351.66091
CsAu,mp-2667,p,1.29154966501488e+18,0.872011542,200.83486938476562,16.972999572753906,9.397223860930341e+16,10.46053409576416,28875804696.078197
CsAu,mp-2667,p,1.66810053720005e+18,0.872011542,148.5362548828125,17.165563583374023,1.4640758715415206e+17,10.700556755065918,50183015560.69992
CsAu,mp-2667,p,2.1544346900318802e+18,0.872011542,115.1498031616211,17.290319442749023,1.9512793240594678e+17,11.014119148254395,103304478168.47215
CsAu,mp-2667,p,2.78255940220712e+18,0.872011542,88.70147705078125,17.390661239624023,2.458449205207917e+17,11.38277530670166,241421145756.1047
CsAu,mp-2667,p,3.5938136638046203e+18,0.872011542,66.15050506591797,17.496618270874023,3.137749513223895e+17,11.78351879119873,607461546144.0792
CsAu,mp-2667,p,4.641588833612769e+18,0.872011542,53.03488540649414,17.62647247314453,4.231286897317828e+17,12.060593605041504,1149724020843.1003
CsAu,mp-2667,p,5.994842503189401e+18,0.872011542,68.4316635131836,17.77292251586914,5.928195479532477e+17,12.261750221252441,1827049110690.253
CsAu,mp-2667,p,7.742636826811269e+18,0.872011542,99.76338195800781,17.930097579956055,8.513292986191387e+17,12.420961380004883,2636096958305.2793
CsAu,mp-2667,p,1e+19,0.872011542,122.17040252685547,18.041833877563477,1.1011180391633894e+18,12.545195579528809,3509098666004.1343
CsAu,mp-2667,p,1.291549665014884e+19,0.872011542,166.17286682128906,18.101011276245117,1.2618602977545848e+18,12.699530601501465,5006458280732.519
CsAu,mp-2667,p,1.668100537200058e+19,0.872011542,204.6241455078125,18.158281326293945,1.4397309018704468e+18,12.83996295928955,6917719675952.395
CsAu,mp-2667,p,2.154434690031883e+19,0.872011542,168.35684204101562,18.229934692382812,1.6979882959872858e+18,12.977463722229004,9494316873403.768
CsAu,mp-2667,p,2.7825594022071243e+19,0.872011542,160.06134033203125,18.304298400878906,2.0151083419809516e+18,13.099971771240234,12588435854078.05
CsAu,mp-2667,p,3.593813663804627e+19,0.872011542,131.75384521484375,18.371606826782227,2.3529181877496095e+18,13.235136985778809,17184503377140.705
CsAu,mp-2667,p,4.641588833612778e+19,0.872011542,98.42131042480469,18.465166091918945,2.918542970434184e+18,13.350157737731934,22395343999535.688
CsAu,mp-2667,p,5.994842503189409e+19,0.872011542,76.14136505126953,18.5928955078125,3.916476345065652e+18,13.463568687438965,29078278212673.324
CsAu,mp-2667,p,7.74263682681127e+19,0.872011542,59.50315856933594,18.733827590942383,5.417857660546314e+18,13.560500144958496,36349642587363.36
CsAu,mp-2667,p,1e+20,0.872011542,40.24089050292969,18.897111892700195,7.89063387666976e+18,13.55815601348877,36153971679339.46
CsSnI3,mp-614013,n,1e+16,0.796505213,-221.62892150878906,15.189675331115723,1547659190783186.5,11.607399940490723,404948636030.47235
CsSnI3,mp-614013,n,1.291549665014e+16,0.796505213,-221.4804229736328,15.187541007995605,1540071939561979.8,11.605398178100586,403086430304.32367
CsSnI3,mp-614013,n,1.6681005372e+16,0.796505213,-221.1870880126953,15.187047958374023,1538324505387145.2,11.604145050048828,401925027406.31854
CsSnI3,mp-614013,n,2.154434690031e+16,0.796505213,-220.76287841796875,15.19343090057373,1561100635687857.0,11.606128692626953,403765021204.66364
CsSnI3,mp-614013,n,2.782559402207e+16,0.796505213,-220.21058654785156,15.203387260437012,1597302827500453.5,11.609633445739746,407036584797.0328
CsSnI3,mp-614013,n,3.593813663804e+16,0.796505213,-219.42388916015625,15.221614837646484,1665769238008726.0,11.616612434387207,413630385151.7318
CsSnI3,mp-614013,n,4.641588833612e+16,0.796505213,-218.2791290283203,15.242008209228516,1745855153543474.2,11.624308586120605,421025680156.1087
CsSnI3,mp-614013,n,5.994842503189e+16,0.796505213,-217.0948486328125,15.259343147277832,1816950715412050.8,11.628745079040527,425348669872.3488
CsSnI3,mp-614013,n,7.742636826811e+16,0.796505213,-215.67234802246094,15.27637767791748,1889633927596664.0,11.63170051574707,428253100361.23627
CsSnI3,mp-614013,n,1e+17,0.796505213,-213.90591430664062,15.299060821533203,1990952145852486.2,11.633549690246582,430080438908.1046
CsSnI3,mp-614013,n,1.2915496650148002e+17,0.796505213,-211.81861877441406,15.33323860168457,2153964799436267.5,11.636225700378418,432738664436.5337
CsSnI3,mp-614013,n,1.6681005372e+17,0.796505213,-209.11279296875,15.37937068939209,2395359428452107.5,11.639546394348145,436060144480.7946
CsSnI3,mp-614013,n,2.1544346900318e+17,0.796505213,-205.59080505371094,15.441729545593262,2765219084727180.5,11.645344734191895,441921096210.26917
CsSnI3,mp-614013,n,2.7825594022071e+17,0.796505213,-201.04168701171875,15.522204399108887,3328161551447622.0,11.65269947052002,449468717282.4662
CsSnI3,mp-614013,n,3.5938136638045997e+17,0.796505213,-195.16661071777344,15.626133918762207,4227989681797649.5,11.662196159362793,459405467315.0753
CsSnI3,mp-614013,n,4.6415888336127e+17,0.796505213,-188.0076446533203,15.760333061218262,5758814125211382.0,11.674454689025879,472557531277.4155
CsSnI3,mp-614013,n,5.9948425031894e+17,0.796505213,-179.63018798828125,15.9336519241333,8583253200676538.0,11.690279006958008,490093572626.1035
CsSnI3,mp-614013,n,7.7426368268112e+17,0.796505213,-168.156494140625,16.157503128051758,1.4371534045679098e+16,11.710643768310547,513622178216.4598
CsSnI3,mp-614013,n,1e+18,0.796505213,-162.4206085205078,16.41035270690918,2.57248414591854e+16,11.736945152282715,545688940844.71094
CsSnI3,mp-614013,n,1.29154966501488e+18,0.796505213,-158.59922790527344,16.685016632080078,4.841909101816336e+16,11.770912170410156,590081732863.3534
CsSnI3,mp-614013,n,1.66810053720005e+18,0.796505213,-153.7122039794922,16.85926628112793,7.232130949185086e+16,11.814556121826172,652463350309.9967
CsSnI3,mp-614013,n,2.1544346900318802e+18,0.796505213,-147.50711059570312,16.977243423461914,9.489502039246642e+16,11.867898941040039,737732542112.0712
CsSnI3,mp-614013,n,2.78255940220712e+18,0.796505213,-139.4923553466797,17.106679916381836,1.2784387222393602e+17,11.929034233093262,849247413994.4587
CsSnI3,mp-614013,n,3.5938136638046203e+18,0.796505213,-134.53924560546875,17.244016647338867,1.7539477327274102e+17,12.002427101135254,1005604252288.4708
CsSnI3,mp-614013,n,4.641588833612769e+18,0.796505213,-123.59781646728516,17.394350051879883,2.4794197248413654e+17,12.086517333984375,1220442531263.269
CsSnI3,mp-614013,n,5.994842503189401e+18,0.796505213,-126.04431915283203,17.57646369934082,3.771062231358604e+17,12.193440437316895,1561134916527.0095
CsSnI3,mp-614013,n,7.742636826811269e+18,0.796505213,-140.2729949951172,17.689207077026367,4.888854104396446e+17,12.330023765563965,2138079086763.6526
CsSnI3,mp-614013,n,1e+19,0.796505213,-164.19049072265625,17.777725219726562,5.99411705493257e+17,12.496941566467285,3140086172568.2847
CsSnI3,mp-614013,n,1.291549665014884e+19,0.796505213,-155.57801818847656,17.880054473876953,7.586727299410646e+17,12.671672821044922,4695402437185.677
CsSnI3,mp-614013,n,1.668100537200058e+19,0.796505213,-144.50022888183594,17.972883224487305,9.394706665086474e+17,12.814157485961914,6518647335440.202
CsSnI3,mp-614013,n,2.154434690031883e+19,0.796505213,-132.2303924560547,18.0377254486084,1.0907505699940628e+18,12.914276123046875,8208732870696.764
CsSnI3,mp-614013,n,2.7825594022071243e+19,0.796505213,-117.41656494140625,18.095762252807617,1.2467008420433492e+18,13.04084587097168,10986158767340.672
CsSnI3,mp-614013,n,3.593813663804627e+19,0.796505213,-112.76209259033203,18.160512924194336,1.4471479182118354e+18,13.164196014404297,14594728298861.434
CsSnI3,mp-614013,n,4.641588833612778e+19,0.796505213,-107.61150360107422,18.240156173706055,1.7384258599457544e+18,13.240437507629395,17395523688780.12
CsSnI3,mp-614013,n,5.994842503189409e+19,0.796505213,-114.67271423339844,18.36860466003418,2.3367091547200804e+18,13.303065299987793,20093949200615.39
CsSnI3,mp-614013,n,7.74263682681127e+19,0.796505213,-111.5455322265625,18.505746841430664,3.204400873353718e+18,13.358972549438477,22854543415174.426
CsSnI3,mp-614013,n,1e+20,0.796505213,-105.03130340576172,18.652366638183594,4.491243877543813e+18,13.347304344177246,22248684841734.703
CsSnI3,mp-614013,p,1e+16,0.796505213,252.0474395751953,14.636147499084473,432660750306088.25,11.076428413391113,119241769836.86287
CsSnI3,mp-614013,p,1.291549665014e+16,0.796505213,251.87203979492188,14.639737129211426,436251696853728.44,11.077345848083496,119493930918.63998
CsSnI3,mp-614013,p,1.6681005372e+16,0.796505213,251.6453857421875,14.644364356994629,440924627817211.6,11.078531265258789,119820537999.13799
CsSnI3,mp-614013,p,2.154434690031e+16,0.796505213,251.61788940429688,14.647625923156738,444248451991601.0,11.078381538391113,119779235927.8644
CsSnI3,mp-614013,p,2.782559402207e+16,0.796505213,251.58485412597656,14.650263786315918,446954985906632.94,11.078259468078613,119745573436.90892
CsSnI3,mp-614013,p,3.593813663804e+16,0.796505213,251.2424774169922,14.6575288772583,454494756626744.1,11.079825401306152,120178118737.69029
CsSnI3,mp-614013,p,4.641588833612e+16,0.796505213,250.702392578125,14.667920112609863,465500457995129.44,11.082413673400879,120896484786.77382
CsSnI3,mp-614013,p,5.994842503189e+16,0.796505213,249.90570068359375,14.684599876403809,483726495989149.7,11.0867919921875,122121461238.48517
CsSnI3,mp-614013,p,7.742636826811e+16,0.796505213,248.8768768310547,14.706023216247559,508186608161893.7,11.092305183410645,123681625224.8006
CsSnI3,mp-614013,p,1e+17,0.796505213,247.54783630371094,14.733697891235352,541623988812907.2,11.099420547485352,125724682482.81113
CsSnI3,mp-614013,p,1.2915496650148002e+17,0.796505213,245.83169555664062,14.769402503967285,588034089839411.1,11.108597755432129,128409677554.61778
CsSnI3,mp-614013,p,1.6681005372e+17,0.796505213,243.6155242919922,14.815497398376465,653879012957218.9,11.120448112487793,131961764042.69511
CsSnI3,mp-614013,p,2.1544346900318e+17,0.796505213,240.7906494140625,14.875039100646973,749961727272345.9,11.13494873046875,136442205370.32874
CsSnI3,mp-614013,p,2.7825594022071e+17,0.796505213,237.14784240722656,14.951933860778809,895228419771033.8,11.145133018493652,139679611519.94186
CsSnI3,mp-614013,p,3.5938136638045997e+17,0.796505213,232.4429473876953,15.051259994506836,1125278430956602.6,11.153910636901855,142531428201.16776
CsSnI3,mp-614013,p,4.6415888336127e+17,0.796505213,226.27896118164062,15.179545402526855,1511977758063910.8,11.165247917175293,146301209715.54175
CsSnI3,mp-614013,p,5.9948425031894e+17,0.796505213,218.30804443359375,15.345224380493164,2214238411872758.0,11.179892539978027,151318678545.99078
CsSnI3,mp-614013,p,7.7426368268112e+17,0.796505213,213.35626220703125,15.559395790100098,3625732755647286.5,11.198277473449707,157861953742.6463
CsSnI3,mp-614013,p,1e+18,0.796505213,214.73330688476562,15.837125778198242,6872674541607890.0,11.220839500427246,166279802664.28146
CsSnI3,mp-614013,p,1.29154966501488e+18,0.796505213,216.51177978515625,16.1193790435791,1.3163732353248058e+16,11.249894142150879,177784601311.31937
CsSnI3,mp-614013,p,1.66810053720005e+18,0.796505213,219.96823120117188,16.344030380249023,2.2081591952161e+16,11.28763484954834,193925468602.24487
CsSnI3,mp-614013,p,2.1544346900318802e+18,0.796505213,226.3673553466797,16.537460327148438,3.4471511536882444e+16,11.336664199829102,217102187722.31766
CsSnI3,mp-614013,p,2.78255940220712e+18,0.796505213,245.95217895507812,16.65876579284668,4.557910497983755e+16,11.397090911865234,249511698086.92474
CsSnI3,mp-614013,p,3.5938136638046203e+18,0.796505213,293.3035888671875,16.79109764099121,6.181553623411569e+16,11.463943481445312,291033834553.45984
CsSnI3,mp-614013,p,4.641588833612769e+18,0.796505213,324.4425354003906,16.936277389526367,8.6352991943949e+16,11.5421724319458,348475646074.2493
CsSnI3,mp-614013,p,5.994842503189401e+18,0.796505213,363.0805358886719,17.11318016052246,1.2977174978903394e+17,11.64287281036377,439412907947.91626
CsSnI3,mp-614013,p,7.742636826811269e+18,0.796505213,377.0096740722656,17.218280792236328,1.6530302162093517e+17,11.772259712219238,591915499440.2158
CsSnI3,mp-614013,p,1e+19,0.796505213,377.742431640625,17.309289932250977,2.0384024481576413e+17,11.919342041015625,830504597610.9297
CsSnI3,mp-614013,p,1.291549665014884e+19,0.796505213,362.97149658203125,17.418376922607422,2.6204563061171133e+17,12.072155952453613,1180744557577.3025
CsSnI3,mp-614013,p,1.668100537200058e+19,0.796505213,337.1708068847656,17.54341697692871,3.4947569475239085e+17,12.223849296569824,1674361759165.4194
CsSnI3,mp-614013,p,2.154434690031883e+19,0.796505213,293.5438232421875,17.64352035522461,4.4006857320679955e+17,12.338126182556152,2178342589301.9854
CsSnI3,mp-614013,p,2.7825594022071243e+19,0.796505213,272.8376770019531,17.709463119506836,5.122277697926296e+17,12.462686538696289,2901927370433.7847
CsSnI3,mp-614013,p,3.593813663804627e+19,0.796505213,261.7124938964844,17.782699584960938,6.06316776270612e+17,12.566751480102539,3687665158897.1724
CsSnI3,mp-614013,p,4.641588833612778e+19,0.796505213,252.95977783203125,17.870534896850586,7.422238352308739e+17,12.653429985046387,4502253921755.037
CsSnI3,mp-614013,p,5.994842503189409e+19,0.796505213,232.1093292236328,18.00580406188965,1.01345404842067e+18,12.701601028442383,5030382723161.245
CsSnI3,mp-614013,p,7.74263682681127e+19,0.796505213,202.22640991210938,18.161405563354492,1.450125412550363e+18,12.758013725280762,5728141337039.246
CsSnI3,mp-614013,p,1e+20,0.796505213,181.03909301757812,18.31327247619629,2.0571808656938437e+18,12.778461456298828,6004287184029.394
LiBeSb,mp-1100398,n,1e+16,0.717294335,-775.140869140625,14.693461418151855,493698057159171.0,12.719112396240234,5237359629138.669
LiBeSb,mp-1100398,n,1.291549665014e+16,0.717294335,-774.1461181640625,14.699498176574707,500608450673823.56,12.719527244567871,5242364868708.372
LiBeSb,mp-1100398,n,1.6681005372e+16,0.717294335,-772.8612060546875,14.705334663391113,507381541285755.8,12.71996021270752,5247593829373.975
LiBeSb,mp-1100398,n,2.154434690031e+16,0.717294335,-771.201904296875,14.713177680969238,516627691629474.8,12.720240592956543,5250982766536.166
LiBeSb,mp-1100398,n,2.782559402207e+16,0.717294335,-769.058837890625,14.721704483032227,526871228330840.75,12.720620155334473,5255573998501.944
LiBeSb,mp-1100398,n,3.593813663804e+16,0.717294335,-766.2913818359375,14.736397743225098,545001557279455.56,12.721683502197266,5268457757134.644
LiBeSb,mp-1100398,n,4.641588833612e+16,0.717294335,-762.716552734375,14.751279830932617,564000944059276.0,12.721868515014648,5270702639132.371
LiBeSb,mp-1100398,n,5.994842503189e+16,0.717294335,-758.099609375,14.772092819213867,591688078687567.6,12.72255802154541,5279077303033.69
LiBeSb,mp-1100398,n,7.742636826811e+16,0.717294335,-752.1369018554688,14.798973083496094,629467168821169.6,12.7234468460083,5289892494126.127
LiBeSb,mp-1100398,n,1e+17,0.717294335,-744.4354248046875,14.83368968963623,681851326351909.9,12.724555015563965,5303407708915.591
LiBeSb,mp-1100398,n,1.2915496650148002e+17,0.717294335,-734.4888916015625,14.878527641296387,756010176161761.6,12.725937843322754,5320321088296.513
LiBeSb,mp-1100398,n,1.6681005372e+17,0.717294335,-721.6424560546875,14.936439514160156,863852340313681.8,12.727726936340332,5342283564623.669
LiBeSb,mp-1100398,n,2.1544346900318e+17,0.717294335,-705.050048828125,15.011170387268066,1026054400431901.5,12.730096817016602,5371515299022.635
LiBeSb,mp-1100398,n,2.7825594022071e+17,0.717294335,-684.865234375,15.109679222106934,1287298378197605.5,12.73331069946289,5411413234670.174
LiBeSb,mp-1100398,n,3.5938136638045997e+17,0.717294335,-662.1127319335938,15.238472938537598,1731701122805533.2,12.739578247070312,5490074616663.526
LiBeSb,mp-1100398,n,4.6415888336127e+17,0.717294335,-633.0306396484375,15.399361610412598,2508196805664688.0,12.744452476501465,5552038595585.408
LiBeSb,mp-1100398,n,5.9948425031894e+17,0.717294335,-596.39013671875,15.613739967346191,4109036199975773.0,12.742402076721191,5525887980079.37
LiBeSb,mp-1100398,n,7.7426368268112e+17,0.717294335,-548.5964965820312,15.883167266845703,7641300286455458.0,12.751357078552246,5641012713881.311
LiBeSb,mp-1100398,n,1e+18,0.717294335,-518.9382934570312,16.230545043945312,1.7003763033050802e+16,12.76193904876709,5780149199775.978
LiBeSb,mp-1100398,n,1.29154966501488e+18,0.717294335,-505.9066162109375,16.56883430480957,3.705393239520069e+16,12.772743225097656,5925748634311.46
LiBeSb,mp-1100398,n,1.66810053720005e+18,0.717294335,-497.1219787597656,16.81374168395996,6.512409242136689e+16,12.786412239074707,6115222158942.334
LiBeSb,mp-1100398,n,2.1544346900318802e+18,0.717294335,-485.46966552734375,16.90500831604004,8.035415085643525e+16,12.8029203414917,6352144098251.234
LiBeSb,mp-1100398,n,2.78255940220712e+18,0.717294335,-465.3617248535156,17.005477905273438,1.0126932267481746e+17,12.824223518371582,6671500430292.887
LiBeSb,mp-1100398,n,3.5938136638046203e+18,0.717294335,-446.13885498046875,17.13331413269043,1.3592962935464856e+17,12.84853458404541,7055610275484.727
LiBeSb,mp-1100398,n,4.641588833612769e+18,0.717294335,-423.4679260253906,17.274656295776367,1.8821589438480454e+17,12.872797966003418,7461015908552.287
LiBeSb,mp-1100398,n,5.994842503189401e+18,0.717294335,-391.4897766113281,17.4062442779541,2.5482631731228752e+17,12.897603034973145,7899562417550.292
LiBeSb,mp-1100398,n,7.742636826811269e+18,0.717294335,-354.4860534667969,17.523990631103516,3.341878306207595e+17,12.923636436462402,8387575384225.203
LiBeSb,mp-1100398,n,1e+19,0.717294335,-324.4295654296875,17.62496566772461,4.2166316837863654e+17,12.952852249145508,8971235331535.14
LiBeSb,mp-1100398,n,1.291549665014884e+19,0.717294335,-290.83056640625,17.70378303527832,5.0557202536442496e+17,12.985337257385254,9668013705228.129
LiBeSb,mp-1100398,n,1.668100537200058e+19,0.717294335,-284.87579345703125,17.792375564575195,6.199769804427238e+17,13.027261734008789,10647845330820.662
LiBeSb,mp-1100398,n,2.154434690031883e+19,0.717294335,-280.1543884277344,17.86898422241211,7.395784062497356e+17,13.076937675476074,11938167704869.781
LiBeSb,mp-1100398,n,2.7825594022071243e+19,0.717294335,-275.1237487792969,17.95845603942871,9.087743055880742e+17,13.131979942321777,13551268250361.762
LiBeSb,mp-1100398,n,3.593813663804627e+19,0.717294335,-267.5382080078125,18.072729110717773,1.1823038688212334e+18,13.174262046813965,14936954112625.965
LiBeSb,mp-1100398,n,4.641588833612778e+19,0.717294335,-255.39651489257812,18.18997573852539,1.5487300980675968e+18,13.207367897033691,16120106140730.188
LiBeSb,mp-1100398,n,5.994842503189409e+19,0.717294335,-233.74447631835938,18.34455680847168,2.2108374289386993e+18,13.191668510437012,15547784427428.178
LiBeSb,mp-1100398,n,7.74263682681127e+19,0.717294335,-177.07565307617188,18.504783630371094,3.1973017867527736e+18,13.09595012664795,12472402758925.066
LiBeSb,mp-1100398,n,1e+20,0.717294335,-162.01434326171875,18.678922653198242,4.774442344164667e+18,12.951298713684082,8939201228162.41
LiBeSb,mp-1100398,p,1e+16,0.717294335,848.94775390625,14.495079040527344,312664835765449.7,12.924355506896973,8401474371028.64
LiBeSb,mp-1100398,p,1.291549665014e+16,0.717294335,848.1477661132812,14.49947738647461,315847458373944.2,12.924479484558105,8403873074838.533
LiBeSb,mp-1100398,p,1.6681005372e+16,0.717294335,847.114501953125,14.505148887634277,319999196354138.9,12.924643516540527,8407047797013.313
LiBeSb,mp-1100398,p,2.154434690031e+16,0.717294335,845.7801513671875,14.512484550476074,325450205777432.5,12.924853324890137,8411110236278.422
LiBeSb,mp-1100398,p,2.782559402207e+16,0.717294335,844.056640625,14.521956443786621,332626191912431.25,12.925122261047363,8416320415752.848
LiBeSb,mp-1100398,p,3.593813663804e+16,0.717294335,841.830810546875,14.534188270568848,342127725820410.7,12.925471305847168,8423087376479.038
LiBeSb,mp-1100398,p,4.641588833612e+16,0.717294335,838.9558715820312,14.549985885620117,354801858141668.3,12.925919532775879,8431785169565.668
LiBeSb,mp-1100398,p,5.994842503189e+16,0.717294335,835.2428588867188,14.570390701293945,371869621116202.8,12.92650318145752,8443124269617.65
LiBeSb,mp-1100398,p,7.742636826811e+16,0.717294335,830.4471435546875,14.596722602844238,395114167960208.7,12.92724323272705,8457523880496.995
LiBeSb,mp-1100398,p,1e+17,0.717294335,824.2529907226562,14.630730628967285,427297772616079.2,12.928214073181152,8476451338742.952
LiBeSb,mp-1100398,p,1.2915496650148002e+17,0.717294335,816.0411376953125,14.676806449890137,475123432583231.44,12.93104076385498,8531801916674.148
LiBeSb,mp-1100398,p,1.6681005372e+17,0.717294335,805.6947631835938,14.73352336883545,541406379489768.44,12.932683944702148,8564143677879.831
LiBeSb,mp-1100398,p,2.1544346900318e+17,0.717294335,791.99462890625,14.807523727416992,641983294919904.4,12.927021980285645,8453216270546.387
LiBeSb,mp-1100398,p,2.7825594022071e+17,0.717294335,774.953125,14.901290893554688,796692802287854.0,12.931675910949707,8544288636887.263
LiBeSb,mp-1100398,p,3.5938136638045997e+17,0.717294335,754.6222534179688,15.023667335510254,1056008309329974.0,12.935166358947754,8613236238670.811
LiBeSb,mp-1100398,p,4.6415888336127e+17,0.717294335,728.3638916015625,15.181715965270996,1519553395282734.5,12.938384056091309,8677288881642.745
LiBeSb,mp-1100398,p,5.9948425031894e+17,0.717294335,694.4501342773438,15.385851860046387,2431374513973330.0,12.942153930664062,8752939580897.442
LiBeSb,mp-1100398,p,7.7426368268112e+17,0.717294335,650.6480102539062,15.649510383605957,4461802922388528.5,12.946968078613281,8850505547115.283
LiBeSb,mp-1100398,p,1e+18,0.717294335,607.8984985351562,15.990042686462402,9773332775527820.0,12.953131675720215,8977009312737.898
LiBeSb,mp-1100398,p,1.29154966501488e+18,0.717294335,576.1862182617188,16.330602645874023,2.1409308778311468e+16,12.961090087890625,9143028802497.691
LiBeSb,mp-1100398,p,1.66810053720005e+18,0.717294335,535.2267456054688,16.660768508911133,4.578977493646282e+16,12.971427917480469,9363277989274.908
LiBeSb,mp-1100398,p,2.1544346900318802e+18,0.717294335,496.0611267089844,16.79856300354004,6.288730787548783e+16,12.983436584472656,9625794471989.064
LiBeSb,mp-1100398,p,2.78255940220712e+18,0.717294335,449.7329406738281,16.898000717163086,7.906799336714757e+16,12.995848655700684,9904867168343.395
LiBeSb,mp-1100398,p,3.5938136638046203e+18,0.717294335,430.7448425292969,17.024675369262695,1.0584622395705467e+17,13.011529922485352,10269041819725.418
LiBeSb,mp-1100398,p,4.641588833612769e+18,0.717294335,425.85760498046875,17.156829833984375,1.4349270875760155e+17,13.031965255737305,10763790981121.549
LiBeSb,mp-1100398,p,5.994842503189401e+18,0.717294335,422.9542236328125,17.2758731842041,1.8874401282493702e+17,13.052098274230957,11274525526641.643
LiBeSb,mp-1100398,p,7.742636826811269e+18,0.717294335,400.3628234863281,17.378095626831055,2.3883371103789683e+17,13.083856582641602,12129882184042.055
LiBeSb,mp-1100398,p,1e+19,0.717294335,362.9025573730469,17.491928100585938,3.104045656801989e+17,13.118243217468262,13129349747198.557
LiBeSb,mp-1100398,p,1.291549665014884e+19,0.717294335,308.4434509277344,17.58946418762207,3.885654551187919e+17,13.15112018585205,14161856383289.785
LiBeSb,mp-1100398,p,1.668100537200058e+19,0.717294335,263.22808837890625,17.69645118713379,4.9710849768879674e+17,13.19070053100586,15513169260660.08
LiBeSb,mp-1100398,p,2.154434690031883e+19,0.717294335,252.8642120361328,17.784543991088867,6.088972198011226e+17,13.23365592956543,17125999600914.033
LiBeSb,mp-1100398,p,2.7825594022071243e+19,0.717294335,242.42523193359375,17.860227584838867,7.248156882422316e+17,13.284626960754395,19258699676518.062
LiBeSb,mp-1100398,p,3.593813663804627e+19,0.717294335,229.0953369140625,17.952299118041992,8.959816557418623e+17,13.348810195922852,22325962756195.17
LiBeSb,mp-1100398,p,4.641588833612778e+19,0.717294335,220.1245574951172,18.07315444946289,1.1834623592006484e+18,13.42334270477295,26505909131584.965
LiBeSb,mp-1100398,p,5.994842503189409e+19,0.717294335,217.459228515625,18.234851837158203,1.717322409700629e+18,13.469071388244629,29449056702703.89
LiBeSb,mp-1100398,p,7.74263682681127e+19,0.717294335,195.90980529785156,18.41425895690918,2.595726655530827e+18,13.36678409576416,23269341629660.92
LiBeSb,mp-1100398,p,1e+20,0.717294335,174.554443359375,18.588489532470703,3.8769440404111565e+18,13.315051078796387,20656230862206.793
LiMgSb,mp-1207082,n,1e+16,0.377289891,-632.758056640625,15.94762134552002,8863828518647635.0,12.794111251831055,6224597182665.381
LiMgSb,mp-1207082,n,1.291549665014e+16,0.377289891,-631.7200927734375,15.951892852783203,8951438923559817.0,12.79416561126709,6225376346996.315
LiMgSb,mp-1207082,n,1.6681005372e+16,0.377289891,-630.3795776367188,15.95759105682373,9069661046825828.0,12.794166564941406,6225390017416.498
LiMgSb,mp-1207082,n,2.154434690031e+16,0.377289891,-628.6482543945312,15.96505069732666,9226791297322126.0,12.794154167175293,6225212304295.592
LiMgSb,mp-1207082,n,2.782559402207e+16,0.377289891,-626.411865234375,15.974698066711426,9434047676893962.0,12.79433536529541,6227810154741.138
LiMgSb,mp-1207082,n,3.593813663804e+16,0.377289891,-623.5236206054688,15.987181663513184,9709160123066002.0,12.794501304626465,6230190189837.656
LiMgSb,mp-1207082,n,4.641588833612e+16,0.377289891,-619.7933349609375,16.003345489501953,1.0077330208059832e+16,12.794907569885254,6236021012426.839
LiMgSb,mp-1207082,n,5.994842503189e+16,0.377289891,-614.455810546875,16.022750854492188,1.0537821905232416e+16,12.788650512695312,6146820240925.078
LiMgSb,mp-1207082,n,7.742636826811e+16,0.377289891,-608.085693359375,16.04602813720703,1.111803756838543e+16,12.789494514465332,6158777499695.623
LiMgSb,mp-1207082,n,1e+17,0.377289891,-600.02099609375,16.081148147583008,1.2054470752630582e+16,12.790375709533691,6171286509506.467
LiMgSb,mp-1207082,n,1.2915496650148002e+17,0.377289891,-589.6035766601562,16.126508712768555,1.3381620609461274e+16,12.791516304016113,6187515559072.641
LiMgSb,mp-1207082,n,1.6681005372e+17,0.377289891,-576.1503295898438,16.185089111328125,1.5314016522632212e+16,12.792985916137695,6208489002137.023
LiMgSb,mp-1207082,n,2.1544346900318e+17,0.377289891,-558.774169921875,16.260759353637695,1.8228853457442584e+16,12.79488468170166,6235692370367.749
LiMgSb,mp-1207082,n,2.7825594022071e+17,0.377289891,-536.332763671875,16.358484268188477,2.2828862282880256e+16,12.797337532043457,6271010559162.8545
LiMgSb,mp-1207082,n,3.5938136638045997e+17,0.377289891,-507.346923828125,16.48470115661621,3.0528197074434068e+16,12.80050277709961,6316882186100.707
LiMgSb,mp-1207082,n,4.6415888336127e+17,0.377289891,-469.9112548828125,16.64426040649414,4.408191029884361e+16,12.804593086242676,6376657430227.318
LiMgSb,mp-1207082,n,5.9948425031894e+17,0.377289891,-421.5612487792969,16.822681427001953,6.6478532971753144e+16,12.809874534606934,6454677298622.125
LiMgSb,mp-1207082,n,7.7426368268112e+17,0.377289891,-359.0619812011719,16.968215942382812,9.294284076074629e+16,12.816612243652344,6555596937111.462
LiMgSb,mp-1207082,n,1e+18,0.377289891,-314.3614196777344,17.06157112121582,1.1523147504938666e+17,12.824707984924316,6678946811436.856
LiMgSb,mp-1207082,n,1.29154966501488e+18,0.377289891,-296.5166015625,17.145605087280273,1.3983152280886702e+17,12.835831642150879,6852225427707.365
LiMgSb,mp-1207082,n,1.66810053720005e+18,0.377289891,-289.5622253417969,17.22181510925293,1.6665375720009728e+17,12.853306770324707,7133567422792.415
LiMgSb,mp-1207082,n,2.1544346900318802e+18,0.377289891,-283.4296569824219,17.319284439086914,2.0858565575706752e+17,12.870187759399414,7416308027253.175
LiMgSb,mp-1207082,n,2.78255940220712e+18,0.377289891,-281.3874206542969,17.446073532104492,2.7930166978327354e+17,12.892363548278809,7804831802740.66
LiMgSb,mp-1207082,n,3.5938136638046203e+18,0.377289891,-275.40802001953125,17.5301570892334,3.389667420776221e+17,12.922566413879395,8366935361679.008
LiMgSb,mp-1207082,n,4.641588833612769e+18,0.377289891,-277.2337951660156,17.613285064697266,4.104734434890627e+17,12.949423789978027,8900692349021.29
LiMgSb,mp-1207082,n,5.994842503189401e+18,0.377289891,-279.0993347167969,17.672611236572266,4.705559145659342e+17,12.978711128234863,9521626206455.045
LiMgSb,mp-1207082,n,7.742636826811269e+18,0.377289891,-278.24609375,17.740232467651367,5.4983510894146515e+17,13.016590118408203,10389391654432.83
LiMgSb,mp-1207082,n,1e+19,0.377289891,-280.6253967285156,17.81825065612793,6.580375187790756e+17,13.062629699707031,11551269056090.16
LiMgSb,mp-1207082,n,1.291549665014884e+19,0.377289891,-278.1783142089844,17.882783889770508,7.634557841324502e+17,13.09951114654541,12575091290184.277
LiMgSb,mp-1207082,n,1.668100537200058e+19,0.377289891,-270.20458984375,17.950349807739258,8.919690961590757e+17,13.144360542297363,13943138531247.66
LiMgSb,mp-1207082,n,2.154434690031883e+19,0.377289891,-260.60504150390625,18.027761459350586,1.0660104433512283e+18,13.194637298583984,15654431428173.688
LiMgSb,mp-1207082,n,2.7825594022071243e+19,0.377289891,-247.31690979003906,18.103994369506836,1.2705576327164017e+18,13.255961418151855,18028575715050.926
LiMgSb,mp-1207082,n,3.593813663804627e+19,0.377289891,-230.9554901123047,18.2174129486084,1.6497302908979336e+18,13.32699966430664,21232428208124.53
LiMgSb,mp-1207082,n,4.641588833612778e+19,0.377289891,-197.18923950195312,18.363239288330078,2.308018514510409e+18,13.421431541442871,26389523071632.92
LiMgSb,mp-1207082,n,5.994842503189409e+19,0.377289891,-153.56072998046875,18.51384162902832,3.2646875950373294e+18,13.47004222869873,29514962019555.387
LiMgSb,mp-1207082,n,7.74263682681127e+19,0.377289891,-111.07038879394531,18.676082611083984,4.743322037007484e+18,13.431754112243652,27024278770744.977
LiMgSb,mp-1207082,n,1e+20,0.377289891,-125.44181060791016,18.822206497192383,6.640587402436852e+18,13.308547973632812,20349229678880.656
LiMgSb,mp-1207082,p,1e+16,0.377289891,657.5282592773438,15.760592460632324,5762254830276850.0,13.033979415893555,10813826961589.256
LiMgSb,mp-1207082,p,1.291549665014e+16,0.377289891,656.52099609375,15.764744758605957,5817612074734763.0,13.034065246582031,10815964336055.197
LiMgSb,mp-1207082,p,1.6681005372e+16,0.377289891,654.625244140625,15.77529525756836,5960672455078044.0,13.028311729431152,10673619811991.633
LiMgSb,mp-1207082,p,2.154434690031e+16,0.377289891,652.7720947265625,15.779894828796387,6024136845100384.0,13.02807331085205,10667761826257.889
LiMgSb,mp-1207082,p,2.782559402207e+16,0.377289891,650.59423828125,15.789185523986816,6154397230373844.0,13.028278350830078,10672799500378.281
LiMgSb,mp-1207082,p,3.593813663804e+16,0.377289891,647.7813110351562,15.801196098327637,6326974707295213.0,13.028542518615723,10679293406199.252
LiMgSb,mp-1207082,p,4.641588833612e+16,0.377289891,644.1486206054688,15.816697120666504,6556878265549060.0,13.02888011932373,10687598228941.982
LiMgSb,mp-1207082,p,5.994842503189e+16,0.377289891,639.456298828125,15.83673095703125,6866429368238731.0,13.02932071685791,10698446441539.803
LiMgSb,mp-1207082,p,7.742636826811e+16,0.377289891,633.396240234375,15.86259937286377,7287849119733771.0,13.029889106750488,10712457372012.78
LiMgSb,mp-1207082,p,1e+17,0.377289891,625.5693359375,15.896014213562012,7870715485008520.0,13.030619621276855,10730491658325.617
LiMgSb,mp-1207082,p,1.2915496650148002e+17,0.377289891,615.4607543945312,15.939166069030762,8692927729298682.0,13.031570434570312,10754009964956.803
LiMgSb,mp-1207082,p,1.6681005372e+17,0.377289891,602.40478515625,15.994898796081543,9883227583413076.0,13.032792091369629,10784303245813.201
LiMgSb,mp-1207082,p,2.1544346900318e+17,0.377289891,585.54296875,16.06688690185547,1.1665057982771812e+16,13.034289360046387,10821547250156.193
LiMgSb,mp-1207082,p,2.7825594022071e+17,0.377289891,563.7639770507812,16.159852981567383,1.4449505397439818e+16,13.036222457885742,10869822640224.988
LiMgSb,mp-1207082,p,3.5938136638045997e+17,0.377289891,535.8603515625,16.28272247314453,1.9174430469880204e+16,13.03951358795166,10952508223976.104
LiMgSb,mp-1207082,p,4.6415888336127e+17,0.377289891,500.0213317871094,16.438425064086914,2.7442587908792132e+16,13.045565605163574,11106202945985.082
LiMgSb,mp-1207082,p,5.9948425031894e+17,0.377289891,453.40386962890625,16.636005401611328,4.325192105326436e+16,13.049426078796387,11205366835102.686
LiMgSb,mp-1207082,p,7.7426368268112e+17,0.377289891,392.9335632324219,16.829835891723633,6.758275499689975e+16,13.054752349853516,11343637766718.078
LiMgSb,mp-1207082,p,1e+18,0.377289891,323.6383361816406,16.971668243408203,9.368460788703179e+16,13.064474105834961,11600430482380.088
LiMgSb,mp-1207082,p,1.29154966501488e+18,0.377289891,285.3043518066406,17.068756103515625,1.171537254341217e+17,13.072527885437012,11817561890092.783
LiMgSb,mp-1207082,p,1.66810053720005e+18,0.377289891,248.22943115234375,17.14006233215332,1.3805823985928827e+17,13.082539558410645,12093153303564.705
LiMgSb,mp-1207082,p,2.1544346900318802e+18,0.377289891,211.39083862304688,17.232145309448242,1.70665331812914e+17,13.095419883728027,12457184127498.861
LiMgSb,mp-1207082,p,2.78255940220712e+18,0.377289891,171.5858917236328,17.347946166992188,2.228158940529296e+17,13.111871719360352,12938136221024.916
LiMgSb,mp-1207082,p,3.5938136638046203e+18,0.377289891,206.9249267578125,17.432180404663086,2.7050818138618973e+17,13.131163597106934,13525819798132.951
LiMgSb,mp-1207082,p,4.641588833612769e+18,0.377289891,230.41146850585938,17.518503189086914,3.299918310794687e+17,13.155045509338379,14290436989029.541
LiMgSb,mp-1207082,p,5.994842503189401e+18,0.377289891,259.85614013671875,17.580881118774414,3.809615269445348e+17,13.180027961730957,15136587011017.09
LiMgSb,mp-1207082,p,7.742636826811269e+18,0.377289891,290.21685791015625,17.64594078063965,4.4252802618156576e+17,13.202290534973145,15932742415957.9
LiMgSb,mp-1207082,p,1e+19,0.377289891,314.6664733886719,17.726282119750977,5.324540316060173e+17,13.224640846252441,16774162512168.133
LiMgSb,mp-1207082,p,1.291549665014884e+19,0.377289891,309.91693115234375,17.81406593322754,6.517273297518522e+17,13.257505416870117,18092784768896.016
LiMgSb,mp-1207082,p,1.668100537200058e+19,0.377289891,274.5019836425781,17.918344497680664,8.285991771487315e+17,13.3015718460083,20024968703453.223
LiMgSb,mp-1207082,p,2.154434690031883e+19,0.377289891,245.24281311035156,18.00782585144043,1.018183023062282e+18,13.348647117614746,22317580893445.31
LiMgSb,mp-1207082,p,2.7825594022071243e+19,0.377289891,235.27593994140625,18.100154876708984,1.2593744458094495e+18,13.404643058776855,25388851697217.89
LiMgSb,mp-1207082,p,3.593813663804627e+19,0.377289891,225.7923583984375,18.174535751342773,1.4946370765870712e+18,13.470829010009766,29568480700711.926
LiMgSb,mp-1207082,p,4.641588833612778e+19,0.377289891,223.91331481933594,18.290000915527344,1.949848710190029e+18,13.540993690490723,34753111241127.54
LiMgSb,mp-1207082,p,5.994842503189409e+19,0.377289891,213.99583435058594,18.444673538208008,2.7840276114438615e+18,13.621988296508789,41878227950188.61
LiMgSb,mp-1207082,p,7.74263682681127e+19,0.377289891,187.96914672851562,18.62691307067871,4.2355817724470385e+18,13.616131782531738,41317285634566.984
LiMgSb,mp-1207082,p,1e+20,0.377289891,154.27085876464844,18.796125411987305,6.253532510710811e+18,13.635679244995117,43219450909239.91
Mg3SbN,mp-1080847,n,1e+16,0.411554098,-423.16363525390625,15.924508094787598,8404426719121782.0,9.963423728942871,9192290250.75287
Mg3SbN,mp-1080847,n,1.291549665014e+16,0.411554098,-421.4283142089844,15.930159568786621,8514508214021476.0,9.969399452209473,9319646770.46085
Mg3SbN,mp-1080847,n,1.6681005372e+16,0.411554098,-418.8316955566406,15.9358491897583,8626789275447812.0,9.975619316101074,9454080939.068916
Mg3SbN,mp-1080847,n,2.154434690031e+16,0.411554098,-416.6885681152344,15.943177223205566,8773587732241597.0,9.982548713684082,9606135618.722862
Mg3SbN,mp-1080847,n,2.782559402207e+16,0.411554098,-414.1302185058594,15.9533052444458,8980597752219896.0,9.99190616607666,9815358488.90558
Mg3SbN,mp-1080847,n,3.593813663804e+16,0.411554098,-410.8257751464844,15.966395378112793,9255403948430444.0,10.003989219665527,10092278340.691235
Mg3SbN,mp-1080847,n,4.641588833612e+16,0.411554098,-406.5589904785156,15.983296394348145,9622687769957180.0,10.0195951461792,10461528588.014194
Mg3SbN,mp-1080847,n,5.994842503189e+16,0.411554098,-401.0469665527344,16.005123138427734,1.0118663148341462e+16,10.03975772857666,10958666957.376238
Mg3SbN,mp-1080847,n,7.742636826811e+16,0.411554098,-393.9283447265625,16.03331184387207,1.0797217349565986e+16,10.065792083740234,11635688434.194675
Mg3SbN,mp-1080847,n,1e+17,0.411554098,-385.2979736328125,16.069982528686523,1.1748502907180076e+16,10.099715232849121,12581002042.247076
Mg3SbN,mp-1080847,n,1.2915496650148002e+17,0.411554098,-375.1621398925781,16.117462158203125,1.3105758417312404e+16,10.143316268920898,13909652135.551186
Mg3SbN,mp-1080847,n,1.6681005372e+17,0.411554098,-362.0047912597656,16.1758975982666,1.4993312684425698e+16,10.198882102966309,15808188393.62752
Mg3SbN,mp-1080847,n,2.1544346900318e+17,0.411554098,-344.1277160644531,16.254432678222656,1.7965225722204274e+16,10.271689414978027,18693448032.024902
Mg3SbN,mp-1080847,n,2.7825594022071e+17,0.411554098,-322.5757141113281,16.35582160949707,2.2689326752203936e+16,10.365309715270996,23190478795.781948
Mg3SbN,mp-1080847,n,3.5938136638045997e+17,0.411554098,-296.0686950683594,16.487028121948242,3.0692207237550424e+16,10.486157417297363,30630734947.08189
Mg3SbN,mp-1080847,n,4.6415888336127e+17,0.411554098,-266.0259094238281,16.6566219329834,4.535466181386435e+16,10.642233848571777,43876689094.775024
Mg3SbN,mp-1080847,n,5.9948425031894e+17,0.411554098,-227.22482299804688,16.846067428588867,7.015642148691621e+16,10.843815803527832,69793632692.02399
Mg3SbN,mp-1080847,n,7.7426368268112e+17,0.411554098,-207.225830078125,16.957189559936523,9.061280194368171e+16,11.104178428649902,127109622420.60104
Mg3SbN,mp-1080847,n,1e+18,0.411554098,-203.95155334472656,17.052608489990234,1.1287778794166038e+17,11.41121768951416,257761285815.81668
Mg3SbN,mp-1080847,n,1.29154966501488e+18,0.411554098,-200.13671875,17.122119903564453,1.3247072206908643e+17,11.657505989074707,454470804479.6353
Mg3SbN,mp-1080847,n,1.66810053720005e+18,0.411554098,-202.34085083007812,17.188753128051758,1.5443762990473094e+17,11.758557319641113,573531558167.8826
Mg3SbN,mp-1080847,n,2.1544346900318802e+18,0.411554098,-207.12454223632812,17.26824378967285,1.8545723889299168e+17,11.82890796661377,674385100435.8667
Mg3SbN,mp-1080847,n,2.78255940220712e+18,0.411554098,-213.26992797851562,17.362356185913086,2.3033301154088867e+17,11.916897773742676,825843535800.2944
Mg3SbN,mp-1080847,n,3.5938136638046203e+18,0.411554098,-211.36813354492188,17.465173721313477,2.9185942418923546e+17,12.028878211975098,1068755129090.3494
Mg3SbN,mp-1080847,n,4.641588833612769e+18,0.411554098,-207.82614135742188,17.586923599243164,3.862990136458537e+17,12.1478271484375,1405488020928.949
Mg3SbN,mp-1080847,n,5.994842503189401e+18,0.411554098,-203.25039672851562,17.720186233520508,5.2503255567152666e+17,12.29874324798584,1989496813937.6155
Mg3SbN,mp-1080847,n,7.742636826811269e+18,0.411554098,-201.01536560058594,17.87128257751465,7.435027471323997e+17,12.493037223815918,3111983056866.551
Mg3SbN,mp-1080847,n,1e+19,0.411554098,-196.04129028320312,17.963361740112305,9.190978286907845e+17,12.7068510055542,5091561636683.969
Mg3SbN,mp-1080847,n,1.291549665014884e+19,0.411554098,-184.6577606201172,18.034912109375,1.0837075758101841e+18,12.939787864685059,8705382633031.287
Mg3SbN,mp-1080847,n,1.668100537200058e+19,0.411554098,-170.33229064941406,18.08844566345215,1.2258735184997445e+18,13.161541938781738,14505808466724.277
Mg3SbN,mp-1080847,n,2.154434690031883e+19,0.411554098,-149.667236328125,18.139890670776367,1.380036810624034e+18,13.36280345916748,23057035018658.883
Mg3SbN,mp-1080847,n,2.7825594022071243e+19,0.411554098,-120.68172454833984,18.188814163208008,1.544593358845749e+18,13.530732154846191,33941587794780.758
Mg3SbN,mp-1080847,n,3.593813663804627e+19,0.411554098,-89.92611694335938,18.261268615722656,1.8250241500119805e+18,13.620427131652832,41727957909935.82
Mg3SbN,mp-1080847,n,4.641588833612778e+19,0.411554098,-56.992557525634766,18.349245071411133,2.2348329783601795e+18,13.713606834411621,51713845596478.76
Mg3SbN,mp-1080847,n,5.994842503189409e+19,0.411554098,-36.87543487548828,18.467859268188477,2.936697869708409e+18,13.776890754699707,59826108558908.75
Mg3SbN,mp-1080847,n,7.74263682681127e+19,0.411554098,-32.37299346923828,18.635459899902344,4.3197627972763054e+18,13.802714347839355,63491318769503.33
Mg3SbN,mp-1080847,n,1e+20,0.411554098,-56.10482406616211,18.835195541381836,6.842196482930675e+18,13.740635871887207,55034607297112.445
Mg3SbN,mp-1080847,p,1e+16,0.411554098,519.6576538085938,15.09898853302002,1255996800297903.8,9.124418258666992,1331736364.1323
Mg3SbN,mp-1080847,p,1.291549665014e+16,0.411554098,518.61474609375,15.103683471679688,1269648405755144.2,9.128497123718262,1344302863.4806318
Mg3SbN,mp-1080847,p,1.6681005372e+16,0.411554098,517.2677612304688,15.109749794006348,1287507578353431.0,9.133761405944824,1360696933.1649985
Mg3SbN,mp-1080847,p,2.154434690031e+16,0.411554098,515.5275268554688,15.117584228515625,1310944266602010.0,9.140563011169434,1382174929.151121
Mg3SbN,mp-1080847,p,2.782559402207e+16,0.411554098,513.3903198242188,15.129319190979004,1346849877077739.2,9.151346206665039,1416922858.692131
Mg3SbN,mp-1080847,p,3.593813663804e+16,0.411554098,510.7262268066406,15.144712448120117,1395444113880838.8,9.16414737701416,1459309390.1518993
Mg3SbN,mp-1080847,p,4.641588833612e+16,0.411554098,507.25897216796875,15.160605430603027,1447456199161314.2,9.17862319946289,1508770553.715345
Mg3SbN,mp-1080847,p,5.994842503189e+16,0.411554098,502.4361572265625,15.182156562805176,1521095784688908.8,9.198037147521973,1577746216.9717414
Mg3SbN,mp-1080847,p,7.742636826811e+16,0.411554098,496.2074279785156,15.210373878479004,1623206893763912.5,9.222899436950684,1670703709.7564037
Mg3SbN,mp-1080847,p,1e+17,0.411554098,488.1634521484375,15.246672630310059,1764707089051529.2,9.254487037658691,1796747452.0426738
Mg3SbN,mp-1080847,p,1.2915496650148002e+17,0.411554098,477.7745666503906,15.293618202209473,1966157037993772.0,9.295247077941895,1973545202.1503406
Mg3SbN,mp-1080847,p,1.6681005372e+17,0.411554098,464.3558654785156,15.354262351989746,2260801080103049.0,9.347888946533203,2227865388.8407207
Mg3SbN,mp-1080847,p,2.1544346900318e+17,0.411554098,447.0248718261719,15.432607650756836,2707744302938322.0,9.415875434875488,2605406155.5393515
Mg3SbN,mp-1080847,p,2.7825594022071e+17,0.411554098,424.6409912109375,15.533782005310059,3418078285544900.0,9.503678321838379,3189174785.911672
Mg3SbN,mp-1080847,p,3.5938136638045997e+17,0.411554098,395.7314147949219,15.664469718933105,4618167907201180.0,9.61709213256836,4140875113.0185933
Mg3SbN,mp-1080847,p,4.6415888336127e+17,0.411554098,358.3930358886719,15.833250999450684,6811629214246845.0,9.763566017150879,5801843597.067489
Mg3SbN,mp-1080847,p,5.9948425031894e+17,0.411554098,310.24798583984375,16.051246643066406,1.1252438372474384e+16,9.952751159667969,8969147365.902239
Mg3SbN,mp-1080847,p,7.7426368268112e+17,0.411554098,249.62750244140625,16.29109764099121,1.95477889284473e+16,10.197100639343262,15743476468.049437
Mg3SbN,mp-1080847,p,1e+18,0.411554098,191.19717407226562,16.44610595703125,2.79322523546446e+16,10.488972663879395,30829938889.64443
Mg3SbN,mp-1080847,p,1.29154966501488e+18,0.411554098,144.73049926757812,16.559282302856445,3.624785424570185e+16,10.848998069763184,70631441501.71866
Mg3SbN,mp-1080847,p,1.66810053720005e+18,0.411554098,127.2634048461914,16.624916076660156,4.2161502240302776e+16,11.002996444702148,100692342576.44641
Mg3SbN,mp-1080847,p,2.1544346900318802e+18,0.411554098,122.90673065185547,16.70420265197754,5.060607467151512e+16,11.075275421142578,118925619156.26009
Mg3SbN,mp-1080847,p,2.78255940220712e+18,0.411554098,126.52452850341797,16.801807403564453,6.3358867157888664e+16,11.161624908447266,145085799895.02808
Mg3SbN,mp-1080847,p,3.5938136638046203e+18,0.411554098,204.23875427246094,16.907859802246094,8.088347512123789e+16,11.272765159606934,187398089763.3595
Mg3SbN,mp-1080847,p,4.641588833612769e+18,0.411554098,292.5382385253906,17.03482437133789,1.0834886626633781e+17,11.405919075012207,254635572892.72888
Mg3SbN,mp-1080847,p,5.994842503189401e+18,0.411554098,364.41961669921875,17.163835525512695,1.4582618878435674e+17,11.554396629333496,358423626218.82434
Mg3SbN,mp-1080847,p,7.742636826811269e+18,0.411554098,435.3680725097656,17.28561782836914,1.930268966130001e+17,11.73751449584961,546404787436.7148
Mg3SbN,mp-1080847,p,1e+19,0.411554098,469.7987060546875,17.376373291015625,2.3788841406987654e+17,11.95805835723877,907942524495.851
Mg3SbN,mp-1080847,p,1.291549665014884e+19,0.411554098,461.18243408203125,17.454572677612305,2.8482143986822448e+17,12.197115898132324,1574402961946.3354
Mg3SbN,mp-1080847,p,1.668100537200058e+19,0.411554098,420.6064758300781,17.548940658569336,3.539489746536337e+17,12.404789924621582,2539743892513.869
Mg3SbN,mp-1080847,p,2.154434690031883e+19,0.411554098,355.7193298339844,17.630765914916992,4.27332491501257e+17,12.607467651367188,4050117765164.9
Mg3SbN,mp-1080847,p,2.7825594022071243e+19,0.411554098,307.0928649902344,17.685400009155273,4.8461852245632704e+17,12.800338745117188,6314496765387.527
Mg3SbN,mp-1080847,p,3.593813663804627e+19,0.411554098,300.1667175292969,17.749155044555664,5.612483077590368e+17,12.906712532043457,8067008824974.604
Mg3SbN,mp-1080847,p,4.641588833612778e+19,0.411554098,297.06378173828125,17.818601608276367,6.585694919599192e+17,12.979503631591797,9539017193812.426
Mg3SbN,mp-1080847,p,5.994842503189409e+19,0.411554098,299.59320068359375,17.90385627746582,8.014128052625352e+17,13.059905052185059,11479026333625.67
Mg3SbN,mp-1080847,p,7.74263682681127e+19,0.411554098,300.2748718261719,18.062070846557617,1.1536414362617828e+18,13.082493782043457,12091878704242.426
Mg3SbN,mp-1080847,p,1e+20,0.411554098,268.5942077636719,18.2413387298584,1.743165933124837e+18,13.10312557220459,12680184485828.709
Na3BrO,mp-985586,n,1e+16,2.046980619,-611.4827270507812,15.235821723937988,1721161900216394.2,9.858769416809082,7223861599.231676
Na3BrO,mp-985586,n,1.291549665014e+16,2.046980619,-610.427490234375,15.237990379333496,1729778040049950.2,9.85710620880127,7196249442.222734
Na3BrO,mp-985586,n,1.6681005372e+16,2.046980619,-609.345947265625,15.243983268737793,1753812934625200.0,9.862595558166504,7287785105.989246
Na3BrO,mp-985586,n,2.154434690031e+16,2.046980619,-607.948974609375,15.251609802246094,1784883201759914.8,9.86877727508545,7392260708.642388
Na3BrO,mp-985586,n,2.782559402207e+16,2.046980619,-606.1448974609375,15.261521339416504,1826086473131129.0,9.877549171447754,7543087949.429038
Na3BrO,mp-985586,n,3.593813663804e+16,2.046980619,-603.814697265625,15.274312019348145,1880667499178624.8,9.888784408569336,7740774367.340863
Na3BrO,mp-985586,n,4.641588833612e+16,2.046980619,-600.8050537109375,15.29086971282959,1953753247157321.0,9.90318489074707,8001748382.799411
Na3BrO,mp-985586,n,5.994842503189e+16,2.046980619,-596.9180908203125,15.312233924865723,2052267297824445.8,9.92177963256836,8351791284.767802
Na3BrO,mp-985586,n,7.742636826811e+16,2.046980619,-591.8975219726562,15.33983039855957,2186907422257927.2,9.945786476135254,8826458348.349684
Na3BrO,mp-985586,n,1e+17,2.046980619,-585.413818359375,15.375475883483887,2373973591536549.0,9.97679615020752,9479733976.872007
Na3BrO,mp-985586,n,1.2915496650148002e+17,2.046980619,-577.0388793945312,15.42150592803955,2639404349502249.0,10.016849517822266,10395598979.711145
Na3BrO,mp-985586,n,1.6681005372e+17,2.046980619,-566.2219848632812,15.480963706970215,3026660486206571.0,10.06857967376709,11710614204.23627
Na3BrO,mp-985586,n,2.1544346900318e+17,2.046980619,-552.2513427734375,15.557751655578613,3612032552116733.0,10.135392189025879,13658159780.604193
Na3BrO,mp-985586,n,2.7825594022071e+17,2.046980619,-534.2077026367188,15.656929969787598,4538684242283615.0,10.221685409545898,16660399438.451216
Na3BrO,mp-985586,n,3.5938136638045997e+17,2.046980619,-509.9302062988281,15.785024642944336,6095714848543840.0,10.333134651184082,21534492991.61823
Na3BrO,mp-985586,n,4.6415888336127e+17,2.046980619,-472.03094482421875,15.950455665588379,8921865371867403.0,10.477092742919922,29998030539.297375
Na3BrO,mp-985586,n,5.9948425031894e+17,2.046980619,-422.6606750488281,16.164098739624023,1.459145968720529e+16,10.66291332244873,46016472361.86726
Na3BrO,mp-985586,n,7.7426368268112e+17,2.046980619,-374.0252685546875,16.426963806152344,2.6727836511577732e+16,10.902999877929688,79983403019.18216
Na3BrO,mp-985586,n,1e+18,2.046980619,-354.9729309082031,16.624292373657227,4.210099633181095e+16,11.212483406066895,163111058502.58005
Na3BrO,mp-985586,n,1.29154966501488e+18,2.046980619,-341.2016296386719,16.72928237915039,5.361451468655413e+16,11.515145301818848,327450231513.1344
Na3BrO,mp-985586,n,1.66810053720005e+18,2.046980619,-325.4445495605469,16.856409072875977,7.184707182571454e+16,11.663880348205566,461190495182.41644
Na3BrO,mp-985586,n,2.1544346900318802e+18,2.046980619,-304.6903076171875,16.95970344543457,9.113882925142184e+16,11.726297378540039,532472739526.1534
Na3BrO,mp-985586,n,2.78255940220712e+18,2.046980619,-277.2568054199219,17.061206817626953,1.1513485480748056e+17,11.806464195251465,640418981023.237
Na3BrO,mp-985586,n,3.5938136638046203e+18,2.046980619,-243.91464233398438,17.18467140197754,1.5299294409209542e+17,11.903318405151367,800420872468.795
Na3BrO,mp-985586,n,4.641588833612769e+18,2.046980619,-222.99514770507812,17.34014320373535,2.1884831327602896e+17,12.007019996643066,1016295486074.5579
Na3BrO,mp-985586,n,5.994842503189401e+18,2.046980619,-197.72145080566406,17.508150100708008,3.2221822483656634e+17,12.139119148254395,1377587356761.0583
Na3BrO,mp-985586,n,7.742636826811269e+18,2.046980619,-178.51760864257812,17.61863136291504,4.155577277625793e+17,12.305560111999512,2020971141300.536
Na3BrO,mp-985586,n,1e+19,2.046980619,-153.94766235351562,17.717164993286133,5.2139275636864966e+17,12.498320579528809,3150072718959.947
Na3BrO,mp-985586,n,1.291549665014884e+19,2.046980619,-118.67870330810547,17.82282829284668,6.650101789235046e+17,12.671731948852539,4696041744760.513
Na3BrO,mp-985586,n,1.668100537200058e+19,2.046980619,-83.24384307861328,17.896976470947266,7.888173801920137e+17,12.861315727233887,7266340202745.763
Na3BrO,mp-985586,n,2.154434690031883e+19,2.046980619,-51.7001953125,17.948209762573242,8.875846084945998e+17,13.008234977722168,10191426523591.814
Na3BrO,mp-985586,n,2.7825594022071243e+19,2.046980619,-31.44659996032715,18.015459060668945,1.036236917613516e+18,13.13676929473877,13701537218081.16
Na3BrO,mp-985586,n,3.593813663804627e+19,2.046980619,-23.036046981811523,18.10628318786621,1.2772714002320625e+18,13.2478609085083,17695421363024.61
Na3BrO,mp-985586,n,4.641588833612778e+19,2.046980619,-26.548025131225586,18.21968650817871,1.6583893808423764e+18,13.342297554016113,21993662380420.09
Na3BrO,mp-985586,n,5.994842503189409e+19,2.046980619,-43.67714309692383,18.358264923095703,2.281733523195857e+18,13.455864906311035,28567017860264.83
Na3BrO,mp-985586,n,7.74263682681127e+19,2.046980619,-31.2164249420166,18.53301429748535,3.4120414427893473e+18,13.529545783996582,33848995412039.207
Na3BrO,mp-985586,n,1e+20,2.046980619,-37.476078033447266,18.696653366088867,4.973399725950502e+18,13.50838565826416,32239304060899.875
Na3BrO,mp-985586,p,1e+16,2.046980619,1232.3511962890625,14.548506736755371,353595506014536.75,8.987156867980957,970860580.5821841
Na3BrO,mp-985586,p,1.291549665014e+16,2.046980619,1231.33056640625,14.553053855895996,357317145511789.94,8.991229057312012,980006728.1470952
Na3BrO,mp-985586,p,1.6681005372e+16,2.046980619,1230.011962890625,14.558928489685059,362183356907466.2,8.996493339538574,991958126.1756566
Na3BrO,mp-985586,p,2.154434690031e+16,2.046980619,1228.309814453125,14.56651782989502,368568173053109.6,9.003284454345703,1007591405.3282756
Na3BrO,mp-985586,p,2.782559402207e+16,2.046980619,1226.1103515625,14.576313018798828,376975407027972.44,9.012066841125488,1028174529.596823
Na3BrO,mp-985586,p,3.593813663804e+16,2.046980619,1223.2701416015625,14.588967323303223,388121162316191.9,9.023406982421875,1055375437.7580909
Na3BrO,mp-985586,p,4.641588833612e+16,2.046980619,1219.6015625,14.605315208435059,403009430127592.75,9.038046836853027,1091558050.0955455
Na3BrO,mp-985586,p,5.994842503189e+16,2.046980619,1214.863525390625,14.626423835754395,423081305471394.7,9.056963920593262,1140155064.213813
Na3BrO,mp-985586,p,7.742636826811e+16,2.046980619,1208.743896484375,14.653692245483398,450497355030171.7,9.081391334533691,1206122264.7983677
Na3BrO,mp-985586,p,1e+17,2.046980619,1200.840576171875,14.688904762268066,488545213058513.2,9.112942695617676,1297008121.7843292
Na3BrO,mp-985586,p,1.2915496650148002e+17,2.046980619,1190.6328125,14.734360694885254,542451225744820.3,9.15365982055664,1424491363.6388547
Na3BrO,mp-985586,p,1.6681005372e+17,2.046980619,1177.4488525390625,14.793068885803223,620967521445529.4,9.206324577331543,1608142676.6522372
Na3BrO,mp-985586,p,2.1544346900318e+17,2.046980619,1160.42138671875,14.868931770324707,739489088769706.4,9.274357795715332,1880865739.4668806
Na3BrO,mp-985586,p,2.7825594022071e+17,2.046980619,1138.50390625,14.967095375061035,927033386080937.9,9.363417625427246,2308966465.407469
Na3BrO,mp-985586,p,3.5938136638045997e+17,2.046980619,1110.556396484375,15.093743324279785,1240918685930438.8,9.486712455749512,3066990676.49131
Na3BrO,mp-985586,p,4.6415888336127e+17,2.046980619,1073.793212890625,15.257950782775879,1811134830789880.0,9.634328842163086,4308527231.198606
Na3BrO,mp-985586,p,5.9948425031894e+17,2.046980619,1026.2469482421875,15.469063758850098,2944853936594731.0,9.823487281799316,6660200167.902695
Na3BrO,mp-985586,p,7.7426368268112e+17,2.046980619,971.092041015625,15.74173355102539,5517388318189756.0,10.067803382873535,11689700461.256079
Na3BrO,mp-985586,p,1e+18,2.046980619,921.6044921875,15.948290824890137,8877502941825992.0,10.358211517333984,22814529526.849976
Na3BrO,mp-985586,p,1.29154966501488e+18,2.046980619,880.7662963867188,16.07013511657715,1.1752631428987498e+16,10.624096870422363,42082048293.149765
Na3BrO,mp-985586,p,1.66810053720005e+18,2.046980619,832.3079833984375,16.201129913330078,1.5890220119885922e+16,10.764451026916504,58136787084.31037
Na3BrO,mp-985586,p,2.1544346900318802e+18,2.046980619,773.4446411132812,16.305744171142578,2.0218278343221052e+16,10.829760551452637,67571031934.171234
Na3BrO,mp-985586,p,2.78255940220712e+18,2.046980619,734.1322021484375,16.410526275634766,2.5735124620708836e+16,10.913701057434082,81978705727.88686
Na3BrO,mp-985586,p,3.5938136638046203e+18,2.046980619,694.245849609375,16.533632278442383,3.416900075904669e+16,11.021924018859863,105177784599.3357
Na3BrO,mp-985586,p,4.641588833612769e+18,2.046980619,665.9641723632812,16.68346405029297,4.824630414383439e+16,11.1495361328125,141102962765.28406
Na3BrO,mp-985586,p,5.994842503189401e+18,2.046980619,655.8761596679688,16.86208152770996,7.279164394536467e+16,11.288409233093262,194271562469.34256
Na3BrO,mp-985586,p,7.742636826811269e+18,2.046980619,653.6045532226562,16.991188049316406,9.799141959691232e+16,11.461385726928711,289324843533.1463
Na3BrO,mp-985586,p,1e+19,2.046980619,657.6878662109375,17.097936630249023,1.2529583371339622e+17,11.6443510055542,440911072755.71
Na3BrO,mp-985586,p,1.291549665014884e+19,2.046980619,622.6304321289062,17.204044342041016,1.599721353942747e+17,11.81278133392334,649802434226.0508
Na3BrO,mp-985586,p,1.668100537200058e+19,2.046980619,564.76904296875,17.294450759887695,1.9699298447981155e+17,11.991286277770996,980135857416.4414
Na3BrO,mp-985586,p,2.154434690031883e+19,2.046980619,525.5413818359375,17.3493595123291,2.2354219566878787e+17,12.124579429626465,1332230676329.2974
Na3BrO,mp-985586,p,2.7825594022071243e+19,2.046980619,484.8393249511719,17.414615631103516,2.5978593305593757e+17,12.196335792541504,1571577464085.6194
Na3BrO,mp-985586,p,3.593813663804627e+19,2.046980619,464.9620361328125,17.50057029724121,3.1664329578265536e+17,12.24330997467041,1751096075364.0037
Na3BrO,mp-985586,p,4.641588833612778e+19,2.046980619,453.1216735839844,17.60628318786621,4.039086814925836e+17,12.292120933532715,1959390208854.7144
Na3BrO,mp-985586,p,5.994842503189409e+19,2.046980619,455.21380615234375,17.742162704467773,5.5228430880804563e+17,12.335575103759766,2165584347487.8687
Na3BrO,mp-985586,p,7.74263682681127e+19,2.046980619,455.0106506347656,17.92404556274414,8.395480606455729e+17,12.422889709472656,2647827628589.1543
Na3BrO,mp-985586,p,1e+20,2.046980619,443.9792785644531,18.10981559753418,1.2877026739927386e+18,12.566336631774902,3684144296073.7354
NaCaAs,mp-961685,n,1e+16,1.443249226,-810.3204345703125,15.2390718460083,1734090847359235.5,10.338866233825684,21820577170.966484
NaCaAs,mp-961685,n,1.291549665014e+16,1.443249226,-809.443359375,15.243141174316406,1750415596533448.5,10.34360408782959,22059927857.23201
NaCaAs,mp-961685,n,1.6681005372e+16,1.443249226,-808.3099365234375,15.24979305267334,1777432237168322.0,10.348605155944824,22315424665.90445
NaCaAs,mp-961685,n,2.154434690031e+16,1.443249226,-806.8466186523438,15.257376670837402,1808742198138444.8,10.355246543884277,22659302845.908245
NaCaAs,mp-961685,n,2.782559402207e+16,1.443249226,-804.9563598632812,15.268351554870605,1855032636911189.0,10.363978385925293,23119497256.291466
NaCaAs,mp-961685,n,3.593813663804e+16,1.443249226,-803.429931640625,15.275038719177246,1883817032204382.8,10.401564598083496,25209521246.86672
NaCaAs,mp-961685,n,4.641588833612e+16,1.443249226,-800.0238037109375,15.284675598144531,1926085661237981.8,10.416447639465332,26088411701.953934
NaCaAs,mp-961685,n,5.994842503189e+16,1.443249226,-794.9627685546875,15.307085037231445,2028079789744894.2,10.43535327911377,27249170047.351067
NaCaAs,mp-961685,n,7.742636826811e+16,1.443249226,-788.42578125,15.336012840270996,2167768195709114.8,10.459771156311035,28825122147.61875
NaCaAs,mp-961685,n,1e+17,1.443249226,-779.9830322265625,15.373385429382324,2362574049591336.5,10.491303443908691,30995842391.10708
NaCaAs,mp-961685,n,1.2915496650148002e+17,1.443249226,-769.0784912109375,15.42165470123291,2640308666492747.0,10.532031059265137,34043253540.819862
NaCaAs,mp-961685,n,1.6681005372e+17,1.443249226,-754.9950561523438,15.483992576599121,3047842892366982.5,10.584630012512207,38426427718.80751
NaCaAs,mp-961685,n,2.1544346900318e+17,1.443249226,-736.80517578125,15.564505577087402,3668644055804486.5,10.652573585510254,44933845273.46795
NaCaAs,mp-961685,n,2.7825594022071e+17,1.443249226,-713.2241821289062,15.668498039245605,4661203235553099.0,10.740321159362793,54994740785.0772
NaCaAs,mp-961685,n,3.5938136638045997e+17,1.443249226,-682.6546630859375,15.802803993225098,6350442575444032.0,10.849699974060059,70745687937.22218
NaCaAs,mp-961685,n,4.6415888336127e+17,1.443249226,-642.5992431640625,15.94526195526123,8815804593307126.0,10.977729797363281,95001354498.59314
NaCaAs,mp-961685,n,5.9948425031894e+17,1.443249226,-590.52783203125,16.112571716308594,1.295900675689811e+16,11.137032508850098,137098438652.89365
NaCaAs,mp-961685,n,7.7426368268112e+17,1.443249226,-524.39892578125,16.328657150268555,2.1313616652178584e+16,11.318693161010742,208301866272.97098
NaCaAs,mp-961685,n,1e+18,1.443249226,-470.2536315917969,16.60776138305664,4.0528579573121736e+16,11.553278923034668,357502368195.61414
NaCaAs,mp-961685,n,1.29154966501488e+18,1.443249226,-444.7654113769531,16.891860961914062,7.795804901938542e+16,11.790712356567383,617607208888.9978
NaCaAs,mp-961685,n,1.66810053720005e+18,1.443249226,-413.7613830566406,17.02300453186035,1.0543978989696962e+17,11.906577110290527,806449376154.301
NaCaAs,mp-961685,n,2.1544346900318802e+18,1.443249226,-385.8310241699219,17.131999969482422,1.3551893171228003e+17,11.951754570007324,894858916877.9192
NaCaAs,mp-961685,n,2.78255940220712e+18,1.443249226,-369.2256164550781,17.271516799926758,1.868601959474934e+17,12.010526657104492,1024534664575.7421
NaCaAs,mp-961685,n,3.5938136638046203e+18,1.443249226,-367.8656311035156,17.44496726989746,2.7859112037345075e+17,12.084364891052246,1214408759316.3142
NaCaAs,mp-961685,n,4.641588833612769e+18,1.443249226,-353.10430908203125,17.640897750854492,4.374191082347893e+17,12.181731224060059,1519606785212.8958
NaCaAs,mp-961685,n,5.994842503189401e+18,1.443249226,-335.4767761230469,17.752721786499023,5.6587666650232954e+17,12.284092903137207,1923503155656.144
NaCaAs,mp-961685,n,7.742636826811269e+18,1.443249226,-312.1434631347656,17.85529899597168,7.166366186899551e+17,12.407686233520508,2556738042668.716
NaCaAs,mp-961685,n,1e+19,1.443249226,-283.7065124511719,17.97683334350586,9.480545863015679e+17,12.535441398620605,3431163383853.4565
NaCaAs,mp-961685,n,1.291549665014884e+19,1.443249226,-263.9830017089844,18.063081741333008,1.156329861926418e+18,12.668662071228027,4662964093331.564
NaCaAs,mp-961685,n,1.668100537200058e+19,1.443249226,-244.30697631835938,18.146039962768555,1.3997161152697203e+18,12.775191307067871,5959245909812.646
NaCaAs,mp-961685,n,2.154434690031883e+19,1.443249226,-223.18875122070312,18.240652084350586,1.7404120612908943e+18,12.859195709228516,7230955839269.651
NaCaAs,mp-961685,n,2.7825594022071243e+19,1.443249226,-204.55657958984375,18.354045867919922,2.2596744126542008e+18,12.96130084991455,9147466968295.594
NaCaAs,mp-961685,n,3.593813663804627e+19,1.443249226,-182.2255859375,18.490915298461914,3.096815260695843e+18,13.063499450683594,11574425681026.617
NaCaAs,mp-961685,n,4.641588833612778e+19,1.443249226,-179.12191772460938,18.617494583129883,4.144714143848254e+18,13.160435676574707,14468905380348.06
NaCaAs,mp-961685,n,5.994842503189409e+19,1.443249226,-161.47036743164062,18.764602661132812,5.815708912743608e+18,13.274839401245117,18829526593377.793
NaCaAs,mp-961685,n,7.74263682681127e+19,1.443249226,-129.31097412109375,18.925779342651367,8.429063831166545e+18,13.404403686523438,25374861853110.812
NaCaAs,mp-961685,n,1e+20,1.443249226,-100.58536529541016,19.095861434936523,1.2469855902250648e+19,13.507647514343262,32184555415951.05
NaCaAs,mp-961685,p,1e+16,1.443249226,980.2972412109375,14.516438484191895,328426720879654.75,9.926087379455566,8435044526.343202
NaCaAs,mp-961685,p,1.291549665014e+16,1.443249226,979.3573608398438,14.5214262008667,332220326618048.0,9.929854393005371,8508527228.603566
NaCaAs,mp-961685,p,1.6681005372e+16,1.443249226,978.14404296875,14.52786636352539,337183538165297.1,9.934969902038574,8609340847.011864
NaCaAs,mp-961685,p,2.154434690031e+16,1.443249226,976.576416015625,14.53631591796875,343807952491819.5,9.941458702087402,8738938883.58522
NaCaAs,mp-961685,p,2.782559402207e+16,1.443249226,974.9404907226562,14.544928550720215,350694173685943.3,9.981453895568848,9581949895.247736
NaCaAs,mp-961685,p,3.593813663804e+16,1.443249226,972.3717651367188,14.553910255432129,358022446087132.1,9.995250701904297,9891239139.96172
NaCaAs,mp-961685,p,4.641588833612e+16,1.443249226,968.9832153320312,14.571715354919434,373005602508626.0,10.009242057800293,10215086717.995588
NaCaAs,mp-961685,p,5.994842503189e+16,1.443249226,964.6058349609375,14.594725608825684,393301505497920.44,10.027313232421875,10649108021.627974
NaCaAs,mp-961685,p,7.742636826811e+16,1.443249226,958.9527587890625,14.624436378479004,421149586361691.75,10.050647735595703,11236931556.145428
NaCaAs,mp-961685,p,1e+17,1.443249226,951.6513671875,14.662805557250977,460050553182592.94,10.080794334411621,12044654156.178947
NaCaAs,mp-961685,p,1.2915496650148002e+17,1.443249226,942.2213745117188,14.712370872497559,515668819981290.6,10.119720458984375,13174084932.516537
NaCaAs,mp-961685,p,1.6681005372e+17,1.443249226,930.0421142578125,14.776383399963379,597562588646094.9,10.170002937316895,14791183920.363907
NaCaAs,mp-961685,p,2.1544346900318e+17,1.443249226,914.3119506835938,14.85905933380127,722868555972480.5,10.234946250915527,17176957888.095459
NaCaAs,mp-961685,p,2.7825594022071e+17,1.443249226,893.9957275390625,14.965835571289062,924348139214351.4,10.318818092346191,20836179605.515556
NaCaAs,mp-961685,p,3.5938136638045997e+17,1.443249226,867.7569580078125,15.103752136230469,1269849160619076.2,10.427153587341309,26739518789.98707
NaCaAs,mp-961685,p,4.6415888336127e+17,1.443249226,834.9774169921875,15.254000663757324,1794736369829616.8,10.56706714630127,36903465063.366005
NaCaAs,mp-961685,p,5.9948425031894e+17,1.443249226,800.190673828125,15.42857837677002,2682738715586178.0,10.729296684265137,53616280710.4115
NaCaAs,mp-961685,p,7.7426368268112e+17,1.443249226,754.9803466796875,15.64869213104248,4453404370981893.5,10.928869247436523,84892485168.3846
NaCaAs,mp-961685,p,1e+18,1.443249226,696.3367919921875,15.927250862121582,8457672457916020.0,11.178879737854004,150966204998.52582
NaCaAs,mp-961685,p,1.29154966501488e+18,1.443249226,658.0953369140625,16.2785701751709,1.8991976978443028e+16,11.410323143005371,257230903412.57712
NaCaAs,mp-961685,p,1.66810053720005e+18,1.443249226,619.0177001953125,16.537872314453125,3.450422796324582e+16,11.514070510864258,326640860384.1693
NaCaAs,mp-961685,p,2.1544346900318802e+18,1.443249226,569.6141357421875,16.640810012817383,4.373307478730145e+16,11.555402755737305,359254945827.8921
NaCaAs,mp-961685,p,2.78255940220712e+18,1.443249226,518.802001953125,16.76674461364746,5.844463001231865e+16,11.608885765075684,406336434145.72565
NaCaAs,mp-961685,p,3.5938136638046203e+18,1.443249226,495.7105407714844,16.92155647277832,8.347500865935144e+16,11.678814888000488,477325776799.77155
NaCaAs,mp-961685,p,4.641588833612769e+18,1.443249226,468.9549255371094,17.112131118774414,1.2945866338695933e+17,11.762959480285645,579374638199.0706
NaCaAs,mp-961685,p,5.994842503189401e+18,1.443249226,520.296630859375,17.22832489013672,1.6917060019748115e+17,11.85862922668457,722153011526.1841
NaCaAs,mp-961685,p,7.742636826811269e+18,1.443249226,542.9904174804688,17.33467674255371,2.1611093512061206e+17,11.975659370422363,945495291482.3009
NaCaAs,mp-961685,p,1e+19,1.443249226,508.4551086425781,17.456790924072266,2.862799443189658e+17,12.10303020477295,1267740032919.3672
NaCaAs,mp-961685,p,1.291549665014884e+19,1.443249226,452.8918151855469,17.555030822753906,3.589474089614282e+17,12.224024772644043,1675038419370.4321
NaCaAs,mp-961685,p,1.668100537200058e+19,1.443249226,418.2420959472656,17.652860641479492,4.496355505049459e+17,12.310858726501465,2045779048309.71
NaCaAs,mp-961685,p,2.154434690031883e+19,1.443249226,374.577392578125,17.737651824951172,5.465775944761034e+17,12.384331703186035,2422878874075.735
NaCaAs,mp-961685,p,2.7825594022071243e+19,1.443249226,344.6311340332031,17.84393882751465,6.981340615807962e+17,12.440929412841797,2760129207851.2036
NaCaAs,mp-961685,p,3.593813663804627e+19,1.443249226,328.908203125,17.943923950195312,8.788686036664248e+17,12.485814094543457,3060653000524.371
NaCaAs,mp-961685,p,4.641588833612778e+19,1.443249226,315.8170471191406,18.094846725463867,1.2440754656370516e+18,12.558880805969238,3621435928742.596
NaCaAs,mp-961685,p,5.994842503189409e+19,1.443249226,285.1712341308594,18.270505905151367,1.8642575266013678e+18,12.602619171142578,4005153553462.125
NaCaAs,mp-961685,p,7.74263682681127e+19,1.443249226,249.69247436523438,18.45560646057129,2.8550022876417725e+18,12.701069831848145,5024233695767.616
NaCaAs,mp-961685,p,1e+20,1.443249226,235.4972686767578,18.66398048400879,4.612968446920015e+18,12.815688133239746,6541662487390.918
NbAlFe2,mp-865280,n,1e+16,0.370743871,-136.56793212890625,16.559511184692383,3.626696262115283e+16,12.497443199157715,3143715230713.1025
NbAlFe2,mp-865280,n,1.291549665014e+16,0.370743871,-137.24014282226562,16.559885025024414,3.62981946329986e+16,12.500042915344238,3162590159970.7627
NbAlFe2,mp-865280,n,1.6681005372e+16,0.370743871,-136.89178466796875,16.559003829956055,3.622461929792371e+16,12.499214172363281,3156560897898.742
NbAlFe2,mp-865280,n,2.154434690031e+16,0.370743871,-137.416259765625,16.5584774017334,3.6180736380201176e+16,12.501558303833008,3173644695568.4062
NbAlFe2,mp-865280,n,2.782559402207e+16,0.370743871,-137.50656127929688,16.558795928955078,3.6207282369642056e+16,12.50178050994873,3175268901559.3706
NbAlFe2,mp-865280,n,3.593813663804e+16,0.370743871,-137.62344360351562,16.559207916259766,3.624164619166932e+16,12.502062797546387,3177333469351.2
NbAlFe2,mp-865280,n,4.641588833612e+16,0.370743871,-137.77413940429688,16.559741973876953,3.628624043249329e+16,12.502427101135254,3179999861982.158
NbAlFe2,mp-865280,n,5.994842503189e+16,0.370743871,-137.9689483642578,16.5604305267334,3.634381613806142e+16,12.502900123596191,3183465323541.081
NbAlFe2,mp-865280,n,7.742636826811e+16,0.370743871,-138.22052001953125,16.56131935119629,3.641827333843916e+16,12.503512382507324,3187956468703.3496
NbAlFe2,mp-865280,n,1e+17,0.370743871,-138.54534912109375,16.562469482421875,3.651484676186173e+16,12.504300117492676,3193744117002.6353
NbAlFe2,mp-865280,n,1.2915496650148002e+17,0.370743871,-138.96498107910156,16.563955307006836,3.6639986670991e+16,12.50532054901123,3201257058140.518
NbAlFe2,mp-865280,n,1.6681005372e+17,0.370743871,-139.50692749023438,16.565868377685547,3.680174211182069e+16,12.506635665893555,3210965696293.9272
NbAlFe2,mp-865280,n,2.1544346900318e+17,0.370743871,-140.2068634033203,16.568344116210938,3.701213317998039e+16,12.508336067199707,3223562294084.158
NbAlFe2,mp-865280,n,2.7825594022071e+17,0.370743871,-140.41661071777344,16.571130752563477,3.725038386962036e+16,12.508400917053223,3224043679779.323
NbAlFe2,mp-865280,n,3.5938136638045997e+17,0.370743871,-141.99990844726562,16.5769100189209,3.774939701897652e+16,12.511446952819824,3246735822811.668
NbAlFe2,mp-865280,n,4.6415888336127e+17,0.370743871,-143.1875762939453,16.580944061279297,3.810167438802162e+16,12.514199256896973,3267377069955.128
NbAlFe2,mp-865280,n,5.9948425031894e+17,0.370743871,-145.57498168945312,16.58879280090332,3.879652261221312e+16,12.519333839416504,3306235916407.8906
NbAlFe2,mp-865280,n,7.7426368268112e+17,0.370743871,-148.10400390625,16.596538543701172,3.949467493775438e+16,12.524943351745605,3349217499775.2114
NbAlFe2,mp-865280,n,1e+18,0.370743871,-151.97567749023438,16.607717514038086,4.052448590099564e+16,12.533286094665527,3414177489957.7285
NbAlFe2,mp-865280,n,1.29154966501488e+18,0.370743871,-156.57565307617188,16.61273765563965,4.0995638573342744e+16,12.543024063110352,3491596609573.884
NbAlFe2,mp-865280,n,1.66810053720005e+18,0.370743871,-163.84963989257812,16.621065139770508,4.17893041666904e+16,12.556618690490723,3602621947821.1123
NbAlFe2,mp-865280,n,2.1544346900318802e+18,0.370743871,-172.99249267578125,16.62995719909668,4.265374803004242e+16,12.573148727416992,3742387272011.075
NbAlFe2,mp-865280,n,2.78255940220712e+18,0.370743871,-185.00479125976562,16.643293380737305,4.3983864110701384e+16,12.593234062194824,3919530625601.141
NbAlFe2,mp-865280,n,3.5938136638046203e+18,0.370743871,-195.57577514648438,16.65862464904785,4.556429437776194e+16,12.612526893615723,4097574831939.4854
NbAlFe2,mp-865280,n,4.641588833612769e+18,0.370743871,-207.6959228515625,16.680654525756836,4.793519801757912e+16,12.639786720275879,4363015142521.606
NbAlFe2,mp-865280,n,5.994842503189401e+18,0.370743871,-222.5269317626953,16.70726776123047,5.096449922741459e+16,12.672585487365723,4705280162555.577
NbAlFe2,mp-865280,n,7.742636826811269e+18,0.370743871,-242.5244140625,16.7445125579834,5.552806732864045e+16,12.694703102111816,4951116006260.151
NbAlFe2,mp-865280,n,1e+19,0.370743871,-267.4707336425781,16.776277542114258,5.974169524837529e+16,12.70191478729248,5034018268714.281
NbAlFe2,mp-865280,n,1.291549665014884e+19,0.370743871,-298.804443359375,16.794904708862305,6.235979931222254e+16,12.711812019348145,5150056805273.601
NbAlFe2,mp-865280,n,1.668100537200058e+19,0.370743871,-313.6529846191406,16.801908493041992,6.337361673572125e+16,12.72358226776123,5291542246182.789
NbAlFe2,mp-865280,n,2.154434690031883e+19,0.370743871,-324.415283203125,16.815650939941406,6.541102278600535e+16,12.73484992980957,5430626441048.598
NbAlFe2,mp-865280,n,2.7825594022071243e+19,0.370743871,-339.4169006347656,16.8284969329834,6.7374713740655416e+16,12.746429443359375,5577369833414.479
NbAlFe2,mp-865280,n,3.593813663804627e+19,0.370743871,-335.1339416503906,16.85148048400879,7.103632475287589e+16,12.758721351623535,5737482205733.517
NbAlFe2,mp-865280,n,4.641588833612778e+19,0.370743871,-316.62469482421875,16.883563995361328,7.648283812421146e+16,12.753671646118164,5671156682435.638
NbAlFe2,mp-865280,n,5.994842503189409e+19,0.370743871,-286.7537536621094,16.928796768188477,8.487831867458026e+16,12.742199897766113,5523316088671.805
NbAlFe2,mp-865280,n,7.74263682681127e+19,0.370743871,-252.88302612304688,16.982349395751953,9.601727927933475e+16,12.719738960266113,5244921110063.27
NbAlFe2,mp-865280,n,1e+20,0.370743871,-209.51107788085938,17.062063217163086,1.1536211700398485e+17,12.692519187927246,4926281080826.778
NbAlFe2,mp-865280,p,1e+16,0.370743871,-68.8324966430664,16.646387100219727,4.429830410497781e+16,12.481759071350098,3032208573375.826
NbAlFe2,mp-865280,p,1.291549665014e+16,0.370743871,-68.55643463134766,16.647354125976562,4.439705122386955e+16,12.481892585754395,3033140903338.1006
NbAlFe2,mp-865280,p,1.6681005372e+16,0.370743871,-68.33670806884766,16.64715576171875,4.437677747521432e+16,12.482213020324707,3035379665023.5093
NbAlFe2,mp-865280,p,2.154434690031e+16,0.370743871,-68.1590805053711,16.64745330810547,4.440719157124335e+16,12.482403755187988,3036713045716.401
NbAlFe2,mp-865280,p,2.782559402207e+16,0.370743871,-67.92948150634766,16.647836685180664,4.444640969740232e+16,12.482649803161621,3038433971995.1514
NbAlFe2,mp-865280,p,3.593813663804e+16,0.370743871,-67.63301849365234,16.648332595825195,4.449719099372426e+16,12.482966423034668,3040649932327.3447
NbAlFe2,mp-865280,p,4.641588833612e+16,0.370743871,-67.25019073486328,16.648969650268555,4.456251057617376e+16,12.483376502990723,3043522403706.532
NbAlFe2,mp-865280,p,5.994842503189e+16,0.370743871,-66.75536346435547,16.649799346923828,4.464772627162993e+16,12.483904838562012,3047227216244.1694
NbAlFe2,mp-865280,p,7.742636826811e+16,0.370743871,-66.37456512451172,16.6503849029541,4.470796507059989e+16,12.484344482421875,3050313539276.3545
NbAlFe2,mp-865280,p,1e+17,0.370743871,-65.51647186279297,16.65297508239746,4.497540495593159e+16,12.484676361083984,3052645415271.3027
NbAlFe2,mp-865280,p,1.2915496650148002e+17,0.370743871,-64.5697250366211,16.653669357299805,4.50473613548532e+16,12.485992431640625,3061910073957.3594
NbAlFe2,mp-865280,p,1.6681005372e+17,0.370743871,-63.137569427490234,16.656692504882812,4.536203244563052e+16,12.487318992614746,3071277036561.063
NbAlFe2,mp-865280,p,2.1544346900318e+17,0.370743871,-61.424598693847656,16.658803939819336,4.558310867158833e+16,12.489296913146973,3085296547237.321
NbAlFe2,mp-865280,p,2.7825594022071e+17,0.370743871,-59.0727424621582,16.663480758666992,4.607663540738588e+16,12.491642951965332,3102008274647.573
NbAlFe2,mp-865280,p,3.5938136638045997e+17,0.370743871,-56.17781448364258,16.6676025390625,4.651601898102218e+16,12.494860649108887,3125076471432.88
NbAlFe2,mp-865280,p,4.6415888336127e+17,0.370743871,-52.29212188720703,16.674827575683594,4.7296344494850264e+16,12.49838638305664,3150550048539.4414
NbAlFe2,mp-865280,p,5.9948425031894e+17,0.370743871,-47.42609786987305,16.682252883911133,4.8111941635072024e+16,12.50165843963623,3174376531025.7637
NbAlFe2,mp-865280,p,7.7426368268112e+17,0.370743871,-40.425682067871094,16.693742752075195,4.940179760490369e+16,12.50651741027832,3210091489856.8755
NbAlFe2,mp-865280,p,1e+18,0.370743871,-31.230772018432617,16.706680297851562,5.089560694865081e+16,12.5118989944458,3250116993616.3833
NbAlFe2,mp-865280,p,1.29154966501488e+18,0.370743871,-19.166339874267578,16.719388961791992,5.240695924254418e+16,12.519742012023926,3309344750072.601
NbAlFe2,mp-865280,p,1.66810053720005e+18,0.370743871,-3.791865825653076,16.728422164916992,5.350842463609086e+16,12.528977394104004,3380472397133.9033
NbAlFe2,mp-865280,p,2.1544346900318802e+18,0.370743871,16.282880783081055,16.741899490356445,5.51949685674699e+16,12.541796684265137,3481742784677.5166
NbAlFe2,mp-865280,p,2.78255940220712e+18,0.370743871,30.06583595275879,16.75746726989746,5.720938378356164e+16,12.557437896728516,3609423958309.3003
NbAlFe2,mp-865280,p,3.5938136638046203e+18,0.370743871,39.22210693359375,16.779394149780273,6.017195884292534e+16,12.5785493850708,3789216197370.368
NbAlFe2,mp-865280,p,4.641588833612769e+18,0.370743871,46.69025421142578,16.80063819885254,6.318852224128848e+16,12.604866981506348,4025937064623.525
NbAlFe2,mp-865280,p,5.994842503189401e+18,0.370743871,54.82380294799805,16.828950881958008,6.744517439230187e+16,12.63976764678955,4362823530411.001
NbAlFe2,mp-865280,p,7.742636826811269e+18,0.370743871,65.7320327758789,16.86241340637207,7.28472910403152e+16,12.683829307556152,4828689808716.56
NbAlFe2,mp-865280,p,1e+19,0.370743871,79.84774780273438,16.894380569458008,7.84116457999486e+16,12.739851951599121,5493535705755.928
NbAlFe2,mp-865280,p,1.291549665014884e+19,0.370743871,91.04512786865234,16.90728187561035,8.077591302175046e+16,12.7514066696167,5641656884620.256
NbAlFe2,mp-865280,p,1.668100537200058e+19,0.370743871,92.3573226928711,16.917150497436523,8.26324248716271e+16,12.765110969543457,5822519739360.157
NbAlFe2,mp-865280,p,2.154434690031883e+19,0.370743871,104.05449676513672,16.92290687561035,8.373497126296597e+16,12.78331470489502,6071761511830.987
NbAlFe2,mp-865280,p,2.7825594022071243e+19,0.370743871,167.4182891845703,16.933504104614258,8.580332241481408e+16,12.8026762008667,6348574214964.103
NbAlFe2,mp-865280,p,3.593813663804627e+19,0.370743871,182.02359008789062,16.943185806274414,8.773761128531024e+16,12.826087951660156,6700202856275.75
NbAlFe2,mp-865280,p,4.641588833612778e+19,0.370743871,56.039344787597656,16.96840476989746,9.29832602968915e+16,12.84484577178955,6995935097326.869
NbAlFe2,mp-865280,p,5.994842503189409e+19,0.370743871,25.352121353149414,17.010042190551758,1.0233924072973075e+17,12.840652465820312,6928711299122.238
NbAlFe2,mp-865280,p,7.74263682681127e+19,0.370743871,6.612657070159912,17.065725326538086,1.1633900001828154e+17,12.813944816589355,6515456004857.661
NbAlFe2,mp-865280,p,1e+20,0.370743871,-15.587087631225586,17.134660720825195,1.3635175143796411e+17,12.725974082946777,5320765060045.018
ScTeRh,mp-1100405,n,1e+16,0.371297956,-590.9862060546875,16.400705337524414,2.5159693000274324e+16,12.431540489196777,2701098919554.897
ScTeRh,mp-1100405,n,1.291549665014e+16,0.371297956,-590.119384765625,16.401668548583984,2.521555599081283e+16,12.431708335876465,2702143045430.1646
ScTeRh,mp-1100405,n,1.6681005372e+16,0.371297956,-589.013671875,16.402912139892578,2.5287863576253676e+16,12.432209968566895,2705265964257.408
ScTeRh,mp-1100405,n,2.154434690031e+16,0.371297956,-587.524658203125,16.40365219116211,2.5330991615571812e+16,12.433844566345215,2715467231309.321
ScTeRh,mp-1100405,n,2.782559402207e+16,0.371297956,-585.5731201171875,16.408477783203125,2.5614022294766616e+16,12.434173583984375,2717525224606.9683
ScTeRh,mp-1100405,n,3.593813663804e+16,0.371297956,-583.089599609375,16.40614891052246,2.5477036573028024e+16,12.435412406921387,2725288018744.072
ScTeRh,mp-1100405,n,4.641588833612e+16,0.371297956,-579.836669921875,16.416120529174805,2.606876932731654e+16,12.436028480529785,2729156751882.722
ScTeRh,mp-1100405,n,5.994842503189e+16,0.371297956,-575.6363525390625,16.429285049438477,2.6871075516083856e+16,12.436856269836426,2734363636350.751
ScTeRh,mp-1100405,n,7.742636826811e+16,0.371297956,-570.2112426757812,16.44626808166504,2.7942681571999548e+16,12.437918663024902,2741060763447.5923
ScTeRh,mp-1100405,n,1e+17,0.371297956,-563.2039184570312,16.468198776245117,2.9389945196614532e+16,12.439291000366211,2749736005113.118
ScTeRh,mp-1100405,n,1.2915496650148002e+17,0.371297956,-554.1546630859375,16.49652862548828,3.137101897957443e+16,12.44106388092041,2760983942947.088
ScTeRh,mp-1100405,n,1.6681005372e+17,0.371297956,-542.4659423828125,16.533117294311523,3.4128507349393372e+16,12.443341255187988,2775500150312.902
ScTeRh,mp-1100405,n,2.1544346900318e+17,0.371297956,-528.2845458984375,16.580373764038086,3.805167370887705e+16,12.44594669342041,2792201097243.8228
ScTeRh,mp-1100405,n,2.7825594022071e+17,0.371297956,-514.069091796875,16.637845993041992,4.343561680251651e+16,12.449315071105957,2813941542835.538
ScTeRh,mp-1100405,n,3.5938136638045997e+17,0.371297956,-499.4792785644531,16.691219329833984,4.91155859814115e+16,12.453661918640137,2842247666777.4043
ScTeRh,mp-1100405,n,4.6415888336127e+17,0.371297956,-482.55364990234375,16.75006675720215,5.624277716465542e+16,12.459277153015137,2879235265529.149
ScTeRh,mp-1100405,n,5.9948425031894e+17,0.371297956,-460.6940612792969,16.82607078552246,6.699938025989991e+16,12.46652889251709,2927715638431.7827
ScTeRh,mp-1100405,n,7.7426368268112e+17,0.371297956,-432.460693359375,16.88068199157715,7.597697383069093e+16,12.475875854492188,2991409403260.588
ScTeRh,mp-1100405,n,1e+18,0.371297956,-395.9953918457031,16.927865982055664,8.469660104989006e+16,12.48791790008545,3075515358087.1245
ScTeRh,mp-1100405,n,1.29154966501488e+18,0.371297956,-367.8427734375,16.961118698120117,9.143631142107418e+16,12.50353717803955,3188138486521.313
ScTeRh,mp-1100405,n,1.66810053720005e+18,0.371297956,-349.0925598144531,17.002866744995117,1.0066227584072651e+17,12.51771068572998,3293902089578.454
ScTeRh,mp-1100405,n,2.1544346900318802e+18,0.371297956,-349.5385437011719,17.053808212280273,1.1319003970943362e+17,12.527194023132324,3366619411121.4937
ScTeRh,mp-1100405,n,2.78255940220712e+18,0.371297956,-353.51165771484375,17.10266876220703,1.266685392330865e+17,12.540478706359863,3471192560681.1274
ScTeRh,mp-1100405,n,3.5938136638046203e+18,0.371297956,-356.3467102050781,17.167272567749023,1.4698484804668243e+17,12.559357643127441,3625414297412.4854
ScTeRh,mp-1100405,n,4.641588833612769e+18,0.371297956,-361.0641784667969,17.250654220581055,1.7809602262588704e+17,12.5830717086792,3828879587716.3047
ScTeRh,mp-1100405,n,5.994842503189401e+18,0.371297956,-373.5586853027344,17.358251571655273,2.2816633773335347e+17,12.611544609069824,4088317435891.1367
ScTeRh,mp-1100405,n,7.742636826811269e+18,0.371297956,-384.6178894042969,17.46616554260254,2.925267206801577e+17,12.648276329040527,4449142635294.273
ScTeRh,mp-1100405,n,1e+19,0.371297956,-368.3135070800781,17.56863021850586,3.703652387665787e+17,12.695632934570312,4961727792482.612
ScTeRh,mp-1100405,n,1.291549665014884e+19,0.371297956,-338.8545227050781,17.64496421813965,4.4153406751920704e+17,12.756662368774414,5710345277589.057
ScTeRh,mp-1100405,n,1.668100537200058e+19,0.371297956,-311.4840393066406,17.72501564025879,5.3090356333093965e+17,12.802886009216309,6351641962143.735
ScTeRh,mp-1100405,n,2.154434690031883e+19,0.371297956,-278.9642028808594,17.797666549682617,6.275763221081006e+17,12.836968421936035,6870184842738.5625
ScTeRh,mp-1100405,n,2.7825594022071243e+19,0.371297956,-263.6294860839844,17.869348526000977,7.401990544855793e+17,12.8656644821167,7339466323817.637
ScTeRh,mp-1100405,n,3.593813663804627e+19,0.371297956,-246.0642852783203,17.956769943237305,9.052529385053983e+17,12.8812894821167,7608332468428.942
ScTeRh,mp-1100405,n,4.641588833612778e+19,0.371297956,-227.8336181640625,18.06682014465332,1.1663265036237386e+18,12.905387878417969,8042440904664.418
ScTeRh,mp-1100405,n,5.994842503189409e+19,0.371297956,-230.49952697753906,18.211589813232422,1.6277579054207101e+18,12.936565399169922,8641027736647.129
ScTeRh,mp-1100405,n,7.74263682681127e+19,0.371297956,-224.45947265625,18.404006958007812,2.5351692471459584e+18,12.948616981506348,8884172480495.14
ScTeRh,mp-1100405,n,1e+20,0.371297956,-225.64817810058594,18.540678024291992,3.472786017983057e+18,12.938095092773438,8671517258231.41
ScTeRh,mp-1100405,p,1e+16,0.371297956,363.6214294433594,16.518590927124023,3.300585041815058e+16,12.391386985778809,2462560935272.217
ScTeRh,mp-1100405,p,1.291549665014e+16,0.371297956,363.02081298828125,16.521028518676758,3.3191625267533864e+16,12.391522407531738,2463328931024.896
ScTeRh,mp-1100405,p,1.6681005372e+16,0.371297956,362.2447814941406,16.524662017822266,3.34704859500576e+16,12.39171314239502,2464411021438.4014
ScTeRh,mp-1100405,p,2.154434690031e+16,0.371297956,361.24249267578125,16.529319763183594,3.3831383889621504e+16,12.391952514648438,2465769717545.015
ScTeRh,mp-1100405,p,2.782559402207e+16,0.371297956,359.9479675292969,16.535337448120117,3.4303422164571724e+16,12.39226245880127,2467530098382.1304
ScTeRh,mp-1100405,p,3.593813663804e+16,0.371297956,358.2768859863281,16.543113708496094,3.4923174058190184e+16,12.392661094665527,2469796066782.373
ScTeRh,mp-1100405,p,4.641588833612e+16,0.371297956,356.1186218261719,16.553152084350586,3.57397972420872e+16,12.39317798614502,2472737334985.582
ScTeRh,mp-1100405,p,5.994842503189e+16,0.371297956,353.329833984375,16.56612205505371,3.682324479393685e+16,12.393845558166504,2476541204671.619
ScTeRh,mp-1100405,p,7.742636826811e+16,0.371297956,349.7287292480469,16.582874298095703,3.8271395481327736e+16,12.394707679748535,2481462290007.721
ScTeRh,mp-1100405,p,1e+17,0.371297956,345.07855224609375,16.604503631591797,4.0225701967758264e+16,12.395819664001465,2487824062242.25
ScTeRh,mp-1100405,p,1.2915496650148002e+17,0.371297956,339.07220458984375,16.632442474365234,4.289853630741772e+16,12.397259712219238,2496086964391.2197
ScTeRh,mp-1100405,p,1.6681005372e+17,0.371297956,331.31396484375,16.668533325195312,4.66158196858261e+16,12.399114608764648,2506770693596.7764
ScTeRh,mp-1100405,p,2.1544346900318e+17,0.371297956,321.294677734375,16.71512794494629,5.189529020769755e+16,12.401494026184082,2520542508785.236
ScTeRh,mp-1100405,p,2.7825594022071e+17,0.371297956,308.35302734375,16.774892807006836,5.9551513975270616e+16,12.404544830322266,2538310991196.397
ScTeRh,mp-1100405,p,3.5938136638045997e+17,0.371297956,291.638916015625,16.848087310791016,7.048347550741425e+16,12.408541679382324,2561779107062.9536
ScTeRh,mp-1100405,p,4.6415888336127e+17,0.371297956,270.0515441894531,16.92168617248535,8.349994174380254e+16,12.413722038269043,2592519539330.9824
ScTeRh,mp-1100405,p,5.9948425031894e+17,0.371297956,242.75479125976562,17.01877784729004,1.0441859548257446e+17,12.420753479003906,2634835335000.5938
ScTeRh,mp-1100405,p,7.7426368268112e+17,0.371297956,218.55699157714844,17.068449020385742,1.1707091706754618e+17,12.428311347961426,2681089723102.916
ScTeRh,mp-1100405,p,1e+18,0.371297956,193.36575317382812,17.1328067779541,1.3577092534923451e+17,12.439446449279785,2750720406250.836
ScTeRh,mp-1100405,p,1.29154966501488e+18,0.371297956,170.76754760742188,17.201671600341797,1.5910052046016675e+17,12.453831672668457,2843358842070.0347
ScTeRh,mp-1100405,p,1.66810053720005e+18,0.371297956,166.2333984375,17.25096321105957,1.782227789133085e+17,12.471272468566895,2959868852778.438
ScTeRh,mp-1100405,p,2.1544346900318802e+18,0.371297956,160.54412841796875,17.291975021362305,1.958732012934943e+17,12.481572151184082,3030903792864.217
ScTeRh,mp-1100405,p,2.78255940220712e+18,0.371297956,154.27545166015625,17.340442657470703,2.1899926509919024e+17,12.494872093200684,3125158821392.8945
ScTeRh,mp-1100405,p,3.5938136638046203e+18,0.371297956,148.8499755859375,17.402786254882812,2.5280534674404464e+17,12.512036323547363,3251144881929.6763
ScTeRh,mp-1100405,p,4.641588833612769e+18,0.371297956,183.17945861816406,17.483251571655273,3.042647014656422e+17,12.53419303894043,3421314822602.211
ScTeRh,mp-1100405,p,5.994842503189401e+18,0.371297956,187.44570922851562,17.587080001831055,3.864381566662304e+17,12.562776565551758,3654067499394.4004
ScTeRh,mp-1100405,p,7.742636826811269e+18,0.371297956,192.3297576904297,17.689279556274414,4.889670071565233e+17,12.59964656829834,3977833201171.579
ScTeRh,mp-1100405,p,1e+19,0.371297956,205.60226440429688,17.790176391601562,6.168454869002286e+17,12.647189140319824,4438018827534.457
ScTeRh,mp-1100405,p,1.291549665014884e+19,0.371297956,182.43759155273438,17.87090492248535,7.428564909288168e+17,12.690488815307617,4903303948044.812
ScTeRh,mp-1100405,p,1.668100537200058e+19,0.371297956,151.74412536621094,17.963899612426758,9.202368335672088e+17,12.706341743469238,5085594672489.09
ScTeRh,mp-1100405,p,2.154434690031883e+19,0.371297956,155.54356384277344,18.085859298706055,1.218594738661047e+18,12.722926139831543,5283553870908.746
ScTeRh,mp-1100405,p,2.7825594022071243e+19,0.371297956,161.06390380859375,18.176515579223633,1.5014662661188398e+18,12.743107795715332,5534874726330.156
ScTeRh,mp-1100405,p,3.593813663804627e+19,0.371297956,169.38470458984375,18.266725540161133,1.848100311194628e+18,12.766850471496582,5845887743464.088
ScTeRh,mp-1100405,p,4.641588833612778e+19,0.371297956,177.35984802246094,18.380373001098633,2.400894081904389e+18,12.782695770263672,6063114506105.196
ScTeRh,mp-1100405,p,5.994842503189409e+19,0.371297956,184.3908233642578,18.53778648376465,3.4497409481460536e+18,12.805048942565918,6383354189787.885
ScTeRh,mp-1100405,p,7.74263682681127e+19,0.371297956,188.65402221679688,18.672117233276367,4.700209687518991e+18,12.897032737731934,7889195852506.458
ScTeRh,mp-1100405,p,1e+20,0.371297956,174.63087463378906,18.809389114379883,6.447466798229095e+18,12.984864234924316,9657489284057.635
Sr2BiAu,mp-867193,n,1e+16,0.887705564,-490.2025451660156,16.61143684387207,4.087303092634189e+16,12.202224731445312,1593032849803.2324
Sr2BiAu,mp-867193,n,1.291549665014e+16,0.887705564,-490.0783386230469,16.61438751220703,4.115167454281432e+16,12.207612991333008,1612920609790.9177
Sr2BiAu,mp-867193,n,1.6681005372e+16,0.887705564,-489.5654296875,16.6158390045166,4.12894411263015e+16,12.206707954406738,1609562904776.1748
Sr2BiAu,mp-867193,n,2.154434690031e+16,0.887705564,-489.2105712890625,16.617809295654297,4.147718709265593e+16,12.210923194885254,1625261302364.2627
Sr2BiAu,mp-867193,n,2.782559402207e+16,0.887705564,-488.4456787109375,16.6201171875,4.169818842606011e+16,12.209345817565918,1619368986419.5078
Sr2BiAu,mp-867193,n,3.593813663804e+16,0.887705564,-487.7629089355469,16.622655868530273,4.194265020788287e+16,12.21497917175293,1640511094351.0085
Sr2BiAu,mp-867193,n,4.641588833612e+16,0.887705564,-486.5775451660156,16.625383377075195,4.220689238876812e+16,12.215052604675293,1640788504527.9294
Sr2BiAu,mp-867193,n,5.994842503189e+16,0.887705564,-485.3478698730469,16.628469467163086,4.250788208191861e+16,12.223389625549316,1672590499247.6733
Sr2BiAu,mp-867193,n,7.742636826811e+16,0.887705564,-483.4610290527344,16.63290786743164,4.2944531324988504e+16,12.225979804992676,1682595817329.5706
Sr2BiAu,mp-867193,n,1e+17,0.887705564,-481.3196716308594,16.63816261291504,4.3467294832951224e+16,12.237622261047363,1728312460443.0686
Sr2BiAu,mp-867193,n,1.2915496650148002e+17,0.887705564,-478.26214599609375,16.64542579650879,4.420035897552972e+16,12.244345664978027,1755277011400.619
Sr2BiAu,mp-867193,n,1.6681005372e+17,0.887705564,-474.6004333496094,16.654333114624023,4.511626247671926e+16,12.261359214782715,1825404911746.6877
Sr2BiAu,mp-867193,n,2.1544346900318e+17,0.887705564,-469.5904846191406,16.666353225708008,4.638240093909446e+16,12.27498722076416,1883593663407.26
Sr2BiAu,mp-867193,n,2.7825594022071e+17,0.887705564,-464.2113037109375,16.681352615356445,4.801231152798676e+16,12.29842472076416,1988038180260.6582
Sr2BiAu,mp-867193,n,3.5938136638045997e+17,0.887705564,-459.7948913574219,16.70203971862793,5.035466588039284e+16,12.321513175964355,2096588387259.042
Sr2BiAu,mp-867193,n,4.6415888336127e+17,0.887705564,-454.71099853515625,16.726171493530273,5.3231841884051704e+16,12.352254867553711,2250374860405.006
Sr2BiAu,mp-867193,n,5.9948425031894e+17,0.887705564,-447.2628479003906,16.760311126708984,5.758523277463388e+16,12.391817092895508,2465000960824.664
Sr2BiAu,mp-867193,n,7.7426368268112e+17,0.887705564,-438.3233337402344,16.80003547668457,6.3100888828263464e+16,12.432641983032227,2707958366670.5796
Sr2BiAu,mp-867193,n,1e+18,0.887705564,-426.3523254394531,16.854816436767578,7.158407818649553e+16,12.474264144897461,2980328562113.741
Sr2BiAu,mp-867193,n,1.29154966501488e+18,0.887705564,-413.229248046875,16.925512313842773,8.42388275899661e+16,12.508096694946289,3221786036752.7314
Sr2BiAu,mp-867193,n,1.66810053720005e+18,0.887705564,-396.5921936035156,16.972854614257812,9.394087785796814e+16,12.551789283752441,3562782281052.0225
Sr2BiAu,mp-867193,n,2.1544346900318802e+18,0.887705564,-370.30596923828125,17.022628784179688,1.0534860379122925e+17,12.600480079650879,3985474911986.77
Sr2BiAu,mp-867193,n,2.78255940220712e+18,0.887705564,-336.3722229003906,17.08221435546875,1.2084101249868478e+17,12.627371788024902,4240057908735.174
Sr2BiAu,mp-867193,n,3.5938136638046203e+18,0.887705564,-311.6934509277344,17.15004539489746,1.4126851986938565e+17,12.657391548156738,4543510626771.493
Sr2BiAu,mp-867193,n,4.641588833612769e+18,0.887705564,-301.7649230957031,17.235755920410156,1.720901132581088e+17,12.695960998535156,4965477273807.733
Sr2BiAu,mp-867193,n,5.994842503189401e+18,0.887705564,-293.4292297363281,17.31352424621582,2.0583738042341507e+17,12.74951457977295,5617131354050.6455
Sr2BiAu,mp-867193,n,7.742636826811269e+18,0.887705564,-260.6201171875,17.383432388305664,2.4178668910498464e+17,12.803359031677246,6358563777241.593
Sr2BiAu,mp-867193,n,1e+19,0.887705564,-230.557373046875,17.451101303100586,2.8255389804765043e+17,12.873303413391113,7469704359613.235
Sr2BiAu,mp-867193,n,1.291549665014884e+19,0.887705564,-208.85174560546875,17.527910232543945,3.372175995190905e+17,12.953097343444824,8976299681400.266
Sr2BiAu,mp-867193,n,1.668100537200058e+19,0.887705564,-178.70217895507812,17.57392692565918,3.7490991463788346e+17,13.02379322052002,10563144492653.316
Sr2BiAu,mp-867193,n,2.154434690031883e+19,0.887705564,-140.0996551513672,17.637331008911133,4.33841416002672e+17,13.098761558532715,12553405526147.025
Sr2BiAu,mp-867193,n,2.7825594022071243e+19,0.887705564,-109.09069061279297,17.724149703979492,5.29846053610552e+17,13.156818389892578,14348892763174.395
Sr2BiAu,mp-867193,n,3.593813663804627e+19,0.887705564,-77.41027069091797,17.814186096191406,6.519076781696666e+17,13.210472106933594,16235740712074.566
Sr2BiAu,mp-867193,n,4.641588833612778e+19,0.887705564,-61.733699798583984,17.922365188598633,8.363059537784348e+17,13.272364616394043,18722533502457.637
Sr2BiAu,mp-867193,n,5.994842503189409e+19,0.887705564,-46.387229919433594,18.04939079284668,1.1204456448337669e+18,13.323771476745605,21075188938163.453
Sr2BiAu,mp-867193,n,7.74263682681127e+19,0.887705564,-37.387306213378906,18.19953727722168,1.5832054536917455e+18,13.40091609954834,25171905899453.754
Sr2BiAu,mp-867193,n,1e+20,0.887705564,-46.043785095214844,18.38954734802246,2.4521517798143155e+18,13.391422271728516,24627610237721.68
Sr2BiAu,mp-867193,p,1e+16,0.887705564,502.7142028808594,16.554306030273438,3.583488625317098e+16,12.168072700500488,1472558986833.9312
Sr2BiAu,mp-867193,p,1.291549665014e+16,0.887705564,502.4423522949219,16.554580688476562,3.5857556258895456e+16,12.171501159667969,1484229843300.5366
Sr2BiAu,mp-867193,p,1.6681005372e+16,0.887705564,502.1073913574219,16.556110382080078,3.5984078215407468e+16,12.170668601989746,1481387248440.2168
Sr2BiAu,mp-867193,p,2.154434690031e+16,0.887705564,501.6584167480469,16.55691146850586,3.6050514608846744e+16,12.174853324890137,1495730414874.1536
Sr2BiAu,mp-867193,p,2.782559402207e+16,0.887705564,501.0959167480469,16.559125900268555,3.6234802646539304e+16,12.174993515014648,1496213314125.3945
Sr2BiAu,mp-867193,p,3.593813663804e+16,0.887705564,500.3508605957031,16.560806274414062,3.637527408759383e+16,12.180447578430176,1515121909680.9568
Sr2BiAu,mp-867193,p,4.641588833612e+16,0.887705564,499.8851318359375,16.564151763916016,3.6656564838936536e+16,12.182210922241211,1521286187946.2737
Sr2BiAu,mp-867193,p,5.994842503189e+16,0.887705564,499.7481994628906,16.56730079650879,3.692332445024872e+16,12.189774513244629,1548012678264.408
Sr2BiAu,mp-867193,p,7.742636826811e+16,0.887705564,499.3920593261719,16.572538375854492,3.737131465884977e+16,12.194252014160156,1564054975513.207
Sr2BiAu,mp-867193,p,1e+17,0.887705564,499.1105041503906,16.578184127807617,3.786030670163628e+16,12.205328941345215,1604460173489.3386
Sr2BiAu,mp-867193,p,1.2915496650148002e+17,0.887705564,498.5692443847656,16.58653450012207,3.859530702830656e+16,12.214426040649414,1638423017856.5498
Sr2BiAu,mp-867193,p,1.6681005372e+17,0.887705564,498.157470703125,16.595619201660156,3.941115853824923e+16,12.228281021118164,1691535127747.8145
Sr2BiAu,mp-867193,p,2.1544346900318e+17,0.887705564,497.1303405761719,16.61037254333496,4.077298837189552e+16,12.249911308288574,1777916286519.5837
Sr2BiAu,mp-867193,p,2.7825594022071e+17,0.887705564,496.2750549316406,16.625505447387695,4.221875745477863e+16,12.273496627807617,1877139842778.236
Sr2BiAu,mp-867193,p,3.5938136638045997e+17,0.887705564,494.8637390136719,16.645151138305664,4.417241445014811e+16,12.30290699005127,2008662584690.049
Sr2BiAu,mp-867193,p,4.6415888336127e+17,0.887705564,494.77099609375,16.671525955200195,4.693814856208443e+16,12.33431625366211,2159316252959.6917
Sr2BiAu,mp-867193,p,5.9948425031894e+17,0.887705564,496.2967834472656,16.705589294433594,5.076791112014347e+16,12.370509147644043,2346978697115.147
Sr2BiAu,mp-867193,p,7.7426368268112e+17,0.887705564,498.267578125,16.748414993286133,5.602927376237804e+16,12.417251586914062,2613675018588.4746
Sr2BiAu,mp-867193,p,1e+18,0.887705564,497.6100158691406,16.803674697875977,6.363187168457418e+16,12.4631986618042,2905351362002.015
Sr2BiAu,mp-867193,p,1.29154966501488e+18,0.887705564,493.647216796875,16.875043869018555,7.499699615833238e+16,12.507650375366211,3218476744041.554
Sr2BiAu,mp-867193,p,1.66810053720005e+18,0.887705564,487.9289855957031,16.931278228759766,8.536468237816821e+16,12.56731128692627,3692421634683.63
Sr2BiAu,mp-867193,p,2.1544346900318802e+18,0.887705564,468.5509338378906,16.981307983398438,9.578731138567211e+16,12.620879173278809,4177141366387.6187
Sr2BiAu,mp-867193,p,2.78255940220712e+18,0.887705564,461.92510986328125,17.042165756225586,1.1019598118828387e+17,12.67446231842041,4725658329244.851
Sr2BiAu,mp-867193,p,3.5938136638046203e+18,0.887705564,451.76959228515625,17.11281394958496,1.296623682404391e+17,12.71623706817627,5202799240521.271
Sr2BiAu,mp-867193,p,4.641588833612769e+18,0.887705564,434.9313049316406,17.205785751342773,1.6061487029997552e+17,12.755406379699707,5693854692074.7705
Sr2BiAu,mp-867193,p,5.994842503189401e+18,0.887705564,416.0656433105469,17.290868759155273,1.9537489568834992e+17,12.802802085876465,6350414685424.999
Sr2BiAu,mp-867193,p,7.742636826811269e+18,0.887705564,382.05377197265625,17.36319923400879,2.307805659279634e+17,12.86069393157959,7255944155664.482
Sr2BiAu,mp-867193,p,1e+19,0.887705564,345.5594177246094,17.424030303955078,2.6547908000058214e+17,12.923653602600098,8387906922215.139
Sr2BiAu,mp-867193,p,1.291549665014884e+19,0.887705564,310.5511779785156,17.491943359375,3.104154718307395e+17,12.988478660583496,9738199347097.55
Sr2BiAu,mp-867193,p,1.668100537200058e+19,0.887705564,276.1210021972656,17.56950569152832,3.7111259297630086e+17,13.034926414489746,10837432723644.562
Sr2BiAu,mp-867193,p,2.154434690031883e+19,0.887705564,239.15924072265625,17.65464210510254,4.5148373075538726e+17,13.08600902557373,12190149324146.63
Sr2BiAu,mp-867193,p,2.7825594022071243e+19,0.887705564,240.79542541503906,17.73339080810547,5.412411499604036e+17,13.131490707397461,13536011273473.309
Sr2BiAu,mp-867193,p,3.593813663804627e+19,0.887705564,231.34326171875,17.81378936767578,6.513124316660869e+17,13.181699752807617,15194966705372.61
Sr2BiAu,mp-867193,p,4.641588833612778e+19,0.887705564,218.96810913085938,17.920522689819336,8.327654328784264e+17,13.242932319641113,17495740141394.305
Sr2BiAu,mp-867193,p,5.994842503189409e+19,0.887705564,206.34375,18.052759170532227,1.129169582233558e+18,13.313249588012695,20570724510245.74
Sr2BiAu,mp-867193,p,7.74263682681127e+19,0.887705564,186.86123657226562,18.207780838012695,1.613544093859288e+18,13.335914611816406,21672779466971.277
Sr2BiAu,mp-867193,p,1e+20,0.887705564,141.5786590576172,18.414281845092773,2.5958634590968525e+18,13.321891784667969,20984169454105.324
Sr2HgPb,mp-867207,n,1e+16,0.38830018,-395.42376708984375,16.575288772583008,3.7608739049165896e+16,11.947434425354004,886001435137.3348
Sr2HgPb,mp-867207,n,1.291549665014e+16,0.38830018,-394.8020324707031,16.577348709106445,3.77875477610241e+16,11.942181587219238,875349699959.5159
Sr2HgPb,mp-867207,n,1.6681005372e+16,0.38830018,-393.9199523925781,16.58272361755371,3.825811934136198e+16,11.950358390808105,891986724538.2836
Sr2HgPb,mp-867207,n,2.154434690031e+16,0.38830018,-392.8625183105469,16.587081909179688,3.864398538416242e+16,11.945878028869629,882831923217.8107
Sr2HgPb,mp-867207,n,2.782559402207e+16,0.38830018,-391.4103088378906,16.595212936401367,3.9374308201630296e+16,11.955212593078613,902012577024.0829
Sr2HgPb,mp-867207,n,3.593813663804e+16,0.38830018,-389.62701416015625,16.603214263916016,4.0106453838598536e+16,11.952079772949219,895529244840.1425
Sr2HgPb,mp-867207,n,4.641588833612e+16,0.38830018,-387.2251892089844,16.61595916748047,4.130086689447115e+16,11.963335037231445,919041319095.687
Sr2HgPb,mp-867207,n,5.994842503189e+16,0.38830018,-384.2294921875,16.6298770904541,4.264588097467175e+16,11.962512016296387,917301315431.3267
Sr2HgPb,mp-867207,n,7.742636826811e+16,0.38830018,-380.16717529296875,16.64967918395996,4.463537460426699e+16,11.975798606872559,945798469439.0385
Sr2HgPb,mp-867207,n,1e+17,0.38830018,-376.7308654785156,16.673688888549805,4.717249950019892e+16,11.9849271774292,965888904998.3916
Sr2HgPb,mp-867207,n,1.2915496650148002e+17,0.38830018,-374.4911804199219,16.706098556518555,5.0827477469294616e+16,11.997730255126953,994787352534.7228
Sr2HgPb,mp-867207,n,1.6681005372e+17,0.38830018,-371.5982971191406,16.747953414916992,5.596975616905265e+16,12.014266014099121,1033394186655.7898
Sr2HgPb,mp-867207,n,2.1544346900318e+17,0.38830018,-367.8622131347656,16.80201530456543,6.338920492598484e+16,12.035627365112305,1085493844661.5219
Sr2HgPb,mp-867207,n,2.7825594022071e+17,0.38830018,-363.0364685058594,16.871841430664062,7.444601074574827e+16,12.063210487365723,1156672705221.011
Sr2HgPb,mp-867207,n,3.5938136638045997e+17,0.38830018,-356.8036804199219,16.958314895629883,9.084790059190139e+16,12.097901344299316,1252856539780.602
Sr2HgPb,mp-867207,n,4.6415888336127e+17,0.38830018,-347.4797058105469,17.05430030822754,1.1331836721736798e+17,12.132767677307129,1357587020945.7605
Sr2HgPb,mp-867207,n,5.9948425031894e+17,0.38830018,-334.8305358886719,17.15993309020996,1.4452170955201606e+17,12.187278747558594,1539142206331.805
Sr2HgPb,mp-867207,n,7.7426368268112e+17,0.38830018,-323.14727783203125,17.26593589782715,1.844743113694738e+17,12.242453575134277,1747646433915.7322
Sr2HgPb,mp-867207,n,1e+18,0.38830018,-307.09259033203125,17.36998176574707,2.3441303927850115e+17,12.313277244567871,2057203452802.4521
Sr2HgPb,mp-867207,n,1.29154966501488e+18,0.38830018,-285.0451354980469,17.495264053344727,3.127980617859453e+17,12.389273643493652,2450606852060.5674
Sr2HgPb,mp-867207,n,1.66810053720005e+18,0.38830018,-273.1459655761719,17.609046936035156,4.0648725758262534e+17,12.487687110900879,3073881427314.986
Sr2HgPb,mp-867207,n,2.1544346900318802e+18,0.38830018,-260.3129577636719,17.680912017822266,4.796362709837219e+17,12.567227363586426,3691708177732.6533
Sr2HgPb,mp-867207,n,2.78255940220712e+18,0.38830018,-243.69921875,17.757902145385742,5.7266698393864294e+17,12.662379264831543,4595992008128.058
Sr2HgPb,mp-867207,n,3.5938136638046203e+18,0.38830018,-228.80853271484375,17.85059928894043,7.08923362859831e+17,12.714306831359863,5179726531406.592
Sr2HgPb,mp-867207,n,4.641588833612769e+18,0.38830018,-213.93765258789062,17.956335067749023,9.043469281913599e+17,12.764348983764648,5812312869273.495
Sr2HgPb,mp-867207,n,5.994842503189401e+18,0.38830018,-200.4962158203125,18.074546813964844,1.1872626729148908e+18,12.825416564941406,6689852847069.152
Sr2HgPb,mp-867207,n,7.742636826811269e+18,0.38830018,-186.46762084960938,18.18548011779785,1.5327810333323866e+18,12.900395393371582,7950517418034.903
Sr2HgPb,mp-867207,n,1e+19,0.38830018,-173.05648803710938,18.28599739074707,1.9319567097341745e+18,12.97387981414795,9416289758006.629
Sr2HgPb,mp-867207,n,1.291549665014884e+19,0.38830018,-158.37249755859375,18.388486862182617,2.4461712759454817e+18,13.06389331817627,11584927444348.936
Sr2HgPb,mp-867207,n,1.668100537200058e+19,0.38830018,-136.66403198242188,18.50836181640625,3.2237534239176463e+18,13.1635160446167,14571895382850.756
Sr2HgPb,mp-867207,n,2.154434690031883e+19,0.38830018,-109.24307250976562,18.62742042541504,4.240532786744223e+18,13.270015716552734,18621545243950.332
Sr2HgPb,mp-867207,n,2.7825594022071243e+19,0.38830018,-96.95752716064453,18.729869842529297,5.36870872780412e+18,13.379061698913574,23936557917450.496
Sr2HgPb,mp-867207,n,3.593813663804627e+19,0.38830018,-81.03451538085938,18.824186325073242,6.670929102561854e+18,13.50040340423584,31652163778127.508
Sr2HgPb,mp-867207,n,4.641588833612778e+19,0.38830018,-65.35309600830078,18.94108009338379,8.731323782131763e+18,13.618513107299805,41544458945001.625
Sr2HgPb,mp-867207,n,5.994842503189409e+19,0.38830018,-44.3019905090332,19.07993507385254,1.202084711948289e+19,13.762984275817871,57940771785635.68
Sr2HgPb,mp-867207,n,7.74263682681127e+19,0.38830018,-40.48137664794922,19.242603302001953,1.748249054370066e+19,13.891762733459473,77940418510466.69
Sr2HgPb,mp-867207,n,1e+20,0.38830018,-50.54169464111328,19.428401947021484,2.681649089056439e+19,13.95630168914795,90427742540779.05
Sr2HgPb,mp-867207,p,1e+16,0.38830018,295.7725524902344,16.45575523376465,2.8559804731468136e+16,12.26164436340332,1826603827759.3147
Sr2HgPb,mp-867207,p,1.291549665014e+16,0.38830018,295.13702392578125,16.457143783569336,2.8651263814755224e+16,12.262331008911133,1829494081708.3176
Sr2HgPb,mp-867207,p,1.6681005372e+16,0.38830018,294.6925354003906,16.46308708190918,2.9046050086112304e+16,12.263547897338867,1834627492804.237
Sr2HgPb,mp-867207,p,2.154434690031e+16,0.38830018,293.601318359375,16.464473724365234,2.9138938333681988e+16,12.263777732849121,1835598663653.602
Sr2HgPb,mp-867207,p,2.782559402207e+16,0.38830018,292.437744140625,16.468698501586914,2.942378249844155e+16,12.264431953430176,1838365890582.6533
Sr2HgPb,mp-867207,p,3.593813663804e+16,0.38830018,291.12274169921875,16.47766876220703,3.0037844327191308e+16,12.266797065734863,1848404706774.8477
Sr2HgPb,mp-867207,p,4.641588833612e+16,0.38830018,289.4242248535156,16.4892520904541,3.084978136184056e+16,12.269850730895996,1861447238324.792
Sr2HgPb,mp-867207,p,5.994842503189e+16,0.38830018,287.23052978515625,16.50420570373535,3.1930498861962936e+16,12.273799896240234,1878451109882.6343
Sr2HgPb,mp-867207,p,7.742636826811e+16,0.38830018,284.3967590332031,16.523527145385742,3.338313704970053e+16,12.27889347076416,1900612016619.211
Sr2HgPb,mp-867207,p,1e+17,0.38830018,280.73699951171875,16.54848289489746,3.5357609489428856e+16,12.285479545593262,1929654451160.8325
Sr2HgPb,mp-867207,p,1.2915496650148002e+17,0.38830018,276.5034484863281,16.58791160583496,3.871788324240989e+16,12.296271324157715,1978205131781.0059
Sr2HgPb,mp-867207,p,1.6681005372e+17,0.38830018,271.6776428222656,16.627145767211914,4.237851820371161e+16,12.307242393493652,2028814749294.7485
Sr2HgPb,mp-867207,p,2.1544346900318e+17,0.38830018,267.2416076660156,16.67428970336914,4.7237804383162e+16,12.321455001831055,2096307566182.6628
Sr2HgPb,mp-867207,p,2.7825594022071e+17,0.38830018,261.4101867675781,16.7326717376709,5.4034574716935096e+16,12.339742660522461,2186465658449.8062
Sr2HgPb,mp-867207,p,3.5938136638045997e+17,0.38830018,254.978271484375,16.80708122253418,6.4132950796659624e+16,12.36333179473877,2308510183765.579
Sr2HgPb,mp-867207,p,4.6415888336127e+17,0.38830018,248.7799072265625,16.886798858642578,7.705465115748912e+16,12.393948554992676,2477128608250.876
Sr2HgPb,mp-867207,p,5.9948425031894e+17,0.38830018,246.67453002929688,16.993093490600586,9.842229566958678e+16,12.433216094970703,2711540496624.473
Sr2HgPb,mp-867207,p,7.7426368268112e+17,0.38830018,254.55633544921875,17.089685440063477,1.2293780085149192e+17,12.478047370910645,3006404209945.3843
Sr2HgPb,mp-867207,p,1e+18,0.38830018,261.00372314453125,17.194931030273438,1.5665022762193274e+17,12.52552318572998,3353692083675.42
Sr2HgPb,mp-867207,p,1.29154966501488e+18,0.38830018,267.9193115234375,17.323993682861328,2.1085974785798467e+17,12.574259757995605,3751973462659.611
Sr2HgPb,mp-867207,p,1.66810053720005e+18,0.38830018,277.1172790527344,17.43498420715332,2.722602300551235e+17,12.635758399963379,4322732884964.018
Sr2HgPb,mp-867207,p,2.1544346900318802e+18,0.38830018,286.5439147949219,17.50575065612793,3.204429019861316e+17,12.709843635559082,5126767653693.07
Sr2HgPb,mp-867207,p,2.78255940220712e+18,0.38830018,297.9318542480469,17.582273483276367,3.821848639642469e+17,12.780491828918457,6032423580498.048
Sr2HgPb,mp-867207,p,3.5938136638046203e+18,0.38830018,314.0545654296875,17.680463790893555,4.791415030362513e+17,12.819452285766602,6598607339671.081
Sr2HgPb,mp-867207,p,4.641588833612769e+18,0.38830018,326.7397766113281,17.787715911865234,6.133606519483898e+17,12.87340259552002,7471410450330.93
Sr2HgPb,mp-867207,p,5.994842503189401e+18,0.38830018,325.48541259765625,17.913484573364258,8.193785174030911e+17,12.93537425994873,8617360465875.113
Sr2HgPb,mp-867207,p,7.742636826811269e+18,0.38830018,320.5907897949219,18.023427963256836,1.055426424343623e+18,13.010725021362305,10250027282671.578
Sr2HgPb,mp-867207,p,1e+19,0.38830018,307.2784729003906,18.132383346557617,1.3563861499718884e+18,13.071342468261719,11785349554444.986
Sr2HgPb,mp-867207,p,1.291549665014884e+19,0.38830018,287.3022766113281,18.214750289916992,1.6396467401383375e+18,13.132140159606934,13556268424281.766
Sr2HgPb,mp-867207,p,1.668100537200058e+19,0.38830018,255.17178344726562,18.303861618041992,2.0130827065667039e+18,13.198140144348145,15781204379914.686
Sr2HgPb,mp-867207,p,2.154434690031883e+19,0.38830018,216.7918243408203,18.41962432861328,2.627993753514781e+18,13.28576374053955,19309175975656.324
Sr2HgPb,mp-867207,p,2.7825594022071243e+19,0.38830018,209.4928741455078,18.560245513916016,3.6328336687945743e+18,13.393661499023438,24754918395715.58
Sr2HgPb,mp-867207,p,3.593813663804627e+19,0.38830018,201.2877960205078,18.681272506713867,4.800345613940524e+18,13.521627426147461,33237429269641.688
Sr2HgPb,mp-867207,p,4.641588833612778e+19,0.38830018,181.54428100585938,18.804838180541992,6.380257115555291e+18,13.633084297180176,42961980849174.9
Sr2HgPb,mp-867207,p,5.994842503189409e+19,0.38830018,159.48379516601562,18.958660125732422,9.09201462693929e+18,13.762341499328613,57855080117112.17
Sr2HgPb,mp-867207,p,7.74263682681127e+19,0.38830018,140.72598266601562,19.115680694580078,1.3052109077980938e+19,13.89604663848877,78713031436388.8
Sr2HgPb,mp-867207,p,1e+20,0.38830018,104.00029754638672,19.30055046081543,1.9977928791546343e+19,14.040989875793457,109898021987509.03
Sr2SnHg,mp-867169,n,1e+16,0.399424314,-121.72261810302734,16.186386108398438,1.5359819367676146e+16,11.479100227355957,301370145203.28436
Sr2SnHg,mp-867169,n,1.291549665014e+16,0.399424314,-121.34379577636719,16.189685821533203,1.5476965750645736e+16,11.480998039245605,302689976221.1787
Sr2SnHg,mp-867169,n,1.6681005372e+16,0.399424314,-120.854736328125,16.19394874572754,1.5629631750249904e+16,11.483454704284668,304407048531.87616
Sr2SnHg,mp-867169,n,2.154434690031e+16,0.399424314,-120.22296905517578,16.199459075927734,1.5829203992550184e+16,11.486626625061035,306638459945.9662
Sr2SnHg,mp-867169,n,2.782559402207e+16,0.399424314,-119.68731689453125,16.20795249938965,1.6141819973108768e+16,11.496016502380371,313340478559.17004
Sr2SnHg,mp-867169,n,3.593813663804e+16,0.399424314,-119.14280700683594,16.212743759155273,1.632088704738396e+16,11.507742881774902,321916236508.55695
Sr2SnHg,mp-867169,n,4.641588833612e+16,0.399424314,-117.74602508544922,16.227304458618164,1.6877357842182834e+16,11.503788948059082,318998725603.68335
Sr2SnHg,mp-867169,n,5.994842503189e+16,0.399424314,-116.72151184082031,16.237560272216797,1.728065788134084e+16,11.52468204498291,334720294517.201
Sr2SnHg,mp-867169,n,7.742636826811e+16,0.399424314,-114.47733306884766,16.26021957397461,1.820621109706557e+16,11.528475761413574,337657003003.45245
Sr2SnHg,mp-867169,n,1e+17,0.399424314,-112.16888427734375,16.283275604248047,1.9198867185626036e+16,11.548733711242676,353780353250.7143
Sr2SnHg,mp-867169,n,1.2915496650148002e+17,0.399424314,-108.59380340576172,16.319129943847656,2.0851146701903076e+16,11.558239936828613,361609587707.2323
Sr2SnHg,mp-867169,n,1.6681005372e+17,0.399424314,-104.574462890625,16.35921287536621,2.2867193954299852e+16,11.586505889892578,385927645501.80383
Sr2SnHg,mp-867169,n,2.1544346900318e+17,0.399424314,-98.77938079833984,16.417280197143555,2.6138472066045748e+16,11.607037544250488,404610868322.35614
Sr2SnHg,mp-867169,n,2.7825594022071e+17,0.399424314,-94.08463287353516,16.482009887695312,3.0339602583694708e+16,11.649541854858398,446212625970.87555
Sr2SnHg,mp-867169,n,3.5938136638045997e+17,0.399424314,-92.87464904785156,16.572202682495117,3.7342439194367896e+16,11.688436508178711,488018749974.17456
Sr2SnHg,mp-867169,n,4.6415888336127e+17,0.399424314,-92.42163848876953,16.67994499206543,4.785694726588332e+16,11.754685401916504,568441009332.9604
Sr2SnHg,mp-867169,n,5.9948425031894e+17,0.399424314,-92.67694854736328,16.8278751373291,6.727831986470243e+16,11.822251319885254,664127279997.8022
Sr2SnHg,mp-867169,n,7.7426368268112e+17,0.399424314,-93.45109558105469,16.983936309814453,9.636876864647322e+16,11.926904678344727,845093338458.4574
Sr2SnHg,mp-867169,n,1e+18,0.399424314,-94.0420913696289,17.17347526550293,1.4909918361526848e+17,12.026866912841797,1063816967402.9935
Sr2SnHg,mp-867169,n,1.29154966501488e+18,0.399424314,-95.24835968017578,17.279516220092773,1.9033393224396643e+17,12.150084495544434,1412812392094.128
Sr2SnHg,mp-867169,n,1.66810053720005e+18,0.399424314,-99.8783187866211,17.374242782592773,2.3672426816041043e+17,12.282931327819824,1918365377965.0671
Sr2SnHg,mp-867169,n,2.1544346900318802e+18,0.399424314,-105.3932876586914,17.461454391479492,2.8937059113487e+17,12.404662132263184,2538996675755.1094
Sr2SnHg,mp-867169,n,2.78255940220712e+18,0.399424314,-112.1904525756836,17.541170120239258,3.4767232369859046e+17,12.475488662719727,2988743624631.6035
Sr2SnHg,mp-867169,n,3.5938136638046203e+18,0.399424314,-121.58194732666016,17.643726348876953,4.4027735512466816e+17,12.53414249420166,3420916660966.549
Sr2SnHg,mp-867169,n,4.641588833612769e+18,0.399424314,-141.83413696289062,17.759599685668945,5.7490976546261203e+17,12.589655876159668,3887369976714.1016
Sr2SnHg,mp-867169,n,5.994842503189401e+18,0.399424314,-144.30575561523438,17.866741180419922,7.357684825616494e+17,12.663381576538086,4606611384382.117
Sr2SnHg,mp-867169,n,7.742636826811269e+18,0.399424314,-144.76353454589844,17.970964431762695,9.353290685953294e+17,12.743266105651855,5536892678259.839
Sr2SnHg,mp-867169,n,1e+19,0.399424314,-144.74822998046875,18.096561431884766,1.2489971054116073e+18,12.847095489501953,7032269232916.392
Sr2SnHg,mp-867169,n,1.291549665014884e+19,0.399424314,-138.64437866210938,18.233610153198242,1.7124194547514255e+18,12.968523979187012,9300878673180.268
Sr2SnHg,mp-867169,n,1.668100537200058e+19,0.399424314,-129.99612426757812,18.293489456176758,1.965574259690497e+18,13.073302268981934,11838652393179.807
Sr2SnHg,mp-867169,n,2.154434690031883e+19,0.399424314,-118.4071273803711,18.341934204101562,2.1975269207965294e+18,13.186322212219238,15357559699138.29
Sr2SnHg,mp-867169,n,2.7825594022071243e+19,0.399424314,-103.74523162841797,18.407915115356445,2.5580858496345564e+18,13.31993579864502,20889872949510.77
Sr2SnHg,mp-867169,n,3.593813663804627e+19,0.399424314,-87.18415832519531,18.50422477722168,3.1931901226793175e+18,13.439146995544434,27488243895672.066
Sr2SnHg,mp-867169,n,4.641588833612778e+19,0.399424314,-68.93777465820312,18.62189292907715,4.1869032851620337e+18,13.531296730041504,33985739954810.97
Sr2SnHg,mp-867169,n,5.994842503189409e+19,0.399424314,-51.31065368652344,18.762521743774414,5.787909658878102e+18,13.624445915222168,42115883455549.76
Sr2SnHg,mp-867169,n,7.74263682681127e+19,0.399424314,-42.74122619628906,18.92415428161621,8.397582547593892e+18,13.735492706298828,54386699774142.77
Sr2SnHg,mp-867169,n,1e+20,0.399424314,-53.1025390625,19.114755630493164,1.3024337167651721e+19,13.807631492614746,64214261548202.49
Sr2SnHg,mp-867169,p,1e+16,0.399424314,163.01528930664062,16.177648544311523,1.505388327633569e+16,11.857536315917969,720337983736.1106
Sr2SnHg,mp-867169,p,1.291549665014e+16,0.399424314,162.8245849609375,16.18491554260254,1.5307897395260742e+16,11.859660148620605,723869284086.2256
Sr2SnHg,mp-867169,p,1.6681005372e+16,0.399424314,162.76531982421875,16.185941696166992,1.5344109750088022e+16,11.86415958404541,731407794179.0845
Sr2SnHg,mp-867169,p,2.154434690031e+16,0.399424314,162.4203643798828,16.194183349609375,1.5638077086302346e+16,11.865495681762695,733661419506.7423
Sr2SnHg,mp-867169,p,2.782559402207e+16,0.399424314,162.1432647705078,16.198766708374023,1.5803988623185292e+16,11.870542526245117,742236874236.5374
Sr2SnHg,mp-867169,p,3.593813663804e+16,0.399424314,161.61773681640625,16.2105712890625,1.6239448977514566e+16,11.87367057800293,747602212528.2559
Sr2SnHg,mp-867169,p,4.641588833612e+16,0.399424314,161.12680053710938,16.219812393188477,1.6588701528338118e+16,11.881071090698242,760450746746.6705
Sr2SnHg,mp-867169,p,5.994842503189e+16,0.399424314,160.33779907226562,16.237836837768555,1.7291665980568108e+16,11.887280464172363,771401473623.864
Sr2SnHg,mp-867169,p,7.742636826811e+16,0.399424314,159.47445678710938,16.25502586364746,1.7989780469264762e+16,11.89865779876709,791877127023.952
Sr2SnHg,mp-867169,p,1e+17,0.399424314,158.23312377929688,16.28333854675293,1.920164988818145e+16,11.909985542297363,812803457412.9945
Sr2SnHg,mp-867169,p,1.2915496650148002e+17,0.399424314,156.92764282226562,16.313783645629883,2.05960361596637e+16,11.927984237670898,847196665338.7024
Sr2SnHg,mp-867169,p,1.6681005372e+17,0.399424314,157.04965209960938,16.359235763549805,2.2868399132692304e+16,11.947860717773438,886871538581.1112
Sr2SnHg,mp-867169,p,2.1544346900318e+17,0.399424314,159.40267944335938,16.41179847717285,2.5810622392925396e+16,11.972088813781738,937753759171.7644
Sr2SnHg,mp-867169,p,2.7825594022071e+17,0.399424314,162.688720703125,16.485837936401367,3.0608210285791212e+16,11.995621681213379,989969195919.4695
Sr2SnHg,mp-867169,p,3.5938136638045997e+17,0.399424314,166.74288940429688,16.575298309326172,3.760956491465118e+16,12.02950382232666,1070295802792.0161
Sr2SnHg,mp-867169,p,4.6415888336127e+17,0.399424314,172.32015991210938,16.681116104125977,4.798617175441237e+16,12.069616317749023,1173860037104.4536
Sr2SnHg,mp-867169,p,5.9948425031894e+17,0.399424314,179.32421875,16.800342559814453,6.314552230055716e+16,12.123120307922363,1327762222455.0698
Sr2SnHg,mp-867169,p,7.7426368268112e+17,0.399424314,188.57904052734375,16.96261978149414,9.175289614812549e+16,12.185112953186035,1531485725315.8108
Sr2SnHg,mp-867169,p,1e+18,0.399424314,200.3114776611328,17.131053924560547,1.3522404549094286e+17,12.267032623291016,1849407537377.4507
Sr2SnHg,mp-867169,p,1.29154966501488e+18,0.399424314,217.77145385742188,17.25330924987793,1.7918813522635526e+17,12.337079048156738,2173096679294.4553
Sr2SnHg,mp-867169,p,1.66810053720005e+18,0.399424314,242.81417846679688,17.3485107421875,2.231057391559631e+17,12.415728569030762,2604525231421.3794
Sr2SnHg,mp-867169,p,2.1544346900318802e+18,0.399424314,269.71527099609375,17.440610885620117,2.758105571830718e+17,12.484498023986816,3051392145462.856
Sr2SnHg,mp-867169,p,2.78255940220712e+18,0.399424314,285.0648193359375,17.526124954223633,3.3583422580585126e+17,12.548264503479004,3533983386107.919
Sr2SnHg,mp-867169,p,3.5938136638046203e+18,0.399424314,290.6011047363281,17.62608528137207,4.2275162084339603e+17,12.591967582702637,3908117231153.0615
Sr2SnHg,mp-867169,p,4.641588833612769e+18,0.399424314,299.73614501953125,17.749914169311523,5.622301992701573e+17,12.657435417175293,4543969599720.66
Sr2SnHg,mp-867169,p,5.994842503189401e+18,0.399424314,308.1633605957031,17.870779037475586,7.426411970470838e+17,12.731489181518555,5388764215389.461
Sr2SnHg,mp-867169,p,7.742636826811269e+18,0.399424314,304.8132629394531,17.97651481628418,9.473595038377582e+17,12.816688537597656,6556748681628.912
Sr2SnHg,mp-867169,p,1e+19,0.399424314,294.75836181640625,18.100393295288086,1.260066005825238e+18,12.92219066619873,8359699495092.415
Sr2SnHg,mp-867169,p,1.291549665014884e+19,0.399424314,271.7862548828125,18.210784912109375,1.6247438887723553e+18,13.031957626342773,10763601891712.984
Sr2SnHg,mp-867169,p,1.668100537200058e+19,0.399424314,236.63644409179688,18.286069869995117,1.9322791601925023e+18,13.114835739135742,13026739818958.77
Sr2SnHg,mp-867169,p,2.154434690031883e+19,0.399424314,189.62686157226562,18.36435890197754,2.313976275655375e+18,13.206387519836426,16083757624219.611
Sr2SnHg,mp-867169,p,2.7825594022071243e+19,0.399424314,188.71737670898438,18.441286087036133,2.762396957664001e+18,13.322331428527832,21005422849701.242
Sr2SnHg,mp-867169,p,3.593813663804627e+19,0.399424314,182.69866943359375,18.547321319580078,3.526316746228145e+18,13.448265075683594,28071464831847.773
Sr2SnHg,mp-867169,p,4.641588833612778e+19,0.399424314,171.78884887695312,18.661325454711914,4.5848534103966444e+18,13.560624122619629,36360020768895.78
Sr2SnHg,mp-867169,p,5.994842503189409e+19,0.399424314,145.22930908203125,18.797998428344727,6.280560859558751e+18,13.700511932373047,50177836536059.65
Sr2SnHg,mp-867169,p,7.74263682681127e+19,0.399424314,131.45814514160156,18.954164505004883,8.998383638531777e+18,13.8089017868042,64402360681637.7
Sr2SnHg,mp-867169,p,1e+20,0.399424314,113.68901062011719,19.14264488220215,1.3888165468542489e+19,13.892901420593262,78145040500308.72
Sr3AsN,mp-1013555,n,1e+16,0.395545959,-337.8786315917969,16.217512130737305,1.6501070915583744e+16,11.331355094909668,214464342263.34387
Sr3AsN,mp-1013555,n,1.291549665014e+16,0.395545959,-337.2379150390625,16.22290802001953,1.6707367286117276e+16,11.335134506225586,216338844740.75687
Sr3AsN,mp-1013555,n,1.6681005372e+16,0.395545959,-335.628173828125,16.2270565032959,1.6867724663626604e+16,11.339176177978516,218361554813.14465
Sr3AsN,mp-1013555,n,2.154434690031e+16,0.395545959,-333.89306640625,16.23414421081543,1.7145265346879428e+16,11.346056938171387,221848725547.23904
Sr3AsN,mp-1013555,n,2.782559402207e+16,0.395545959,-332.0611877441406,16.24458122253418,1.7562293166488292e+16,11.352952003479004,225399009625.1293
Sr3AsN,mp-1013555,n,3.593813663804e+16,0.395545959,-329.17095947265625,16.25576400756836,1.8020382604074148e+16,11.363005638122559,230677713569.91946
Sr3AsN,mp-1013555,n,4.641588833612e+16,0.395545959,-325.4367980957031,16.27066993713379,1.8649617851802988e+16,11.376582145690918,238002843467.77805
Sr3AsN,mp-1013555,n,5.994842503189e+16,0.395545959,-320.6143493652344,16.28992462158203,1.9495062039158276e+16,11.3928861618042,247107633631.8089
Sr3AsN,mp-1013555,n,7.742636826811e+16,0.395545959,-314.38543701171875,16.314800262451172,2.064430479642305e+16,11.413247108459473,258968599694.69785
Sr3AsN,mp-1013555,n,1e+17,0.395545959,-306.2018737792969,16.346921920776367,2.2229102109097056e+16,11.439550399780273,275137888338.55865
Sr3AsN,mp-1013555,n,1.2915496650148002e+17,0.395545959,-295.569580078125,16.388412475585938,2.4457523280168416e+16,11.473511695861816,297516938124.68304
Sr3AsN,mp-1013555,n,1.6681005372e+17,0.395545959,-286.3194885253906,16.441991806030273,2.766889441151173e+16,11.517375946044922,329136423800.62537
Sr3AsN,mp-1013555,n,2.1544346900318e+17,0.395545959,-275.4090881347656,16.510557174682617,3.2400907528321828e+16,11.56956672668457,371164752300.86414
Sr3AsN,mp-1013555,n,2.7825594022071e+17,0.395545959,-261.3151550292969,16.599287033081055,3.97454147319399e+16,11.634719848632812,431240805559.8864
Sr3AsN,mp-1013555,n,3.5938136638045997e+17,0.395545959,-243.00592041015625,16.714204788208008,5.1785096300818424e+16,11.718409538269043,522889039229.943
Sr3AsN,mp-1013555,n,4.6415888336127e+17,0.395545959,-218.9931182861328,16.853593826293945,7.1382840611358696e+16,11.8204984664917,661452201870.1503
Sr3AsN,mp-1013555,n,5.9948425031894e+17,0.395545959,-189.09194946289062,16.98911476135254,9.7524731060754e+16,11.934489250183105,859981780039.7991
Sr3AsN,mp-1013555,n,7.7426368268112e+17,0.395545959,-160.1245574951172,17.10917854309082,1.2858151636191808e+17,12.034761428833008,1083331643517.2155
Sr3AsN,mp-1013555,n,1e+18,0.395545959,-140.66978454589844,17.193132400512695,1.5600280258596013e+17,12.115836143493652,1305678171237.278
Sr3AsN,mp-1013555,n,1.29154966501488e+18,0.395545959,-130.98043823242188,17.299774169921875,1.9942250622943382e+17,12.16806697845459,1472539585264.366
Sr3AsN,mp-1013555,n,1.66810053720005e+18,0.395545959,-121.08110046386719,17.377431869506836,2.384689664928796e+17,12.217354774475098,1649509322853.4473
Sr3AsN,mp-1013555,n,2.1544346900318802e+18,0.395545959,-108.58527374267578,17.460426330566406,2.886864038502806e+17,12.281004905700684,1909874831995.6572
Sr3AsN,mp-1013555,n,2.78255940220712e+18,0.395545959,-97.9693832397461,17.567598342895508,3.694863024304019e+17,12.359808921813965,2289859952757.8286
Sr3AsN,mp-1013555,n,3.5938136638046203e+18,0.395545959,-90.98445129394531,17.687463760375977,4.8692689194466784e+17,12.446318626403809,2794593383006.4307
Sr3AsN,mp-1013555,n,4.641588833612769e+18,0.395545959,-87.9469223022461,17.817028045654297,6.561876398956293e+17,12.545970916748047,3515368984872.3774
Sr3AsN,mp-1013555,n,5.994842503189401e+18,0.395545959,-84.77570343017578,17.98006248474121,9.551299968337285e+17,12.667559623718262,4651142267040.21
Sr3AsN,mp-1013555,n,7.742636826811269e+18,0.395545959,-93.03266143798828,18.11802864074707,1.312286438513127e+18,12.806154251098633,6399620944780.0
Sr3AsN,mp-1013555,n,1e+19,0.395545959,-100.03514099121094,18.256772994995117,1.8062297659238935e+18,12.976473808288574,9472700542087.967
Sr3AsN,mp-1013555,n,1.291549665014884e+19,0.395545959,-94.98075103759766,18.33708381652832,2.1731205391171528e+18,13.183955192565918,15274084629023.49
Sr3AsN,mp-1013555,n,1.668100537200058e+19,0.395545959,-88.60465240478516,18.401643753051758,2.5214116379422177e+18,13.392311096191406,24678064568200.6
Sr3AsN,mp-1013555,n,2.154434690031883e+19,0.395545959,-80.21803283691406,18.455251693725586,2.852671043249223e+18,13.601102828979492,39911939166177.45
Sr3AsN,mp-1013555,n,2.7825594022071243e+19,0.395545959,-69.96924591064453,18.51994514465332,3.310892992488039e+18,13.750394821166992,56285278739000.43
Sr3AsN,mp-1013555,n,3.593813663804627e+19,0.395545959,-58.623043060302734,18.593786239624023,3.924517225447455e+18,13.839631080627441,69124353201698.87
Sr3AsN,mp-1013555,n,4.641588833612778e+19,0.395545959,-56.683616638183594,18.68185043334961,4.806737807271248e+18,13.892989158630371,78160829291934.05
Sr3AsN,mp-1013555,n,5.994842503189409e+19,0.395545959,-39.74162292480469,18.799625396728516,6.304133431440816e+18,13.952109336853027,89559020863938.28
Sr3AsN,mp-1013555,n,7.74263682681127e+19,0.395545959,-33.627410888671875,18.947622299194336,8.863847982894215e+18,14.020096778869629,104736191783493.39
Sr3AsN,mp-1013555,n,1e+20,0.395545959,-31.62079620361328,19.11642837524414,1.3074598921135399e+19,14.019664764404297,104632057252115.44
Sr3AsN,mp-1013555,p,1e+16,0.395545959,447.9587097167969,15.670198440551758,4679489105889414.0,10.756041526794434,57021879341.22398
Sr3AsN,mp-1013555,p,1.291549665014e+16,0.395545959,447.00457763671875,15.674286842346191,4723749319339819.0,10.760117530822754,57559568668.319016
Sr3AsN,mp-1013555,p,1.6681005372e+16,0.395545959,445.7721252441406,15.679574012756348,4781608476976244.0,10.765384674072266,58261904107.02042
Sr3AsN,mp-1013555,p,2.154434690031e+16,0.395545959,444.1801452636719,15.686402320861816,4857382690573980.0,10.772189140319824,59181932228.615456
Sr3AsN,mp-1013555,p,2.782559402207e+16,0.395545959,442.1242980957031,15.69524097442627,4957251746220397.0,10.780949592590332,60387853472.73137
Sr3AsN,mp-1013555,p,3.593813663804e+16,0.395545959,439.4687194824219,15.706604957580566,5088677847764675.0,10.792372703552246,61997289620.35719
Sr3AsN,mp-1013555,p,4.641588833612e+16,0.395545959,436.0397644042969,15.72131061553955,5263936183528889.0,10.807414054870605,64182119510.905846
Sr3AsN,mp-1013555,p,5.994842503189e+16,0.395545959,431.5674743652344,15.73979663848877,5492836076334824.0,10.829236030578613,67489472015.82254
Sr3AsN,mp-1013555,p,7.742636826811e+16,0.395545959,425.4476013183594,15.75426197052002,5678870569321162.0,10.872427940368652,74546617145.93388
Sr3AsN,mp-1013555,p,1e+17,0.395545959,417.9747009277344,15.784594535827637,6089680895524242.0,10.90573787689209,80489249303.87347
Sr3AsN,mp-1013555,p,1.2915496650148002e+17,0.395545959,408.395751953125,15.825528144836426,6691571839614251.0,10.94651985168457,88413758237.63373
Sr3AsN,mp-1013555,p,1.6681005372e+17,0.395545959,396.0232238769531,15.878408432006836,7558026877595139.0,10.999188423156738,99813302023.78345
Sr3AsN,mp-1013555,p,2.1544346900318e+17,0.395545959,380.0439758300781,15.9467134475708,8845317931294063.0,11.067212104797363,116737961362.38606
Sr3AsN,mp-1013555,p,2.7825594022071e+17,0.395545959,361.7657775878906,16.034923553466797,1.0837361329595376e+16,11.155072212219238,142913156729.26813
Sr3AsN,mp-1013555,p,3.5938136638045997e+17,0.395545959,346.0792541503906,16.148855209350586,1.4088190300091726e+16,11.261004447937012,182391438230.54114
Sr3AsN,mp-1013555,p,4.6415888336127e+17,0.395545959,328.77081298828125,16.296005249023438,1.976993534550127e+16,11.391803741455078,246492518088.96875
Sr3AsN,mp-1013555,p,5.9948425031894e+17,0.395545959,306.4140930175781,16.482423782348633,3.0368530846641948e+16,11.537022590637207,344367843232.8899
Sr3AsN,mp-1013555,p,7.7426368268112e+17,0.395545959,277.5389709472656,16.716102600097656,5.2011885773665384e+16,11.678292274475098,476751726508.88885
Sr3AsN,mp-1013555,p,1e+18,0.395545959,266.1373596191406,16.93942642211914,8.698140572652318e+16,11.790987968444824,617999279047.2428
Sr3AsN,mp-1013555,p,1.29154966501488e+18,0.395545959,261.84515380859375,17.108827590942383,1.2847765197237099e+17,11.868624687194824,738966391917.2202
Sr3AsN,mp-1013555,p,1.66810053720005e+18,0.395545959,256.59844970703125,17.187761306762695,1.54085334947668e+17,11.914908409118652,822069260711.397
Sr3AsN,mp-1013555,p,2.1544346900318802e+18,0.395545959,252.23321533203125,17.274492263793945,1.881448191170082e+17,11.971959114074707,937473745878.5396
Sr3AsN,mp-1013555,p,2.78255940220712e+18,0.395545959,257.96240234375,17.38101577758789,2.4044501502636435e+17,12.04818344116211,1117335098047.9788
Sr3AsN,mp-1013555,p,3.5938136638046203e+18,0.395545959,280.2170104980469,17.49733543395996,3.1429352505877715e+17,12.12563705444336,1335478972879.7402
Sr3AsN,mp-1013555,p,4.641588833612769e+18,0.395545959,340.0379943847656,17.624040603637695,4.207659653571647e+17,12.215579986572266,1642782192684.8115
Sr3AsN,mp-1013555,p,5.994842503189401e+18,0.395545959,397.5163879394531,17.789674758911133,6.161334096368495e+17,12.334473609924316,2160098771531.8372
Sr3AsN,mp-1013555,p,7.742636826811269e+18,0.395545959,442.46630859375,17.929826736450195,8.507985409469171e+17,12.471327781677246,2960245854986.993
Sr3AsN,mp-1013555,p,1e+19,0.395545959,443.6027526855469,18.08185577392578,1.2074127954129987e+18,12.637284278869629,4337947372223.7334
Sr3AsN,mp-1013555,p,1.291549665014884e+19,0.395545959,405.5801086425781,18.166336059570312,1.4666823291924987e+18,12.848578453063965,7056323013832.301
Sr3AsN,mp-1013555,p,1.668100537200058e+19,0.395545959,354.9886474609375,18.23961067199707,1.73624365640748e+18,13.057417869567871,11413474413586.236
Sr3AsN,mp-1013555,p,2.154434690031883e+19,0.395545959,304.0838623046875,18.29544448852539,1.9744424902498312e+18,13.243520736694336,17519460841388.197
Sr3AsN,mp-1013555,p,2.7825594022071243e+19,0.395545959,295.5506896972656,18.36686897277832,2.3273889753872993e+18,13.367280006408691,23295927519062.5
Sr3AsN,mp-1013555,p,3.593813663804627e+19,0.395545959,286.5883483886719,18.45903205871582,2.8776108261447485e+18,13.458268165588379,28725537620314.29
Sr3AsN,mp-1013555,p,4.641588833612778e+19,0.395545959,276.98193359375,18.568357467651367,3.701327105510434e+18,13.510019302368164,32360803948102.945
Sr3AsN,mp-1013555,p,5.994842503189409e+19,0.395545959,255.85447692871094,18.705236434936523,5.072667950228444e+18,13.568954467773438,37064186097594.63
Sr3AsN,mp-1013555,p,7.74263682681127e+19,0.395545959,224.6160430908203,18.86678123474121,7.358363445020702e+18,13.639697074890137,43621146387681.51
Sr3AsN,mp-1013555,p,1e+20,0.395545959,207.3697052001953,19.030466079711914,1.0726698643814494e+19,13.64614486694336,44273603051197.1
Sr3PN,mp-1013554,n,1e+16,1.289067149,-557.115478515625,15.448407173156738,2808065107993989.0,10.626459121704102,42311568175.933
Sr3PN,mp-1013554,n,1.291549665014e+16,1.289067149,-556.3804931640625,15.453170776367188,2839035194599320.0,10.630791664123535,42735782868.431526
Sr3PN,mp-1013554,n,1.6681005372e+16,1.289067149,-555.4334716796875,15.458285331726074,2872667306250898.5,10.635909080505371,43242329379.672325
Sr3PN,mp-1013554,n,2.154434690031e+16,1.289067149,-554.24609375,15.453825950622559,2843321379649265.0,10.641283988952637,43780829824.37894
Sr3PN,mp-1013554,n,2.782559402207e+16,1.289067149,-552.666748046875,15.462955474853516,2903724940789776.0,10.650090217590332,44677639301.53405
Sr3PN,mp-1013554,n,3.593813663804e+16,1.289067149,-550.6143188476562,15.476178169250488,2993492464597961.5,10.66182804107666,45901622935.00891
Sr3PN,mp-1013554,n,4.641588833612e+16,1.289067149,-547.963623046875,15.493246078491211,3113479987050684.5,10.676971435546875,47530396318.253746
Sr3PN,mp-1013554,n,5.994842503189e+16,1.289067149,-544.494140625,15.515297889709473,3275653002527285.5,10.696541786193848,49721221132.67321
Sr3PN,mp-1013554,n,7.742636826811e+16,1.289067149,-540.0703125,15.543776512145996,3497651316420704.0,10.721816062927246,52700661063.811
Sr3PN,mp-1013554,n,1e+17,1.289067149,-534.7269287109375,15.580564498901367,3806838903699243.0,10.754456520080566,56814150853.54567
Sr3PN,mp-1013554,n,1.2915496650148002e+17,1.289067149,-527.7783203125,15.628066062927246,4246841600813779.5,10.796615600585938,62605948637.51401
Sr3PN,mp-1013554,n,1.6681005372e+17,1.289067149,-518.7210693359375,15.689420700073242,4891259451115602.0,10.851067543029785,70968813261.54822
Sr3PN,mp-1013554,n,2.1544346900318e+17,1.289067149,-504.26580810546875,15.76866626739502,5870380710908564.0,10.921396255493164,83444219245.31749
Sr3PN,mp-1013554,n,2.7825594022071e+17,1.289067149,-484.63946533203125,15.871016502380371,7430473717746555.0,11.00828742980957,101926574714.83832
Sr3PN,mp-1013554,n,3.5938136638045997e+17,1.289067149,-459.04656982421875,16.003206253051758,1.0074099895809844e+16,11.104620933532715,127239201072.0528
Sr3PN,mp-1013554,n,4.6415888336127e+17,1.289067149,-425.49725341796875,16.17871856689453,1.5091019034746642e+16,11.216980934143066,164809003753.54874
Sr3PN,mp-1013554,n,5.9948425031894e+17,1.289067149,-386.2518615722656,16.398801803588867,2.5049658156656716e+16,11.362017631530762,230153525346.99728
Sr3PN,mp-1013554,n,7.7426368268112e+17,1.289067149,-352.0762023925781,16.577077865600586,3.776398927323197e+16,11.532064437866211,340458701060.64514
Sr3PN,mp-1013554,n,1e+18,1.289067149,-339.4728698730469,16.6747989654541,4.729322883311351e+16,11.697111129760742,497864465093.19104
Sr3PN,mp-1013554,n,1.29154966501488e+18,1.289067149,-328.85455322265625,16.748611450195312,5.605462482810412e+16,11.844183921813965,698528165069.329
Sr3PN,mp-1013554,n,1.66810053720005e+18,1.289067149,-315.1403503417969,16.82021141052246,6.610151457385949e+16,11.945219993591309,881495284863.3289
Sr3PN,mp-1013554,n,2.1544346900318802e+18,1.289067149,-297.4198913574219,16.91265106201172,8.17807449006865e+16,12.011242866516113,1026225652567.1184
Sr3PN,mp-1013554,n,2.78255940220712e+18,1.289067149,-274.46734619140625,17.032026290893555,1.0765303815980675e+17,12.096504211425781,1248832554668.5476
Sr3PN,mp-1013554,n,3.5938136638046203e+18,1.289067149,-253.55572509765625,17.18406105041504,1.5277808090601555e+17,12.203495979309082,1597702737485.4336
Sr3PN,mp-1013554,n,4.641588833612769e+18,1.289067149,-229.46116638183594,17.33963966369629,2.185947180019006e+17,12.332176208496094,2148702101061.86
Sr3PN,mp-1013554,n,5.994842503189401e+18,1.289067149,-210.34263610839844,17.52574920654297,3.35543790712463e+17,12.464593887329102,2914700176939.4087
Sr3PN,mp-1013554,n,7.742636826811269e+18,1.289067149,-189.8819122314453,17.669578552246094,4.672814622365586e+17,12.6160306930542,4130766944802.6147
Sr3PN,mp-1013554,n,1e+19,1.289067149,-164.40390014648438,17.79947280883789,6.301918884638607e+17,12.787360191345215,6128584681803.939
Sr3PN,mp-1013554,n,1.291549665014884e+19,1.289067149,-139.79454040527344,17.892757415771484,7.811913320098126e+17,12.992974281311035,9839528348705.545
Sr3PN,mp-1013554,n,1.668100537200058e+19,1.289067149,-116.32632446289062,18.00942611694336,1.0219416910212186e+18,13.230423927307129,16999021661566.695
Sr3PN,mp-1013554,n,2.154434690031883e+19,1.289067149,-102.08516693115234,18.0740909576416,1.186017118866133e+18,13.4577054977417,28688345182195.305
Sr3PN,mp-1013554,n,2.7825594022071243e+19,1.289067149,-92.23468780517578,18.146390914916992,1.4008476790679363e+18,13.602127075195312,40006179129739.04
Sr3PN,mp-1013554,n,3.593813663804627e+19,1.289067149,-99.80756378173828,18.257333755493164,1.8085634738805138e+18,13.747958183288574,55970370696915.734
Sr3PN,mp-1013554,n,4.641588833612778e+19,1.289067149,-94.20972442626953,18.372783660888672,2.359302679230795e+18,13.867256164550781,73664147047961.94
Sr3PN,mp-1013554,n,5.994842503189409e+19,1.289067149,-75.7005844116211,18.48704719543457,3.0693555217492065e+18,13.966774940490723,92634964728879.69
Sr3PN,mp-1013554,n,7.74263682681127e+19,1.289067149,-57.07878112792969,18.62636375427246,4.230227792992692e+18,14.01196002960205,102792168875096.83
Sr3PN,mp-1013554,n,1e+20,1.289067149,-52.559226989746094,18.833383560180664,6.81370866125371e+18,13.975509643554688,94516937979328.89
Sr3PN,mp-1013554,p,1e+16,1.289067149,977.1817626953125,14.406207084655762,254804494733813.88,9.618311882019043,4152521426.344149
Sr3PN,mp-1013554,p,1.291549665014e+16,1.289067149,976.0701904296875,14.410882949829102,257562688569550.66,9.622481346130371,4192579882.775403
Sr3PN,mp-1013554,p,1.6681005372e+16,1.289067149,974.6351318359375,14.416923522949219,261170140656051.75,9.627866744995117,4244892974.919782
Sr3PN,mp-1013554,p,2.154434690031e+16,1.289067149,972.7811279296875,14.4247407913208,265913747975931.47,9.6348237991333,4313440375.021031
Sr3PN,mp-1013554,p,2.782559402207e+16,1.289067149,970.3873901367188,14.434823036193848,272159210348202.72,9.643806457519531,4403585748.404309
Sr3PN,mp-1013554,p,3.593813663804e+16,1.289067149,967.2952880859375,14.447848320007324,280445399425167.62,9.655415534973145,4522884891.341699
Sr3PN,mp-1013554,p,4.641588833612e+16,1.289067149,963.3015747070312,14.464664459228516,291517384780043.6,9.670394897460938,4681606392.584776
Sr3PN,mp-1013554,p,5.994842503189e+16,1.289067149,958.1436767578125,14.486388206481934,306470168049175.6,9.6897554397583,4895030923.851653
Sr3PN,mp-1013554,p,7.742636826811e+16,1.289067149,951.48193359375,14.514447212219238,326924307306776.3,9.714755058288574,5185075186.549516
Sr3PN,mp-1013554,p,1e+17,1.289067149,942.8773803710938,14.550680160522461,355369507595132.5,9.74704360961914,5585262762.583219
Sr3PN,mp-1013554,p,1.2915496650148002e+17,1.289067149,931.5909423828125,14.603165626525879,401019624989705.44,9.788554191589355,6145457103.937306
Sr3PN,mp-1013554,p,1.6681005372e+17,1.289067149,916.9161376953125,14.672669410705566,470618950172233.94,9.839042663574219,6903076139.202994
Sr3PN,mp-1013554,p,2.1544346900318e+17,1.289067149,898.1199340820312,14.755993843078613,570156189213002.5,9.90353012084961,8008111674.9532795
Sr3PN,mp-1013554,p,2.7825594022071e+17,1.289067149,874.268798828125,14.856534957885742,718679005045516.6,9.993653297424316,9854924408.980072
Sr3PN,mp-1013554,p,3.5938136638045997e+17,1.289067149,843.4637451171875,14.98694896697998,970395931385498.0,10.10978889465332,12876235011.8388
Sr3PN,mp-1013554,p,4.6415888336127e+17,1.289067149,806.499755859375,15.153566360473633,1424184846373362.5,10.259729385375977,18185673321.80663
Sr3PN,mp-1013554,p,5.9948425031894e+17,1.289067149,758.9271850585938,15.36054515838623,2293745124021548.0,10.453263282775879,28396399845.13593
Sr3PN,mp-1013554,p,7.7426368268112e+17,1.289067149,696.958251953125,15.619978904724121,4168491350871717.5,10.670111656188965,46785541045.84829
Sr3PN,mp-1013554,p,1e+18,1.289067149,633.0809326171875,15.92072582244873,8331550334980851.0,10.905495643615723,80444367918.096
Sr3PN,mp-1013554,p,1.29154966501488e+18,1.289067149,600.128662109375,16.066274642944336,1.1648624424396338e+16,11.125065803527832,133372350026.81744
Sr3PN,mp-1013554,p,1.66810053720005e+18,1.289067149,561.43359375,16.136564254760742,1.369506994775994e+16,11.240882873535156,174133718247.41238
Sr3PN,mp-1013554,p,2.1544346900318802e+18,1.289067149,518.8179931640625,16.227338790893555,1.6878692100445854e+16,11.303254127502441,201026877769.2064
Sr3PN,mp-1013554,p,2.78255940220712e+18,1.289067149,511.8000793457031,16.344568252563477,2.2108956874727024e+16,11.383797645568848,241990125934.6018
Sr3PN,mp-1013554,p,3.5938136638046203e+18,1.289067149,509.5578918457031,16.49418067932129,3.1201874041520084e+16,11.487807273864746,307473204324.9991
Sr3PN,mp-1013554,p,4.641588833612769e+18,1.289067149,504.9524841308594,16.650821685791016,4.475295181508413e+16,11.620391845703125,417245676969.0921
Sr3PN,mp-1013554,p,5.994842503189401e+18,1.289067149,499.0008239746094,16.82169532775879,6.63277595521746e+16,11.763787269592285,580480011425.7008
Sr3PN,mp-1013554,p,7.742636826811269e+18,1.289067149,487.3981628417969,16.97981071472168,9.54576447530933e+16,11.909579277038574,812043467549.1686
Sr3PN,mp-1013554,p,1e+19,1.289067149,475.22784423828125,17.13304328918457,1.3584488459867782e+17,12.084239959716797,1214059466625.395
Sr3PN,mp-1013554,p,1.291549665014884e+19,1.289067149,429.12127685546875,17.238737106323242,1.7327547830004214e+17,12.292878150939941,1962809498374.0398
Sr3PN,mp-1013554,p,1.668100537200058e+19,1.289067149,400.3644714355469,17.32547950744629,2.1158238459416093e+17,12.514976501464844,3273229838116.862
Sr3PN,mp-1013554,p,2.154434690031883e+19,1.289067149,374.7334899902344,17.418485641479492,2.621112378731509e+17,12.727592468261719,5340629720432.899
Sr3PN,mp-1013554,p,2.7825594022071243e+19,1.289067149,361.63250732421875,17.511735916137695,3.2488967983281005e+17,12.886555671691895,7701151581737.733
Sr3PN,mp-1013554,p,3.593813663804627e+19,1.289067149,358.00836181640625,17.62589454650879,4.225659961759892e+17,12.968647003173828,9303513736031.105
Sr3PN,mp-1013554,p,4.641588833612778e+19,1.289067149,347.92156982421875,17.732988357543945,5.407398267354804e+17,13.010088920593262,10235025301393.812
Sr3PN,mp-1013554,p,5.994842503189409e+19,1.289067149,333.8083190917969,17.869352340698242,7.402055561747044e+17,13.030606269836426,10730161777740.15
Sr3PN,mp-1013554,p,7.74263682681127e+19,1.289067149,304.7094421386719,18.04058265686035,1.0979502371691654e+18,13.034390449523926,10824066443768.627
Sr3PN,mp-1013554,p,1e+20,1.289067149,278.4650573730469,18.238149642944336,1.7304124971475364e+18,13.031928062438965,10762869201629.395
TiFeTe,mp-961673,n,1e+16,0.375379562,94.26290130615234,17.3330135345459,2.1528488260148102e+17,12.925968170166016,8432729512647.824
TiFeTe,mp-961673,n,1.291549665014e+16,0.375379562,94.38358306884766,17.33333396911621,2.15443784400631e+17,12.926003456115723,8433414690494.395
TiFeTe,mp-961673,n,1.6681005372e+16,0.375379562,94.53995513916016,17.333742141723633,2.1564636488996432e+17,12.926051139831543,8434340694953.39
TiFeTe,mp-961673,n,2.154434690031e+16,0.375379562,94.741455078125,17.334272384643555,2.1590981468022768e+17,12.92611026763916,8435489081692.793
TiFeTe,mp-961673,n,2.782559402207e+16,0.375379562,95.00202178955078,17.3349552154541,2.1624955151987674e+17,12.926188468933105,8437008155924.087
TiFeTe,mp-961673,n,3.593813663804e+16,0.375379562,95.0341567993164,17.337024688720703,2.1728246958309984e+17,12.926095008850098,8435192708856.522
TiFeTe,mp-961673,n,4.641588833612e+16,0.375379562,95.1673583984375,17.338735580444336,2.181401364434077e+17,12.926482200622559,8442716390804.119
TiFeTe,mp-961673,n,5.994842503189e+16,0.375379562,95.12970733642578,17.340139389038086,2.1884639099418896e+17,12.924933433532715,8412661867255.322
TiFeTe,mp-961673,n,7.742636826811e+16,0.375379562,95.5556869506836,17.342178344726562,2.198762617877786e+17,12.92406940460205,8395941513417.332
TiFeTe,mp-961673,n,1e+17,0.375379562,96.19429016113281,17.34815788269043,2.2292454181346726e+17,12.925484657287598,8423346329983.445
TiFeTe,mp-961673,n,1.2915496650148002e+17,0.375379562,97.30611419677734,17.351430892944336,2.2461093356838406e+17,12.925860404968262,8430637287067.753
TiFeTe,mp-961673,n,1.6681005372e+17,0.375379562,98.69871520996094,17.355501174926758,2.2672592109092938e+17,12.926329612731934,8439750592127.974
TiFeTe,mp-961673,n,2.1544346900318e+17,0.375379562,100.4968490600586,17.360795974731445,2.295070204013826e+17,12.92693042755127,8451434453074.418
TiFeTe,mp-961673,n,2.7825594022071e+17,0.375379562,102.81941223144531,17.367631912231445,2.3314811698253648e+17,12.927708625793457,8466591881248.842
TiFeTe,mp-961673,n,3.5938136638045997e+17,0.375379562,105.81851196289062,17.3764591217041,2.379354331893596e+17,12.92871379852295,8486210466922.754
TiFeTe,mp-961673,n,4.6415888336127e+17,0.375379562,110.0828857421875,17.38785743713379,2.4426285961650403e+17,12.930009841918945,8511573267884.634
TiFeTe,mp-961673,n,5.9948425031894e+17,0.375379562,116.44090270996094,17.40258026123047,2.5268546507280646e+17,12.931681632995605,8544401212883.202
TiFeTe,mp-961673,n,7.7426368268112e+17,0.375379562,124.10530853271484,17.421594619750977,2.639943424262752e+17,12.933843612670898,8587042506041.739
TiFeTe,mp-961673,n,1e+18,0.375379562,132.47882080078125,17.44614601135254,2.7934828622709942e+17,12.93663215637207,8642356086872.059
TiFeTe,mp-961673,n,1.29154966501488e+18,0.375379562,143.29354858398438,17.476743698120117,2.997393064748225e+17,12.940230369567871,8714257112559.1
TiFeTe,mp-961673,n,1.66810053720005e+18,0.375379562,147.97076416015625,17.514860153198242,3.272353051454496e+17,12.944912910461426,8808722130453.984
TiFeTe,mp-961673,n,2.1544346900318802e+18,0.375379562,147.0231475830078,17.561996459960938,3.6475097374033485e+17,12.952109336853027,8955902086393.828
TiFeTe,mp-961673,n,2.78255940220712e+18,0.375379562,145.79959106445312,17.605270385742188,4.0296783845069626e+17,12.961430549621582,9150199217984.418
TiFeTe,mp-961673,n,3.5938136638046203e+18,0.375379562,144.69180297851562,17.642465591430664,4.3900108279605146e+17,12.9756498336792,9454745294253.744
TiFeTe,mp-961673,n,4.641588833612769e+18,0.375379562,141.99427795410156,17.68793296813965,4.874532475637293e+17,12.991421699523926,9804415311420.182
TiFeTe,mp-961673,n,5.994842503189401e+18,0.375379562,130.3428955078125,17.721792221069336,5.269776798725411e+17,13.013230323791504,10309327204786.816
TiFeTe,mp-961673,n,7.742636826811269e+18,0.375379562,115.14362335205078,17.746320724487305,5.5759738003264845e+17,13.038116455078125,10917330429365.516
TiFeTe,mp-961673,n,1e+19,0.375379562,94.89274597167969,17.772815704345703,5.926737662871698e+17,13.07137393951416,11786203613534.812
TiFeTe,mp-961673,n,1.291549665014884e+19,0.375379562,67.4426040649414,17.806533813476562,6.405216496233299e+17,13.105279922485352,12743241760835.824
TiFeTe,mp-961673,n,1.668100537200058e+19,0.375379562,-6.296311855316162,17.856821060180664,7.191526087023309e+17,13.136248588562012,13685119326409.3
TiFeTe,mp-961673,n,2.154434690031883e+19,0.375379562,-112.54742431640625,17.91217613220215,8.169136111655066e+17,13.174351692199707,14940037659106.852
TiFeTe,mp-961673,n,2.7825594022071243e+19,0.375379562,-142.81005859375,17.959726333618164,9.114363257569271e+17,13.219980239868164,16595113989717.238
TiFeTe,mp-961673,n,3.593813663804627e+19,0.375379562,-130.8465576171875,18.0091609954834,1.0213180220546998e+18,13.273702621459961,18780304150216.184
TiFeTe,mp-961673,n,4.641588833612778e+19,0.375379562,-115.46895599365234,18.072843551635742,1.1826154587083676e+18,13.33784008026123,21769080245050.234
TiFeTe,mp-961673,n,5.994842503189409e+19,0.375379562,-100.92342376708984,18.164466857910156,1.460383299714875e+18,13.359441757202148,22879248596889.934
TiFeTe,mp-961673,n,7.74263682681127e+19,0.375379562,-92.1156234741211,18.2818660736084,1.9136657036984952e+18,13.330018997192383,21380556116793.188
TiFeTe,mp-961673,n,1e+20,0.375379562,-66.0455322265625,18.398717880249023,2.5044818012572524e+18,13.233396530151367,17115773480182.883
TiFeTe,mp-961673,p,1e+16,0.375379562,-139.62933349609375,17.68047332763672,4.791520246979696e+17,12.783414840698242,6073161646625.276
TiFeTe,mp-961673,p,1.291549665014e+16,0.375379562,-139.67144775390625,17.680566787719727,4.792551492107318e+17,12.783677101135254,6076830196660.3955
TiFeTe,mp-961673,p,1.6681005372e+16,0.375379562,-139.8621368408203,17.679609298706055,4.7819969931968205e+17,12.781794548034668,6050545734889.943
TiFeTe,mp-961673,p,2.154434690031e+16,0.375379562,-139.7784423828125,17.68009376525879,4.7873344090619194e+17,12.780401229858398,6031165275531.178
TiFeTe,mp-961673,p,2.782559402207e+16,0.375379562,-139.60940551757812,17.684036254882812,4.830991294489659e+17,12.781044960021973,6040111559576.573
TiFeTe,mp-961673,p,3.593813663804e+16,0.375379562,-139.1403045654297,17.684898376464844,4.84059086035729e+17,12.781277656555176,6043348740073.59
TiFeTe,mp-961673,p,4.641588833612e+16,0.375379562,-138.53366088867188,17.685901641845703,4.8517860542838483e+17,12.781570434570312,6047424214804.028
TiFeTe,mp-961673,p,5.994842503189e+16,0.375379562,-137.7521514892578,17.68724250793457,4.866788889647654e+17,12.781936645507812,6052525746070.206
TiFeTe,mp-961673,p,7.742636826811e+16,0.375379562,-136.74258422851562,17.68897247314453,4.8862138810751814e+17,12.782411575317383,6059148204643.169
TiFeTe,mp-961673,p,1e+17,0.375379562,-135.4385528564453,17.69120979309082,4.9114507456112314e+17,12.783024787902832,6067709608146.04
TiFeTe,mp-961673,p,1.2915496650148002e+17,0.375379562,-133.7548828125,17.69409942626953,4.944238661680636e+17,12.783817291259766,6078792112205.271
TiFeTe,mp-961673,p,1.6681005372e+17,0.375379562,-131.58009338378906,17.697824478149414,4.986829020390573e+17,12.784601211547852,6089774503248.951
TiFeTe,mp-961673,p,2.1544346900318e+17,0.375379562,-128.77134704589844,17.7026424407959,5.0424597561463814e+17,12.784990310668945,6095232983132.866
TiFeTe,mp-961673,p,2.7825594022071e+17,0.375379562,-125.14170837402344,17.708860397338867,5.115173833787535e+17,12.785490989685059,6102263961359.963
TiFeTe,mp-961673,p,3.5938136638045997e+17,0.375379562,-120.4544448852539,17.716894149780273,5.2106769624663546e+17,12.78614330291748,6111436489742.473
TiFeTe,mp-961673,p,4.6415888336127e+17,0.375379562,-114.40039825439453,17.727270126342773,5.336667270543903e+17,12.786982536315918,6123257686194.206
TiFeTe,mp-961673,p,5.9948425031894e+17,0.375379562,-106.58125305175781,17.740690231323242,5.50414962574282e+17,12.788045883178711,6138268524990.736
TiFeTe,mp-961673,p,7.7426368268112e+17,0.375379562,-96.48224639892578,17.75800132751465,5.727977818629772e+17,12.78943157196045,6157884969835.614
TiFeTe,mp-961673,p,1e+18,0.375379562,-82.99390411376953,17.78223419189453,6.0566739089097e+17,12.793204307556152,6211611817981.286
TiFeTe,mp-961673,p,1.29154966501488e+18,0.375379562,-66.31584930419922,17.810815811157227,6.46868213973265e+17,12.795580863952637,6245696319041.358
TiFeTe,mp-961673,p,1.66810053720005e+18,0.375379562,-45.03295135498047,17.849050521850586,7.063997255709402e+17,12.800073623657227,6310643164241.438
TiFeTe,mp-961673,p,2.1544346900318802e+18,0.375379562,-17.754350662231445,17.889955520629883,7.76167619383809e+17,12.802580833435059,6347180274281.035
TiFeTe,mp-961673,p,2.78255940220712e+18,0.375379562,16.75057029724121,17.939945220947266,8.708537392589384e+17,12.807560920715332,6420382771950.279
TiFeTe,mp-961673,p,3.5938136638046203e+18,0.375379562,63.21870040893555,17.986482620239258,9.693544765301865e+17,12.813973426818848,6515885240870.357
TiFeTe,mp-961673,p,4.641588833612769e+18,0.375379562,101.74779510498047,18.043672561645508,1.1057897542532692e+18,12.82223129272461,6640966549781.193
TiFeTe,mp-961673,p,5.994842503189401e+18,0.375379562,118.65786743164062,18.091154098510742,1.2335424472031726e+18,12.832858085632324,6805469400952.093
TiFeTe,mp-961673,p,7.742636826811269e+18,0.375379562,132.55201721191406,18.146387100219727,1.4008353745451653e+18,12.846511840820312,7022824908531.464
TiFeTe,mp-961673,p,1e+19,0.375379562,127.374267578125,18.18153190612793,1.5189095270128742e+18,12.864039421081543,7312054522787.288
TiFeTe,mp-961673,p,1.291549665014884e+19,0.375379562,120.19976043701172,18.21368980407715,1.6356478385394893e+18,12.883424758911133,7645832136790.74
TiFeTe,mp-961673,p,1.668100537200058e+19,0.375379562,153.84971618652344,18.260257720947266,1.8207810339903145e+18,12.9033842086792,8005421600048.491
TiFeTe,mp-961673,p,2.154434690031883e+19,0.375379562,146.9141845703125,18.307119369506836,2.0282401218444347e+18,12.92927074432373,8497100292500.383
TiFeTe,mp-961673,p,2.7825594022071243e+19,0.375379562,107.09130096435547,18.354429244995117,2.2616700397825567e+18,12.963414192199707,9192088397972.44
TiFeTe,mp-961673,p,3.593813663804627e+19,0.375379562,72.9876937866211,18.411081314086914,2.576803573483155e+18,13.016304969787598,10382572437355.402
TiFeTe,mp-961673,p,4.641588833612778e+19,0.375379562,108.65632629394531,18.474138259887695,2.979464806445167e+18,13.078202247619629,11972979740107.844
TiFeTe,mp-961673,p,5.994842503189409e+19,0.375379562,145.23130798339844,18.551128387451172,3.5573646691874007e+18,13.132678985595703,13573098025434.824
TiFeTe,mp-961673,p,7.74263682681127e+19,0.375379562,155.87449645996094,18.661027908325195,4.58171328450782e+18,13.147562026977539,14046302819119.691
TiFeTe,mp-961673,p,1e+20,0.375379562,173.60086059570312,18.721683502197266,5.268457757134644e+18,13.135599136352539,13664669633518.13
TiSnPd,mp-961682,n,1e+16,0.387674332,-543.5867309570312,16.195476531982422,1.568471139746785e+16,12.849154472351074,7065688260241.253
TiSnPd,mp-961682,n,1.291549665014e+16,0.387674332,-542.974609375,16.195964813232422,1.5702355778664028e+16,12.84947395324707,7070887918547.355
TiSnPd,mp-961682,n,1.6681005372e+16,0.387674332,-541.91015625,16.204126358032227,1.6000234879266946e+16,12.851489067077637,7103772867513.695
TiSnPd,mp-961682,n,2.154434690031e+16,0.387674332,-540.8904418945312,16.20524787902832,1.6041607243205192e+16,12.851859092712402,7109827971335.748
TiSnPd,mp-961682,n,2.782559402207e+16,0.387674332,-539.573486328125,16.206701278686523,1.6095381637087982e+16,12.852356910705566,7117982414384.121
TiSnPd,mp-961682,n,3.593813663804e+16,0.387674332,-537.871826171875,16.208444595336914,1.6160120519128468e+16,12.852974891662598,7128118183732.963
TiSnPd,mp-961682,n,4.641588833612e+16,0.387674332,-535.674072265625,16.210676193237305,1.624337210302756e+16,12.853781700134277,7141372718749.323
TiSnPd,mp-961682,n,5.994842503189e+16,0.387674332,-532.8361206054688,16.213560104370117,1.6351594340587328e+16,12.854825019836426,7158549293424.963
TiSnPd,mp-961682,n,7.742636826811e+16,0.387674332,-529.1699829101562,16.217283248901367,1.6492376813965914e+16,12.856173515319824,7180811316415.506
TiSnPd,mp-961682,n,1e+17,0.387674332,-524.4357299804688,16.222089767456055,1.6675918635098224e+16,12.857914924621582,7209662328955.514
TiSnPd,mp-961682,n,1.2915496650148002e+17,0.387674332,-518.3211059570312,16.228300094604492,1.691609418769152e+16,12.860161781311035,7247058737773.447
TiSnPd,mp-961682,n,1.6681005372e+17,0.387674332,-510.42333984375,16.2363224029541,1.7231472963249956e+16,12.863054275512695,7295486791643.212
TiSnPd,mp-961682,n,2.1544346900318e+17,0.387674332,-500.4059753417969,16.246715545654297,1.7648814793726386e+16,12.866756439208984,7357943339914.319
TiSnPd,mp-961682,n,2.7825594022071e+17,0.387674332,-487.7983703613281,16.260141372680664,1.8202933088366756e+16,12.871634483337402,7441054464279.942
TiSnPd,mp-961682,n,3.5938136638045997e+17,0.387674332,-471.5148620605469,16.277494430541992,1.8944992188567844e+16,12.8778657913208,7548589199030.722
TiSnPd,mp-961682,n,4.6415888336127e+17,0.387674332,-450.81536865234375,16.284717559814453,1.9262717692332804e+16,12.884379386901855,7662657018256.97
TiSnPd,mp-961682,n,5.9948425031894e+17,0.387674332,-423.5889587402344,16.303436279296875,2.011112101476991e+16,12.893056869506836,7817301630112.467
TiSnPd,mp-961682,n,7.7426368268112e+17,0.387674332,-388.2353515625,16.32455062866211,2.1113033104519956e+16,12.906830787658691,8069205719070.871
TiSnPd,mp-961682,n,1e+18,0.387674332,-342.3997802734375,16.35181999206543,2.248122602779258e+16,12.924619674682617,8406586280356.725
TiSnPd,mp-961682,n,1.29154966501488e+18,0.387674332,-311.8237609863281,16.38199806213379,2.409894675467115e+16,12.94759464263916,8863283537096.197
TiSnPd,mp-961682,n,1.66810053720005e+18,0.387674332,-289.2685852050781,16.4198055267334,2.629090444584859e+16,12.977265357971191,9489981328843.072
TiSnPd,mp-961682,n,2.1544346900318802e+18,0.387674332,-260.9508361816406,16.468624114990234,2.9418743181345612e+16,13.012054443359375,10281451788085.22
TiSnPd,mp-961682,n,2.78255940220712e+18,0.387674332,-224.37579345703125,16.530824661254883,3.3948818254625612e+16,13.027263641357422,10647892094476.84
TiSnPd,mp-961682,n,3.5938136638046203e+18,0.387674332,-177.13565063476562,16.601625442504883,3.9959996591067784e+16,13.046231269836426,11123239026269.027
TiSnPd,mp-961682,n,4.641588833612769e+18,0.387674332,-122.48755645751953,16.682424545288086,4.8130962357064344e+16,13.069375991821289,11732106368170.006
TiSnPd,mp-961682,n,5.994842503189401e+18,0.387674332,-98.6470718383789,16.786691665649414,6.119157980096451e+16,13.096972465515137,12501797656898.21
TiSnPd,mp-961682,n,7.742636826811269e+18,0.387674332,-120.60894012451172,16.89413070678711,7.836654619778584e+16,13.125747680664062,13358191978097.252
TiSnPd,mp-961682,n,1e+19,0.387674332,-150.81771850585938,16.969741821289062,9.326996661012616e+16,13.15699291229248,14354660062859.574
TiSnPd,mp-961682,n,1.291549665014884e+19,0.387674332,-204.2156524658203,17.02638053894043,1.0626262472610725e+17,13.185419082641602,15325656335054.73
TiSnPd,mp-961682,n,1.668100537200058e+19,0.387674332,-203.89181518554688,17.096731185913086,1.249485400200384e+17,13.220959663391113,16632581623154.494
TiSnPd,mp-961682,n,2.154434690031883e+19,0.387674332,-201.2135009765625,17.15606689453125,1.4324085166680429e+17,13.26501178741455,18408219635063.273
TiSnPd,mp-961682,n,2.7825594022071243e+19,0.387674332,-197.6810302734375,17.228113174438477,1.6908815074301216e+17,13.30970573425293,20403549889438.44
TiSnPd,mp-961682,n,3.593813663804627e+19,0.387674332,-191.44918823242188,17.30048370361328,1.997485813744032e+17,13.348732948303223,22321992007818.848
TiSnPd,mp-961682,n,4.641588833612778e+19,0.387674332,-182.14431762695312,17.380929946899414,2.4039749998104685e+17,13.370735168457031,23482004581898.035
TiSnPd,mp-961682,n,5.994842503189409e+19,0.387674332,-170.11419677734375,17.492326736450195,3.106896146599798e+17,13.378569602966309,23909450936459.668
TiSnPd,mp-961682,n,7.74263682681127e+19,0.387674332,-150.60153198242188,17.62932777404785,4.259197452620317e+17,13.382116317749023,24105509637519.094
TiSnPd,mp-961682,n,1e+20,0.387674332,-147.0912628173828,17.80631446838379,6.401982289648598e+17,13.315360069274902,20670932522005.867
TiSnPd,mp-961682,p,1e+16,0.387674332,94.7284164428711,16.158519744873047,1.440521500987764e+16,12.802000999450684,6338711699958.048
TiSnPd,mp-961682,p,1.291549665014e+16,0.387674332,94.80581665039062,16.159395217895508,1.4434283067440058e+16,12.802189826965332,6341468316654.648
TiSnPd,mp-961682,p,1.6681005372e+16,0.387674332,94.90601348876953,16.160524368286133,1.4471860525020808e+16,12.802434921264648,6345048137384.716
TiSnPd,mp-961682,p,2.154434690031e+16,0.387674332,95.03523254394531,16.1619873046875,1.452069170027171e+16,12.802751541137695,6349675644550.544
TiSnPd,mp-961682,p,2.782559402207e+16,0.387674332,95.2021713256836,16.16387367248535,1.4583899823090776e+16,12.803162574768066,6355688075749.795
TiSnPd,mp-961682,p,3.593813663804e+16,0.387674332,95.41773986816406,16.166309356689453,1.4665921520405436e+16,12.803690910339355,6363424714336.608
TiSnPd,mp-961682,p,4.641588833612e+16,0.387674332,95.69637298583984,16.169458389282227,1.4772649347781196e+16,12.804367065429688,6373339676069.021
TiSnPd,mp-961682,p,5.994842503189e+16,0.387674332,96.05606842041016,16.173572540283203,1.4913258310647316e+16,12.805205345153809,6385653442829.508
TiSnPd,mp-961682,p,7.742636826811e+16,0.387674332,96.5205307006836,16.17888069152832,1.5096653650803476e+16,12.806390762329102,6403107045803.324
TiSnPd,mp-961682,p,1e+17,0.387674332,97.12049102783203,16.18572425842285,1.5336429354238558e+16,12.807921409606934,6425714263839.903
TiSnPd,mp-961682,p,1.2915496650148002e+17,0.387674332,96.62700653076172,16.168743133544922,1.4748339745740196e+16,12.810564994812012,6464947386318.67
TiSnPd,mp-961682,p,1.6681005372e+17,0.387674332,97.37126922607422,16.171550750732422,1.4843993336887732e+16,12.81189250946045,6484739124259.784
TiSnPd,mp-961682,p,2.1544346900318e+17,0.387674332,98.66871643066406,16.186166763305664,1.535206368463749e+16,12.81506633758545,6532303246106.969
TiSnPd,mp-961682,p,2.7825594022071e+17,0.387674332,100.3443832397461,16.205045700073242,1.6034141063655214e+16,12.81908130645752,6592973140621.098
TiSnPd,mp-961682,p,3.5938136638045997e+17,0.387674332,102.50858306884766,16.229433059692383,1.6960281635315354e+16,12.824139595031738,6670211349893.528
TiSnPd,mp-961682,p,4.6415888336127e+17,0.387674332,105.50684356689453,16.253576278686523,1.792983441035636e+16,12.830676078796387,6771362729746.644
TiSnPd,mp-961682,p,5.9948425031894e+17,0.387674332,109.49345397949219,16.281831741333008,1.9135144286907744e+16,12.839118003845215,6904273770677.358
TiSnPd,mp-961682,p,7.7426368268112e+17,0.387674332,114.64274597167969,16.31831932067871,2.0812263734930936e+16,12.850018501281738,7079759440659.955
TiSnPd,mp-961682,p,1e+18,0.387674332,121.29308319091797,16.364980697631836,2.3172916548521536e+16,12.864095687866211,7313001927066.136
TiSnPd,mp-961682,p,1.29154966501488e+18,0.387674332,128.7663116455078,16.416780471801758,2.6108412865851388e+16,12.88227653503418,7625644148888.674
TiSnPd,mp-961682,p,1.66810053720005e+18,0.387674332,134.44497680664062,16.453767776489258,2.8429405397213244e+16,12.905755043029785,8049243082448.021
TiSnPd,mp-961682,p,2.1544346900318802e+18,0.387674332,139.9258575439453,16.500823974609375,3.1682830550618256e+16,12.93607234954834,8631223241944.756
TiSnPd,mp-961682,p,2.78255940220712e+18,0.387674332,158.62823486328125,16.564348220825195,3.667315050785785e+16,12.950206756591797,8916753411244.842
TiSnPd,mp-961682,p,3.5938136638046203e+18,0.387674332,181.0625762939453,16.64128303527832,4.378073368544821e+16,12.96495532989502,9224765393658.088
TiSnPd,mp-961682,p,4.641588833612769e+18,0.387674332,212.05514526367188,16.7218074798584,5.269961953795397e+16,12.98271656036377,9609848927661.023
TiSnPd,mp-961682,p,5.994842503189401e+18,0.387674332,257.4579162597656,16.82368278503418,6.663199017421462e+16,13.005454063415527,10126376335359.742
TiSnPd,mp-961682,p,7.742636826811269e+18,0.387674332,312.5439453125,16.933374404907227,8.577770154084368e+16,13.022259712219238,10525911451374.414
TiSnPd,mp-961682,p,1e+19,0.387674332,303.0680847167969,16.985132217407227,9.663450300618429e+16,13.03969669342041,10957126949433.492
TiSnPd,mp-961682,p,1.291549665014884e+19,0.387674332,269.3108215332031,17.03468894958496,1.0831508617791675e+17,13.059338569641113,11464063148051.84
TiSnPd,mp-961682,p,1.668100537200058e+19,0.387674332,229.64991760253906,17.0979061126709,1.2528702956963832e+17,13.088479042053223,12259677391663.736
TiSnPd,mp-961682,p,2.154434690031883e+19,0.387674332,227.75030517578125,17.17821502685547,1.5073531986061165e+17,13.122488021850586,13258305499106.488
TiSnPd,mp-961682,p,2.7825594022071243e+19,0.387674332,249.09048461914062,17.264936447143555,1.8405026502236534e+17,13.160700798034668,14477740833233.8
TiSnPd,mp-961682,p,3.593813663804627e+19,0.387674332,276.5283508300781,17.361221313476562,2.2973190478360854e+17,13.23289966583252,17096202993748.746
TiSnPd,mp-961682,p,4.641588833612778e+19,0.387674332,308.8249206542969,17.452985763549805,2.8378260011699754e+17,13.319700241088867,20878545536025.71
TiSnPd,mp-961682,p,5.994842503189409e+19,0.387674332,331.56878662109375,17.56694984436035,3.6893498868294317e+17,13.38725757598877,24392570899705.21
TiSnPd,mp-961682,p,7.74263682681127e+19,0.387674332,359.5825500488281,17.7005672454834,5.018422775004093e+17,13.449259757995605,28135831732174.85
TiSnPd,mp-961682,p,1e+20,0.387674332,383.3669738769531,17.856403350830078,7.184612521102913e+17,13.462713241577148,29021058028255.59
ZrAsIr,mp-1093991,n,1e+16,0.392472267,174.19290161132812,17.024993896484375,1.059238838674002e+17,13.303017616271973,20091743090235.035
ZrAsIr,mp-1093991,n,1.291549665014e+16,0.392472267,174.1162872314453,17.025495529174805,1.0604630214268125e+17,13.303308486938477,20105204132085.805
ZrAsIr,mp-1093991,n,1.6681005372e+16,0.392472267,174.0173797607422,17.02618408203125,1.0621456676850038e+17,13.303683280944824,20122562313510.023
ZrAsIr,mp-1093991,n,2.154434690031e+16,0.392472267,173.88992309570312,17.026987075805664,1.0641113508025485e+17,13.304142951965332,20143871945535.492
ZrAsIr,mp-1093991,n,2.782559402207e+16,0.392472267,173.724853515625,17.02812957763672,1.0669144020984203e+17,13.305094718933105,20188066141701.613
ZrAsIr,mp-1093991,n,3.593813663804e+16,0.392472267,174.43077087402344,17.031225204467773,1.074546476603723e+17,13.307382583618164,20294697557809.43
ZrAsIr,mp-1093991,n,4.641588833612e+16,0.392472267,174.30508422851562,17.031641006469727,1.0755757609946123e+17,13.304503440856934,20160599435736.305
ZrAsIr,mp-1093991,n,5.994842503189e+16,0.392472267,173.948974609375,17.03395652770996,1.0813257066402531e+17,13.305882453918457,20224717026937.32
ZrAsIr,mp-1093991,n,7.742636826811e+16,0.392472267,173.48825073242188,17.036943435668945,1.0887882757560386e+17,13.307665824890137,20307937815468.855
ZrAsIr,mp-1093991,n,1e+17,0.392472267,172.8936309814453,17.04080581665039,1.098514557730556e+17,13.309967041015625,20415830012880.23
ZrAsIr,mp-1093991,n,1.2915496650148002e+17,0.392472267,172.125732421875,17.045791625976562,1.1111984475431142e+17,13.312939643859863,20556048981360.74
ZrAsIr,mp-1093991,n,1.6681005372e+17,0.392472267,171.13406372070312,17.052230834960938,1.1277967401943834e+17,13.316781044006348,20738676827405.1
ZrAsIr,mp-1093991,n,2.1544346900318e+17,0.392472267,169.85279846191406,17.060546875,1.149600317312286e+17,13.32174015045166,20976844095845.37
ZrAsIr,mp-1093991,n,2.7825594022071e+17,0.392472267,168.19833374023438,17.071287155151367,1.1783848630863542e+17,13.328143119812012,21288404802967.688
ZrAsIr,mp-1093991,n,3.5938136638045997e+17,0.392472267,166.06141662597656,17.085163116455078,1.2166428731529006e+17,13.336419105529785,21697970056456.51
ZrAsIr,mp-1093991,n,4.6415888336127e+17,0.392472267,163.30136108398438,17.10270881652832,1.266802222190615e+17,13.344353675842285,22098035953811.406
ZrAsIr,mp-1093991,n,5.9948425031894e+17,0.392472267,159.73672485351562,17.124061584472656,1.3306430944332878e+17,13.352871894836426,22535743704191.895
ZrAsIr,mp-1093991,n,7.7426368268112e+17,0.392472267,154.991943359375,17.151002883911133,1.4158031814972128e+17,13.36291790008545,23063111577425.688
ZrAsIr,mp-1093991,n,1e+18,0.392472267,148.75657653808594,17.18553924560547,1.5329897307844758e+17,13.379720687866211,23972906297296.62
ZrAsIr,mp-1093991,n,1.29154966501488e+18,0.392472267,140.91278076171875,17.23006248474121,1.698488007279961e+17,13.398154258728027,25012336267296.297
ZrAsIr,mp-1093991,n,1.66810053720005e+18,0.392472267,131.01446533203125,17.287504196166992,1.938671367365659e+17,13.420334815979004,26322965585571.54
ZrAsIr,mp-1093991,n,2.1544346900318802e+18,0.392472267,117.89805603027344,17.35174560546875,2.247737574013274e+17,13.450228691101074,28198674281977.234
ZrAsIr,mp-1093991,n,2.78255940220712e+18,0.392472267,101.40733337402344,17.429302215576172,2.687213765644694e+17,13.486882209777832,30681897149503.01
ZrAsIr,mp-1093991,n,3.5938136638046203e+18,0.392472267,80.1076431274414,17.507612228393555,3.218194056239741e+17,13.532487869262695,34079080567993.28
ZrAsIr,mp-1093991,n,4.641588833612769e+18,0.392472267,52.13188171386719,17.6082763671875,4.0576666656407277e+17,13.576811790466309,37740859849445.06
ZrAsIr,mp-1093991,n,5.994842503189401e+18,0.392472267,15.311697959899902,17.714174270629883,5.17814575251398e+17,13.631446838378906,42800302489032.49
ZrAsIr,mp-1093991,n,7.742636826811269e+18,0.392472267,-28.018815994262695,17.807767868041992,6.423442902170452e+17,13.693986892700195,49429576858268.69
ZrAsIr,mp-1093991,n,1e+19,0.392472267,-75.61088562011719,17.904666900634766,8.029100622661437e+17,13.757807731628418,57254250212436.47
ZrAsIr,mp-1093991,n,1.291549665014884e+19,0.392472267,-158.96800231933594,18.016904830932617,1.039692308019314e+18,13.820120811462402,66087726439953.44
ZrAsIr,mp-1093991,n,1.668100537200058e+19,0.392472267,-286.9945983886719,18.134336471557617,1.3624998764195195e+18,13.879258155822754,75728290971848.42
ZrAsIr,mp-1093991,n,2.154434690031883e+19,0.392472267,-303.60009765625,18.2216796875,1.6660179930844677e+18,13.950812339782715,89291956658512.16
ZrAsIr,mp-1093991,n,2.7825594022071243e+19,0.392472267,-293.8878479003906,18.291748046875,1.9577085920590336e+18,14.057635307312012,114191902161038.45
ZrAsIr,mp-1093991,n,3.593813663804627e+19,0.392472267,-281.29742431640625,18.369346618652344,2.3407046540720896e+18,14.189393043518066,154665355276978.88
ZrAsIr,mp-1093991,n,4.641588833612778e+19,0.392472267,-264.9956970214844,18.471721649169922,2.962931759428533e+18,14.262691497802734,183101329531367.4
ZrAsIr,mp-1093991,n,5.994842503189409e+19,0.392472267,-238.79632568359375,18.56893539428711,3.7062558336357504e+18,14.314192771911621,206154477578254.62
ZrAsIr,mp-1093991,n,7.74263682681127e+19,0.392472267,-205.76194763183594,18.692445755004883,4.925448188286135e+18,14.369268417358398,234028321272020.75
ZrAsIr,mp-1093991,n,1e+20,0.392472267,-169.28427124023438,18.843050003051758,6.96706725714799e+18,14.330899238586426,214239348303780.97
ZrAsIr,mp-1093991,p,1e+16,0.392472267,172.72708129882812,17.137975692749023,1.3739650727034138e+17,13.562783241271973,36541236680098.7
ZrAsIr,mp-1093991,p,1.291549665014e+16,0.392472267,172.86456298828125,17.13620948791504,1.3683887275451941e+17,13.559523582458496,36267997945700.52
ZrAsIr,mp-1093991,p,1.6681005372e+16,0.392472267,173.0482635498047,17.13681983947754,1.3703131944585926e+17,13.56006145477295,36312943570887.28
ZrAsIr,mp-1093991,p,2.154434690031e+16,0.392472267,173.2852783203125,17.137605667114258,1.3727949317103216e+17,13.56075382232666,36370881114800.92
ZrAsIr,mp-1093991,p,2.782559402207e+16,0.392472267,173.59140014648438,17.13861846923828,1.3760001119659064e+17,13.56164836883545,36445873952277.63
ZrAsIr,mp-1093991,p,3.593813663804e+16,0.392472267,173.98707580566406,17.139928817749023,1.3801580337589971e+17,13.562804222106934,36543002035651.6
ZrAsIr,mp-1093991,p,4.641588833612e+16,0.392472267,174.4978485107422,17.141618728637695,1.3855389166493166e+17,13.56429672241211,36668802082625.664
ZrAsIr,mp-1093991,p,5.994842503189e+16,0.392472267,175.1573944091797,17.14380645751953,1.39253608368148e+17,13.5662260055542,36832059671911.734
ZrAsIr,mp-1093991,p,7.742636826811e+16,0.392472267,176.00967407226562,17.146625518798828,1.4016046149700136e+17,13.56871509552002,37043762874376.63
ZrAsIr,mp-1093991,p,1e+17,0.392472267,177.11000061035156,17.150270462036133,1.4134174930916691e+17,13.571928977966309,37318912359210.734
ZrAsIr,mp-1093991,p,1.2915496650148002e+17,0.392472267,178.5313720703125,17.154977798461914,1.4288209139892283e+17,13.575026512145996,37586034853640.5
ZrAsIr,mp-1093991,p,1.6681005372e+17,0.392472267,180.36705017089844,17.161056518554688,1.4489604072172614e+17,13.578875541687012,37920629803136.95
ZrAsIr,mp-1093991,p,2.1544346900318e+17,0.392472267,182.737548828125,17.16925621032715,1.476577377410661e+17,13.582633972167969,38250223063457.45
ZrAsIr,mp-1093991,p,2.7825594022071e+17,0.392472267,185.7674102783203,17.180959701538086,1.516909605919134e+17,13.591170310974121,39009493456298.91
ZrAsIr,mp-1093991,p,3.5938136638045997e+17,0.392472267,189.669677734375,17.194902420043945,1.5663990823836368e+17,13.599691390991211,39782437668233.875
ZrAsIr,mp-1093991,p,4.6415888336127e+17,0.392472267,194.76583862304688,17.21220588684082,1.63006861933685e+17,13.610018730163574,40739784759626.875
ZrAsIr,mp-1093991,p,5.9948425031894e+17,0.392472267,201.22027587890625,17.23455047607422,1.71613115665671e+17,13.620692253112793,41753439133044.24
ZrAsIr,mp-1093991,p,7.7426368268112e+17,0.392472267,209.7112579345703,17.26289939880371,1.8318900290563373e+17,13.631987571716309,42853625672244.39
ZrAsIr,mp-1093991,p,1e+18,0.392472267,220.67764282226562,17.29878807067871,1.989702156649307e+17,13.646398544311523,44299471424755.46
ZrAsIr,mp-1093991,p,1.29154966501488e+18,0.392472267,227.86822509765625,17.344581604003906,2.2109636577026858e+17,13.66500473022461,46238605756271.28
ZrAsIr,mp-1093991,p,1.66810053720005e+18,0.392472267,227.69345092773438,17.403715133666992,2.5334663114229434e+17,13.686493873596191,48584067734553.13
ZrAsIr,mp-1093991,p,2.1544346900318802e+18,0.392472267,227.62081909179688,17.47285270690918,2.970658347605977e+17,13.710853576660156,51387036984740.99
ZrAsIr,mp-1093991,p,2.78255940220712e+18,0.392472267,227.1888427734375,17.550657272338867,3.553507794082837e+17,13.74230670928955,55246746745709.69
ZrAsIr,mp-1093991,p,3.5938136638046203e+18,0.392472267,226.46923828125,17.632410049438477,4.289533357279667e+17,13.782912254333496,60661375583265.305
ZrAsIr,mp-1093991,p,4.641588833612769e+18,0.392472267,225.22891235351562,17.73589324951172,5.4436882940387475e+17,13.835326194763184,68442552025925.516
ZrAsIr,mp-1093991,p,5.994842503189401e+18,0.392472267,217.811279296875,17.847789764404297,7.043520199322222e+17,13.897627830505371,79000134466431.36
ZrAsIr,mp-1093991,p,7.742636826811269e+18,0.392472267,207.51480102539062,17.955469131469727,9.0254555458376e+17,13.970404624938965,93412420346688.5
ZrAsIr,mp-1093991,p,1e+19,0.392472267,194.65725708007812,18.05746078491211,1.1414602305846831e+18,14.026349067687988,106254924658847.95
ZrAsIr,mp-1093991,p,1.291549665014884e+19,0.392472267,191.73980712890625,18.186613082885742,1.5367848938499323e+18,14.091766357421875,123528269489905.36
ZrAsIr,mp-1093991,p,1.668100537200058e+19,0.392472267,202.4123077392578,18.337108612060547,2.1732446144182382e+18,14.162692070007324,145442747490250.62
ZrAsIr,mp-1093991,p,2.154434690031883e+19,0.392472267,180.6419219970703,18.431936264038086,2.7035615671218575e+18,14.243340492248535,175121912801865.1
ZrAsIr,mp-1093991,p,2.7825594022071243e+19,0.392472267,131.1080322265625,18.504457473754883,3.1949015037832003e+18,14.300836563110352,199910940851820.66
ZrAsIr,mp-1093991,p,3.593813663804627e+19,0.392472267,110.75060272216797,18.57832908630371,3.7872945796469335e+18,14.371588706970215,235282002038247.9
ZrAsIr,mp-1093991,p,4.641588833612778e+19,0.392472267,119.26728820800781,18.644107818603516,4.406642498995076e+18,14.439606666564941,275173537253904.2
ZrAsIr,mp-1093991,p,5.994842503189409e+19,0.392472267,115.54911804199219,18.751480102539062,5.642610887942683e+18,14.495589256286621,313032375020567.7
ZrAsIr,mp-1093991,p,7.74263682681127e+19,0.392472267,91.90906524658203,18.893035888671875,7.816923984159134e+18,14.561305046081543,364170737860138.94
ZrAsIr,mp-1093991,p,1e+20,0.392472267,90.8223876953125,19.038759231567383,1.09335005609844e+19,14.563551902770996,366059685937200.9
ZrInAu,mp-961693,n,1e+16,0.372815847,-72.47679138183594,17.530776977539062,3.394509102113833e+17,13.052901268005371,11295390973971.807
ZrInAu,mp-961693,n,1.291549665014e+16,0.372815847,-72.39818572998047,17.53098487854004,3.3961344757128224e+17,13.05298900604248,11297673147904.701
ZrInAu,mp-961693,n,1.6681005372e+16,0.372815847,-72.2964096069336,17.531259536743164,3.3982829515712794e+17,13.05310344696045,11300650589486.232
ZrInAu,mp-961693,n,2.154434690031e+16,0.372815847,-72.16503143310547,17.531614303588867,3.401060077974933e+17,13.053251266479492,11304497612925.572
ZrInAu,mp-961693,n,2.782559402207e+16,0.372815847,-71.99571990966797,17.53207015991211,3.404631868029904e+17,13.053437232971191,11309339276843.982
ZrInAu,mp-961693,n,3.593813663804e+16,0.372815847,-71.7766342163086,17.53265953063965,3.4092553495819686e+17,13.053683280944824,11315748357604.602
ZrInAu,mp-961693,n,4.641588833612e+16,0.372815847,-71.49398040771484,17.533416748046875,3.415204767432915e+17,13.053999900817871,11324001046233.234
ZrInAu,mp-961693,n,5.994842503189e+16,0.372815847,-71.19100189208984,17.535104751586914,3.4285047191690266e+17,13.054657936096191,11341171976565.477
ZrInAu,mp-961693,n,7.742636826811e+16,0.372815847,-70.84484100341797,17.536968231201172,3.4432474236232205e+17,13.057127952575684,11405857793772.639
ZrInAu,mp-961693,n,1e+17,0.372815847,-70.31120300292969,17.53874969482422,3.457400534689676e+17,13.057833671569824,11424407129216.045
ZrInAu,mp-961693,n,1.2915496650148002e+17,0.372815847,-69.52626037597656,17.54149055480957,3.4792894068480326e+17,13.058646202087402,11445801295665.793
ZrInAu,mp-961693,n,1.6681005372e+17,0.372815847,-68.66004180908203,17.54673957824707,3.5215963756820595e+17,13.060103416442871,11484270583161.922
ZrInAu,mp-961693,n,2.1544346900318e+17,0.372815847,-67.35250091552734,17.550491333007812,3.552150295674608e+17,13.061001777648926,11508050993963.232
ZrInAu,mp-961693,n,2.7825594022071e+17,0.372815847,-65.6632308959961,17.555044174194336,3.589584441894027e+17,13.062093734741211,11537022370637.701
ZrInAu,mp-961693,n,3.5938136638045997e+17,0.372815847,-63.699913024902344,17.560930252075195,3.6385659587172416e+17,13.063499450683594,11574425681026.617
ZrInAu,mp-961693,n,4.6415888336127e+17,0.372815847,-64.88854217529297,17.56852912902832,3.702790399476214e+17,13.065314292907715,11622894423438.168
ZrInAu,mp-961693,n,5.9948425031894e+17,0.372815847,-65.94747161865234,17.57834815979004,3.78746091493481e+17,13.06766128540039,11685876316001.97
ZrInAu,mp-961693,n,7.7426368268112e+17,0.372815847,-67.29511260986328,17.58999252319336,3.890384472571324e+17,13.07069206237793,11767712849232.576
ZrInAu,mp-961693,n,1e+18,0.372815847,-69.0354995727539,17.602720260620117,4.006085930045201e+17,13.074604988098145,11874217184610.365
ZrInAu,mp-961693,n,1.29154966501488e+18,0.372815847,-71.2853775024414,17.619157791137695,4.16061749720141e+17,13.079534530639648,12009765585478.46
ZrInAu,mp-961693,n,1.66810053720005e+18,0.372815847,-74.0715103149414,17.6403865814209,4.3690456395283686e+17,13.085780143737793,12183726565435.828
ZrInAu,mp-961693,n,2.1544346900318802e+18,0.372815847,-77.49213409423828,17.667787551879883,4.653583938737829e+17,13.093708038330078,12408178667457.787
ZrInAu,mp-961693,n,2.78255940220712e+18,0.372815847,-81.97518157958984,17.703170776367188,5.0485978309318176e+17,13.102566719055176,12663878030425.846
ZrInAu,mp-961693,n,3.5938136638046203e+18,0.372815847,-87.63134765625,17.734251022338867,5.4231425763087994e+17,13.112404823303223,12954027757238.506
ZrInAu,mp-961693,n,4.641588833612769e+18,0.372815847,-94.8389663696289,17.76945686340332,5.881076970423724e+17,13.12478256225586,13328539465522.607
ZrInAu,mp-961693,n,5.994842503189401e+18,0.372815847,-103.8702163696289,17.81473731994629,6.527356305347428e+17,13.1375093460083,13724904966569.62
ZrInAu,mp-961693,n,7.742636826811269e+18,0.372815847,-115.5177001953125,17.873104095458984,7.466276951505322e+17,13.153923988342285,14253581008766.271
ZrInAu,mp-961693,n,1e+19,0.372815847,-144.51116943359375,17.912416458129883,8.173657924850985e+17,13.177659034729004,15054246908465.893
ZrInAu,mp-961693,n,1.291549665014884e+19,0.372815847,-226.77999877929688,17.934663772583008,8.603274354663983e+17,13.203719139099121,15985239190610.92
ZrInAu,mp-961693,n,1.668100537200058e+19,0.372815847,-303.1712341308594,17.960641860961914,9.13359732729879e+17,13.23845100402832,17316136635889.627
ZrInAu,mp-961693,n,2.154434690031883e+19,0.372815847,-301.8371887207031,17.995859146118164,9.905106424081046e+17,13.282889366149902,19181800338508.844
ZrInAu,mp-961693,n,2.7825594022071243e+19,0.372815847,-284.4171142578125,18.04052734375,1.0978104076804764e+18,13.313921928405762,20602595143588.53
ZrInAu,mp-961693,n,3.593813663804627e+19,0.372815847,-262.607421875,18.094690322875977,1.2436275170717274e+18,13.353048324584961,22544900586167.125
ZrInAu,mp-961693,n,4.641588833612778e+19,0.372815847,-231.58984375,18.161386489868164,1.450061726869277e+18,13.427262306213379,26746213450744.92
ZrInAu,mp-961693,n,5.994842503189409e+19,0.372815847,-184.52749633789062,18.2603702545166,1.821252892478245e+18,13.516153335571289,32821115358002.844
ZrInAu,mp-961693,n,7.74263682681127e+19,0.372815847,-135.52459716796875,18.39641761779785,2.4912517558253394e+18,13.576920509338379,37750308869653.17
ZrInAu,mp-961693,n,1e+20,0.372815847,-115.69831085205078,18.568334579467773,3.7011320433451694e+18,13.590970993041992,38991594293531.42
ZrInAu,mp-961693,p,1e+16,0.372815847,341.3903503417969,17.503252029418945,3.186045908906028e+17,13.021925926208496,10517824652356.578
ZrInAu,mp-961693,p,1.291549665014e+16,0.372815847,341.5263977050781,17.503488540649414,3.187781461370656e+17,13.02198314666748,10519210519385.305
ZrInAu,mp-961693,p,1.6681005372e+16,0.372815847,341.6445617675781,17.50482177734375,3.197582639367015e+17,13.02159595489502,10509836380704.79
ZrInAu,mp-961693,p,2.154434690031e+16,0.372815847,341.70721435546875,17.505748748779297,3.204414946576613e+17,13.022222518920898,10525010043187.547
ZrInAu,mp-961693,p,2.782559402207e+16,0.372815847,341.86334228515625,17.50612449645996,3.207188577262157e+17,13.022086143493652,10521705540222.588
ZrInAu,mp-961693,p,3.593813663804e+16,0.372815847,342.2406921386719,17.507429122924805,3.216837500375875e+17,13.022244453430176,10525541633548.682
ZrInAu,mp-961693,p,4.641588833612e+16,0.372815847,342.4154968261719,17.50998306274414,3.235810371936709e+17,13.02338695526123,10553267710423.457
ZrInAu,mp-961693,p,5.994842503189e+16,0.372815847,343.04443359375,17.511262893676758,3.245360109274114e+17,13.023695945739746,10560778787961.377
ZrInAu,mp-961693,p,7.742636826811e+16,0.372815847,343.85693359375,17.51262855529785,3.255581375420562e+17,13.024036407470703,10569061073121.893
ZrInAu,mp-961693,p,1e+17,0.372815847,344.9061279296875,17.514402389526367,3.268905678229265e+17,13.024476051330566,10579765734869.682
ZrInAu,mp-961693,p,1.2915496650148002e+17,0.372815847,346.2613220214844,17.516695022583008,3.2862078033812115e+17,13.025040626525879,10593528187959.16
ZrInAu,mp-961693,p,1.6681005372e+17,0.372815847,348.01177978515625,17.51966094970703,3.308727108979902e+17,13.025771141052246,10611362258496.879
ZrInAu,mp-961693,p,2.1544346900318e+17,0.372815847,350.27239990234375,17.52348518371582,3.3379911716280634e+17,13.026715278625488,10634455998143.793
ZrInAu,mp-961693,p,2.7825594022071e+17,0.372815847,353.1924743652344,17.528427124023438,3.376191903291043e+17,13.027932167053223,10664295413841.145
ZrInAu,mp-961693,p,3.5938136638045997e+17,0.372815847,356.9635314941406,17.534805297851562,3.426141519284126e+17,13.029505729675293,10703005033622.605
ZrInAu,mp-961693,p,4.6415888336127e+17,0.372815847,361.8338317871094,17.542646408081055,3.488561696820636e+17,13.031363487243652,10748886751225.006
ZrInAu,mp-961693,p,5.9948425031894e+17,0.372815847,368.124755859375,17.55243682861328,3.568098448429899e+17,13.033707618713379,10807061395203.615
ZrInAu,mp-961693,p,7.7426368268112e+17,0.372815847,376.2493896484375,17.56508445739746,3.673537329590721e+17,13.036730766296387,10882552382800.824
ZrInAu,mp-961693,p,1e+18,0.372815847,386.74310302734375,17.57977867126465,3.7999569042830074e+17,13.04062557220459,10980587378351.455
ZrInAu,mp-961693,p,1.29154966501488e+18,0.372815847,400.2960205078125,17.59637451171875,3.947976071062757e+17,13.045302391052246,11099473816857.027
ZrInAu,mp-961693,p,1.66810053720005e+18,0.372815847,417.7999572753906,17.617637634277344,4.146079585495617e+17,13.050776481628418,11240263223658.889
ZrInAu,mp-961693,p,2.1544346900318802e+18,0.372815847,440.4077453613281,17.645111083984375,4.4168340683229626e+17,13.057880401611328,11425636460382.766
ZrInAu,mp-961693,p,2.78255940220712e+18,0.372815847,470.5778503417969,17.676572799682617,4.74867885169633e+17,13.067915916442871,11692729866923.777
ZrInAu,mp-961693,p,3.5938136638046203e+18,0.372815847,475.8106689453125,17.706472396850586,5.087124855635791e+17,13.07696533203125,11938927970359.297
ZrInAu,mp-961693,p,4.641588833612769e+18,0.372815847,463.0191955566406,17.74833106994629,5.6018447676199674e+17,13.089987754821777,12302340831785.088
ZrInAu,mp-961693,p,5.994842503189401e+18,0.372815847,443.94683837890625,17.802324295043945,6.343432092667114e+17,13.106776237487793,12787222954674.227
ZrInAu,mp-961693,p,7.742636826811269e+18,0.372815847,419.3280029296875,17.871938705444336,7.446268728830764e+17,13.128406524658203,13440224549603.21
ZrInAu,mp-961693,p,1e+19,0.372815847,393.4299621582031,17.93110466003418,8.533057262232948e+17,13.152104377746582,14193986170362.027
ZrInAu,mp-961693,p,1.291549665014884e+19,0.372815847,391.56201171875,17.958627700805664,9.091335831984326e+17,13.175520896911621,14980313319603.012
ZrInAu,mp-961693,p,1.668100537200058e+19,0.372815847,386.1941833496094,17.99396324157715,9.861960110634348e+17,13.19867992401123,15800830853256.576
ZrInAu,mp-961693,p,2.154434690031883e+19,0.372815847,359.2297058105469,18.03859519958496,1.0929371783853948e+18,13.227248191833496,16875171369213.896
ZrInAu,mp-961693,p,2.7825594022071243e+19,0.372815847,296.6650085449219,18.074934005737305,1.1883216394432888e+18,13.263445854187012,18341964737894.535
ZrInAu,mp-961693,p,3.593813663804627e+19,0.372815847,214.07037353515625,18.131759643554688,1.3544396022468567e+18,13.305071830749512,20187002218470.336
ZrInAu,mp-961693,p,4.641588833612778e+19,0.372815847,163.74200439453125,18.214569091796875,1.6389627827105144e+18,13.36209774017334,23019598268370.31
ZrInAu,mp-961693,p,5.994842503189409e+19,0.372815847,184.54771423339844,18.330289840698242,2.1393894050098437e+18,13.430967330932617,26975365071943.33
ZrInAu,mp-961693,p,7.74263682681127e+19,0.372815847,202.88565063476562,18.479135513305664,3.013946321913707e+18,13.516816139221191,32871243933050.32
ZrInAu,mp-961693,p,1e+20,0.372815847,158.67300415039062,18.67183494567871,4.697155585194102e+18,13.571294784545898,37264455907433.98
ZrSnPd,mp-961687,n,1e+16,0.393361449,-242.59494018554688,16.25895118713379,1.8153116179446984e+16,12.745104789733887,5560384060796.56
ZrSnPd,mp-961687,n,1.291549665014e+16,0.393361449,-242.3408203125,16.265291213989258,1.8420067358394692e+16,12.74771499633789,5593903837706.317
ZrSnPd,mp-961687,n,1.6681005372e+16,0.393361449,-241.639892578125,16.26621437072754,1.84592635621713e+16,12.747977256774902,5597282887584.179
ZrSnPd,mp-961687,n,2.154434690031e+16,0.393361449,-240.73532104492188,16.26715850830078,1.8499436860980056e+16,12.748428344726562,5603099628716.517
ZrSnPd,mp-961687,n,2.782559402207e+16,0.393361449,-239.566162109375,16.268430709838867,1.855370767920415e+16,12.748984336853027,5610277417932.467
ZrSnPd,mp-961687,n,3.593813663804e+16,0.393361449,-238.05599975585938,16.270097732543945,1.8625062232479588e+16,12.74968147277832,5619290350126.916
ZrSnPd,mp-961687,n,4.641588833612e+16,0.393361449,-236.10586547851562,16.272253036499023,1.8717723885780496e+16,12.750576972961426,5630889086232.872
ZrSnPd,mp-961687,n,5.994842503189e+16,0.393361449,-233.587158203125,16.275043487548828,1.8838377158402336e+16,12.75173568725586,5645932573136.143
ZrSnPd,mp-961687,n,7.742636826811e+16,0.393361449,-230.33462524414062,16.278644561767578,1.8995230230755108e+16,12.753127098083496,5664050255680.048
ZrSnPd,mp-961687,n,1e+17,0.393361449,-226.1336669921875,16.283296585083008,1.9199794708333932e+16,12.754851341247559,5686582461335.207
ZrSnPd,mp-961687,n,1.2915496650148002e+17,0.393361449,-220.70758056640625,16.2893009185791,1.946708470492904e+16,12.757078170776367,5715815091495.467
ZrSnPd,mp-961687,n,1.6681005372e+17,0.393361449,-213.6990203857422,16.297060012817383,1.9818008612810812e+16,12.759956359863281,5753821170863.3125
ZrSnPd,mp-961687,n,2.1544346900318e+17,0.393361449,-204.6480255126953,16.30708122253418,2.028061975849546e+16,12.763671875,5803257949694.197
ZrSnPd,mp-961687,n,2.7825594022071e+17,0.393361449,-193.9217987060547,16.32002830505371,2.089432304738005e+16,12.768458366394043,5867571174981.243
ZrSnPd,mp-961687,n,3.5938136638045997e+17,0.393361449,-185.3066864013672,16.33683967590332,2.171899252796578e+16,12.774548530578613,5950432466197.449
ZrSnPd,mp-961687,n,4.6415888336127e+17,0.393361449,-179.02810668945312,16.358440399169922,2.282655640692353e+16,12.782586097717285,6061583578864.013
ZrSnPd,mp-961687,n,5.9948425031894e+17,0.393361449,-170.91917419433594,16.386398315429688,2.4344357408226708e+16,12.79289722442627,6207221232649.559
ZrSnPd,mp-961687,n,7.7426368268112e+17,0.393361449,-159.94993591308594,16.412620544433594,2.5859525068037144e+16,12.797341346740723,6271065641861.096
ZrSnPd,mp-961687,n,1e+18,0.393361449,-146.2645263671875,16.44401741027832,2.7798247049378132e+16,12.802019119262695,6338976171797.454
ZrSnPd,mp-961687,n,1.29154966501488e+18,0.393361449,-130.1641845703125,16.47844123840332,3.0091319950065316e+16,12.812182426452637,6489069512503.519
ZrSnPd,mp-961687,n,1.66810053720005e+18,0.393361449,-112.25858306884766,16.52289390563965,3.333449695422152e+16,12.825308799743652,6688193042704.201
ZrSnPd,mp-961687,n,2.1544346900318802e+18,0.393361449,-96.7284927368164,16.58030128479004,3.804532380877962e+16,12.842255592346191,6954334758607.286
ZrSnPd,mp-961687,n,2.78255940220712e+18,0.393361449,-102.68939971923828,16.654428482055664,4.51261707180196e+16,12.863203048706055,7297986383136.604
ZrSnPd,mp-961687,n,3.5938136638046203e+18,0.393361449,-110.44892120361328,16.733348846435547,5.411888575959506e+16,12.886670112609863,7703181179217.229
ZrSnPd,mp-961687,n,4.641588833612769e+18,0.393361449,-130.6461944580078,16.801042556762695,6.324738248087152e+16,12.91684341430664,8257401737238.251
ZrSnPd,mp-961687,n,5.994842503189401e+18,0.393361449,-160.63294982910156,16.88129997253418,7.608516250519715e+16,12.954042434692383,8995854752740.35
ZrSnPd,mp-961687,n,7.742636826811269e+18,0.393361449,-197.71865844726562,16.984800338745117,9.656068517044202e+16,12.979310035705566,9534765924179.473
ZrSnPd,mp-961687,n,1e+19,0.393361449,-266.4579772949219,17.118200302124023,1.3128052418428818e+17,13.011824607849121,10276012120654.941
ZrSnPd,mp-961687,n,1.291549665014884e+19,0.393361449,-357.2795715332031,17.24834632873535,1.771521097136008e+17,13.051468849182129,11258197138678.758
ZrSnPd,mp-961687,n,1.668100537200058e+19,0.393361449,-412.7765808105469,17.376298904418945,2.3784767168225146e+17,13.085942268371582,12188275669852.145
ZrSnPd,mp-961687,n,2.154434690031883e+19,0.393361449,-423.42657470703125,17.482833862304688,3.03972196919962e+17,13.12863826751709,13447398270077.098
ZrSnPd,mp-961687,n,2.7825594022071243e+19,0.393361449,-416.51239013671875,17.551698684692383,3.562039119272963e+17,13.183012962341309,15240982427169.305
ZrSnPd,mp-961687,n,3.593813663804627e+19,0.393361449,-406.9356384277344,17.606462478637695,4.0407546244939226e+17,13.26650619506836,18471671439552.117
ZrSnPd,mp-961687,n,4.641588833612778e+19,0.393361449,-390.4391174316406,17.693490982055664,4.9373166601049043e+17,13.369067192077637,23391991209704.76
ZrSnPd,mp-961687,n,5.994842503189409e+19,0.393361449,-355.7803955078125,17.802852630615234,6.35115381231667e+17,13.485810279846191,30606261168916.24
ZrSnPd,mp-961687,n,7.74263682681127e+19,0.393361449,-311.0604248046875,17.94108772277832,8.731477169526295e+17,13.53486156463623,34265854357135.223
ZrSnPd,mp-961687,n,1e+20,0.393361449,-254.12661743164062,18.089529037475586,1.228935351995788e+18,13.494841575622559,31249392263216.59
ZrSnPd,mp-961687,p,1e+16,0.393361449,371.9542236328125,16.06338882446289,1.1571477746026582e+16,12.77003002166748,5888843620193.612
ZrSnPd,mp-961687,p,1.291549665014e+16,0.393361449,372.2208251953125,16.064233779907227,1.1594012917549772e+16,12.770109176635742,5889917024831.812
ZrSnPd,mp-961687,p,1.6681005372e+16,0.393361449,372.5653381347656,16.065324783325195,1.1623175178760946e+16,12.770215034484863,5891352847682.909
ZrSnPd,mp-961687,p,2.154434690031e+16,0.393361449,373.0102233886719,16.066736221313477,1.166101143728947e+16,12.77034854888916,5893164294569.002
ZrSnPd,mp-961687,p,2.782559402207e+16,0.393361449,373.5848693847656,16.06855583190918,1.1709971333677588e+16,12.77052116394043,5895507062170.995
ZrSnPd,mp-961687,p,3.593813663804e+16,0.393361449,374.32684326171875,16.070907592773438,1.1773554344734312e+16,12.770744323730469,5898537213941.43
ZrSnPd,mp-961687,p,4.641588833612e+16,0.393361449,375.28546142578125,16.073942184448242,1.1856109029394788e+16,12.771031379699707,5902437263544.196
ZrSnPd,mp-961687,p,5.994842503189e+16,0.393361449,376.5232849121094,16.077865600585938,1.1963702379970398e+16,12.771404266357422,5907507291677.132
ZrSnPd,mp-961687,p,7.742636826811e+16,0.393361449,378.1224365234375,16.08294105529785,1.2104338360357008e+16,12.771872520446777,5913880170812.808
ZrSnPd,mp-961687,p,1e+17,0.393361449,380.1872253417969,16.089628219604492,1.2292160425152176e+16,12.772432327270508,5921508094342.8545
ZrSnPd,mp-961687,p,1.2915496650148002e+17,0.393361449,382.8543395996094,16.098102569580078,1.2534371707436514e+16,12.773280143737793,5933079172867.866
ZrSnPd,mp-961687,p,1.6681005372e+17,0.393361449,386.2991027832031,16.10905647277832,1.2854538009758106e+16,12.774349212646484,5947702162627.404
ZrSnPd,mp-961687,p,2.1544346900318e+17,0.393361449,391.6607666015625,16.10247230529785,1.2661125256899102e+16,12.772448539733887,5921729151779.822
ZrSnPd,mp-961687,p,2.7825594022071e+17,0.393361449,397.6733093261719,16.114702224731445,1.3022735646310344e+16,12.77115249633789,5904083572860.418
ZrSnPd,mp-961687,p,3.5938136638045997e+17,0.393361449,404.4810485839844,16.138235092163086,1.3747859723682824e+16,12.773385047912598,5934512485925.835
ZrSnPd,mp-961687,p,4.6415888336127e+17,0.393361449,410.8047180175781,16.166027069091797,1.4656391897688588e+16,12.776267051696777,5974025220044.089
ZrSnPd,mp-961687,p,5.9948425031894e+17,0.393361449,417.3253173828125,16.19339942932129,1.5609875142594684e+16,12.779561042785645,6019508648848.941
ZrSnPd,mp-961687,p,7.7426368268112e+17,0.393361449,424.0953063964844,16.22874641418457,1.69334876044066e+16,12.78359317779541,6075656019610.031
ZrSnPd,mp-961687,p,1e+18,0.393361449,432.8392028808594,16.27440071105957,1.8810516087152696e+16,12.788801193237305,6148953279539.306
ZrSnPd,mp-961687,p,1.29154966501488e+18,0.393361449,444.1322021484375,16.323915481567383,2.1082178278749184e+16,12.795523643493652,6244873471681.848
ZrSnPd,mp-961687,p,1.66810053720005e+18,0.393361449,458.7178955078125,16.3666934967041,2.3264487871008588e+16,12.80420207977295,6370918945504.105
ZrSnPd,mp-961687,p,2.1544346900318802e+18,0.393361449,477.5550842285156,16.421939849853516,2.6420428068569836e+16,12.815407752990723,6537440557117.73
ZrSnPd,mp-961687,p,2.78255940220712e+18,0.393361449,501.88433837890625,16.493274688720703,3.113685102047126e+16,12.829804420471191,6757785777400.143
ZrSnPd,mp-961687,p,3.5938136638046203e+18,0.393361449,533.3057861328125,16.56627082824707,3.683586123367209e+16,12.84799861907959,7046908282674.943
ZrSnPd,mp-961687,p,4.641588833612769e+18,0.393361449,576.0516967773438,16.63396453857422,4.304914581589122e+16,12.860501289367676,7252726313345.826
ZrSnPd,mp-961687,p,5.994842503189401e+18,0.393361449,566.54150390625,16.713449478149414,5.169511171025577e+16,12.875056266784668,7499913712149.869
ZrSnPd,mp-961687,p,7.742636826811269e+18,0.393361449,546.382568359375,16.811368942260742,6.476926105411167e+16,12.893338203430176,7822367281927.35
ZrSnPd,mp-961687,p,1e+19,0.393361449,512.3502197265625,16.938053131103516,8.670679453971957e+16,12.914717674255371,8217083009289.115
ZrSnPd,mp-961687,p,1.291549665014884e+19,0.393361449,460.3661804199219,17.058252334594727,1.143542565051663e+17,12.941412925720215,8738017813182.917
ZrSnPd,mp-961687,p,1.668100537200058e+19,0.393361449,395.6929931640625,17.17119026184082,1.483167709828207e+17,12.974610328674316,9432141962557.21
ZrSnPd,mp-961687,p,2.154434690031883e+19,0.393361449,339.8049011230469,17.26258659362793,1.8305710660199094e+17,13.016892433166504,10396626284387.055
ZrSnPd,mp-961687,p,2.7825594022071243e+19,0.393361449,262.79034423828125,17.37836265563965,2.389806046650878e+17,13.068743705749512,11715038110483.236
ZrSnPd,mp-961687,p,3.593813663804627e+19,0.393361449,199.6946258544922,17.483518600463867,3.0445183813671866e+17,13.130387306213379,13501664317137.58
ZrSnPd,mp-961687,p,4.641588833612778e+19,0.393361449,220.60244750976562,17.57749366760254,3.7800162566377466e+17,13.201623916625977,15908305284809.096
ZrSnPd,mp-961687,p,5.994842503189409e+19,0.393361449,226.8830108642578,17.687978744506836,4.875046297843241e+17,13.281881332397461,19137329408739.64
ZrSnPd,mp-961687,p,7.74263682681127e+19,0.393361449,238.1294403076172,17.832353591918945,6.797568487387939e+17,13.397896766662598,24997510913761.043
ZrSnPd,mp-961687,p,1e+20,0.393361449,205.18223571777344,17.914749145507812,8.217678483729947e+17,13.472247123718262,29665189280106.805
ZrSnPt,mp-961713,n,1e+16,0.37149632,39.739952087402344,17.226816177368164,1.6858393137806666e+17,12.93737506866455,8657152515327.864
ZrSnPt,mp-961713,n,1.291549665014e+16,0.37149632,39.70262908935547,17.227109909057617,1.686979903738055e+17,12.937455177307129,8658749534703.095
ZrSnPt,mp-961713,n,1.6681005372e+16,0.37149632,39.654380798339844,17.22748374938965,1.6884326798331334e+17,12.937561988830566,8660879352159.382
ZrSnPt,mp-961713,n,2.154434690031e+16,0.37149632,39.59228515625,17.22797966003418,1.6903617625378557e+17,12.9376859664917,8663352118650.307
ZrSnPt,mp-961713,n,2.782559402207e+16,0.37149632,39.51152801513672,17.228784561157227,1.6934975050565616e+17,12.937830924987793,8666244248655.027
ZrSnPt,mp-961713,n,3.593813663804e+16,0.37149632,39.40794372558594,17.229612350463867,1.6967284832147936e+17,12.938080787658691,8671231634048.704
ZrSnPt,mp-961713,n,4.641588833612e+16,0.37149632,39.27403259277344,17.2307071685791,1.7010111820763018e+17,12.938435554504395,8678317891039.748
ZrSnPt,mp-961713,n,5.994842503189e+16,0.37149632,39.40309143066406,17.22596549987793,1.6825403956495072e+17,12.936407089233398,8637878465095.583
ZrSnPt,mp-961713,n,7.742636826811e+16,0.37149632,39.244361877441406,17.22348403930664,1.6729541527740374e+17,12.934358596801758,8597231015792.481
ZrSnPt,mp-961713,n,1e+17,0.37149632,38.95446014404297,17.225561141967773,1.6809745643548125e+17,12.935015678405762,8610248353634.884
ZrSnPt,mp-961713,n,1.2915496650148002e+17,0.37149632,38.57975769042969,17.22824478149414,1.6913939837957984e+17,12.93586254119873,8627054491420.864
ZrSnPt,mp-961713,n,1.6681005372e+17,0.37149632,38.09624481201172,17.231706619262695,1.704930261345557e+17,12.936956405639648,8648810978920.931
ZrSnPt,mp-961713,n,2.1544346900318e+17,0.37149632,37.47136688232422,17.236177444458008,1.722572241450558e+17,12.938366889953613,8676945905624.939
ZrSnPt,mp-961713,n,2.7825594022071e+17,0.37149632,36.664512634277344,17.24195671081543,1.745648143224037e+17,12.940193176269531,8713510849136.687
ZrSnPt,mp-961713,n,3.5938136638045997e+17,0.37149632,35.62248229980469,17.249422073364258,1.775914582532039e+17,12.942549705505371,8760919816351.463
ZrSnPt,mp-961713,n,4.6415888336127e+17,0.37149632,34.276573181152344,17.259057998657227,1.815758135349666e+17,12.94559097290039,8822485899034.998
ZrSnPt,mp-961713,n,5.9948425031894e+17,0.37149632,32.53838348388672,17.271501541137695,1.8685363079333075e+17,12.949519157409668,8902647081144.314
ZrSnPt,mp-961713,n,7.7426368268112e+17,0.37149632,30.293378829956055,17.28757667541504,1.9389949385242698e+17,12.954595565795898,9007319455477.092
ZrSnPt,mp-961713,n,1e+18,0.37149632,27.3936824798584,17.30824851989746,2.0335203360945008e+17,12.961145401000977,9144193361545.025
ZrSnPt,mp-961713,n,1.29154966501488e+18,0.37149632,23.591100692749023,17.335214614868164,2.1637875362835638e+17,12.969564437866211,9323187916406.113
ZrSnPt,mp-961713,n,1.66810053720005e+18,0.37149632,18.65973472595215,17.368133544921875,2.3341757075749206e+17,12.982762336730957,9610861897376.48
ZrSnPt,mp-961713,n,2.1544346900318802e+18,0.37149632,12.375319480895996,17.40726661682129,2.5542689073370845e+17,12.997016906738281,9931547103902.541
ZrSnPt,mp-961713,n,2.78255940220712e+18,0.37149632,4.324865818023682,17.450868606567383,2.8240254521208586e+17,13.01522445678711,10356772983616.799
ZrSnPt,mp-961713,n,3.5938136638046203e+18,0.37149632,-5.833299160003662,17.505338668823242,3.2013906250832435e+17,13.041213989257812,10995474843348.855
ZrSnPt,mp-961713,n,4.641588833612769e+18,0.37149632,-18.835275650024414,17.571474075317383,3.727984305283582e+17,13.071589469909668,11792054287856.416
ZrSnPt,mp-961713,n,5.994842503189401e+18,0.37149632,-35.505531311035156,17.627817153930664,4.244408288257633e+17,13.109755516052246,12875245420181.752
ZrSnPt,mp-961713,n,7.742636826811269e+18,0.37149632,-56.92341613769531,17.68892478942871,4.885677424699381e+17,13.148233413696289,14068034143682.418
ZrSnPt,mp-961713,n,1e+19,0.37149632,-108.86652374267578,17.727331161499023,5.337417331214219e+17,13.198785781860352,15804682723140.275
ZrSnPt,mp-961713,n,1.291549665014884e+19,0.37149632,-184.13514709472656,17.762269973754883,5.78455525333442e+17,13.265573501586914,18432044132321.715
ZrSnPt,mp-961713,n,1.668100537200058e+19,0.37149632,-269.4105529785156,17.803619384765625,6.362376784545582e+17,13.320466041564941,20915393586735.44
ZrSnPt,mp-961713,n,2.154434690031883e+19,0.37149632,-328.55230712890625,17.845001220703125,6.998439631018977e+17,13.372676849365234,23587224974932.86
ZrSnPt,mp-961713,n,2.7825594022071243e+19,0.37149632,-313.79052734375,17.899560928344727,7.935255748124556e+17,13.440009117126465,27542865233566.633
ZrSnPt,mp-961713,n,3.593813663804627e+19,0.37149632,-303.3632507324219,17.974994659423828,9.440492671169588e+17,13.500191688537598,31636737317304.984
ZrSnPt,mp-961713,n,4.641588833612778e+19,0.37149632,-289.4283142089844,18.07310676574707,1.183332427121627e+18,13.561491966247559,36432751053064.64
ZrSnPt,mp-961713,n,5.994842503189409e+19,0.37149632,-257.2119445800781,18.205501556396484,1.6050980103330532e+18,13.638833999633789,43534543980576.945
ZrSnPt,mp-961713,n,7.74263682681127e+19,0.37149632,-214.95278930664062,18.364587783813477,2.3151961086187325e+18,13.709531784057617,51230876246411.32
ZrSnPt,mp-961713,n,1e+20,0.37149632,-148.29759216308594,18.529077529907227,3.381251926602434e+18,13.699329376220703,50041391340206.945
ZrSnPt,mp-961713,p,1e+16,0.37149632,333.1592102050781,17.25813102722168,1.8118866587756694e+17,12.919657707214355,8311084678866.418
ZrSnPt,mp-961713,p,1.291549665014e+16,0.37149632,333.2873229980469,17.258485794067383,1.8133673589858115e+17,12.919791221618652,8313640134098.998
ZrSnPt,mp-961713,p,1.6681005372e+16,0.37149632,334.4774169921875,17.253385543823242,1.7921961656273376e+17,12.917656898498535,8272883308154.523
ZrSnPt,mp-961713,p,2.154434690031e+16,0.37149632,334.8514404296875,17.25065040588379,1.780944582969464e+17,12.915255546569824,8227266144669.705
ZrSnPt,mp-961713,p,2.782559402207e+16,0.37149632,335.12835693359375,17.251264572143555,1.783464923177605e+17,12.915437698364258,8230717548433.083
ZrSnPt,mp-961713,p,3.593813663804e+16,0.37149632,335.48577880859375,17.252059936523438,1.7867341431321366e+17,12.915675163269043,8235219196700.439
ZrSnPt,mp-961713,p,4.641588833612e+16,0.37149632,335.9474792480469,17.253084182739258,1.7909529749919952e+17,12.915979385375977,8240989966385.264
ZrSnPt,mp-961713,p,5.994842503189e+16,0.37149632,336.5438232421875,17.254405975341797,1.796412115248416e+17,12.916374206542969,8248485333819.121
ZrSnPt,mp-961713,p,7.742636826811e+16,0.37149632,337.3141174316406,17.25611686706543,1.8035029916622394e+17,12.916884422302246,8258181474250.206
ZrSnPt,mp-961713,p,1e+17,0.37149632,338.308837890625,17.25832748413086,1.8127064669703933e+17,12.917543411254883,8270721770064.645
ZrSnPt,mp-961713,p,1.2915496650148002e+17,0.37149632,339.59375,17.26117706298828,1.8246394609406045e+17,12.9183931350708,8286919786000.357
ZrSnPt,mp-961713,p,1.6681005372e+17,0.37149632,341.25311279296875,17.264862060546875,1.8401874332228858e+17,12.9194917678833,8307909707858.614
ZrSnPt,mp-961713,p,2.1544346900318e+17,0.37149632,343.396240234375,17.26912498474121,1.858339185864729e+17,12.920910835266113,8335100396160.487
ZrSnPt,mp-961713,p,2.7825594022071e+17,0.37149632,346.1641845703125,17.274538040161133,1.8816465137507184e+17,12.922743797302246,8370353454311.857
ZrSnPt,mp-961713,p,3.5938136638045997e+17,0.37149632,349.5719299316406,17.28196144104004,1.9140859748051766e+17,12.92505168914795,8414952893283.812
ZrSnPt,mp-961713,p,4.6415888336127e+17,0.37149632,353.813720703125,17.29279327392578,1.962425931144941e+17,12.930370330810547,8518641286328.008
ZrSnPt,mp-961713,p,5.9948425031894e+17,0.37149632,359.5365905761719,17.304994583129883,2.0183411891497334e+17,12.934449195861816,8599024688821.537
ZrSnPt,mp-961713,p,7.7426368268112e+17,0.37149632,367.2218933105469,17.319948196411133,2.089046929937576e+17,12.93953800201416,8700375605192.259
ZrSnPt,mp-961713,p,1e+18,0.37149632,376.63665771484375,17.342025756835938,2.1979902257992883e+17,12.948498725891113,8881753706361.46
ZrSnPt,mp-961713,p,1.29154966501488e+18,0.37149632,389.4407653808594,17.365568161010742,2.3204283401622262e+17,12.957036018371582,9058077212775.066
ZrSnPt,mp-961713,p,1.66810053720005e+18,0.37149632,404.3739929199219,17.395307540893555,2.484892131624919e+17,12.968005180358887,9289774677588.1
ZrSnPt,mp-961713,p,2.1544346900318802e+18,0.37149632,417.9390869140625,17.433469772338867,2.7131248073119088e+17,12.982168197631836,9597722691332.516
ZrSnPt,mp-961713,p,2.78255940220712e+18,0.37149632,428.96441650390625,17.47621726989746,2.993761988541167e+17,13.000450134277344,10010370098000.793
ZrSnPt,mp-961713,p,3.5938136638046203e+18,0.37149632,416.1651611328125,17.526708602905273,3.3628585708092666e+17,13.021811485290527,10515053466023.613
ZrSnPt,mp-961713,p,4.641588833612769e+18,0.37149632,394.9944152832031,17.591882705688477,3.9073535168452864e+17,13.049003601074219,11194471656380.805
ZrSnPt,mp-961713,p,5.994842503189401e+18,0.37149632,367.86676025390625,17.651220321655273,4.4794049094787846e+17,13.082951545715332,12104630745136.53
ZrSnPt,mp-961713,p,7.742636826811269e+18,0.37149632,336.48626708984375,17.720094680786133,5.2492188629420243e+17,13.121777534484863,13236633205546.168
ZrSnPt,mp-961713,p,1e+19,0.37149632,326.5573425292969,17.775936126708984,5.969474848593522e+17,13.173491477966309,14910474967763.957
ZrSnPt,mp-961713,p,1.291549665014884e+19,0.37149632,325.0861511230469,17.831594467163086,6.785697060341345e+17,13.23693561553955,17255820542811.41
ZrSnPt,mp-961713,p,1.668100537200058e+19,0.37149632,309.0121154785156,17.883502960205078,7.64720900853621e+17,13.283162117004395,19193850907605.605
ZrSnPt,mp-961713,p,2.154434690031883e+19,0.37149632,269.7939147949219,17.926469802856445,8.44247538076707e+17,13.32603931427002,21185529074095.008
ZrSnPt,mp-961713,p,2.7825594022071243e+19,0.37149632,210.45162963867188,17.978879928588867,9.525327764575747e+17,13.369491577148438,23414860631698.055
ZrSnPt,mp-961713,p,3.593813663804627e+19,0.37149632,134.299072265625,18.049238204956055,1.1200520492116564e+18,13.428118705749512,26799007222250.11
ZrSnPt,mp-961713,p,4.641588833612778e+19,0.37149632,123.21131896972656,18.140609741210938,1.3823236590325975e+18,13.513663291931152,32633472708790.098
ZrSnPt,mp-961713,p,5.994842503189409e+19,0.37149632,149.94805908203125,18.257871627807617,1.8108047615343068e+18,13.618807792663574,41572658010297.54
ZrSnPt,mp-961713,p,7.74263682681127e+19,0.37149632,174.25091552734375,18.42499542236328,2.660697014845328e+18,13.722970008850098,52840876009913.664
ZrSnPt,mp-961713,p,1e+20,0.37149632,120.15850067138672,18.56884002685547,3.7054420602413737e+18,13.76745319366455,58540064103265.33
