true,pred
9.41903,9.613799
12.789837,12.8797245
10.924788,10.465876
10.346508,9.687333
9.846313,9.281404
13.183467,13.157152
13.935712,13.834076
12.461289,12.675341
10.531393,10.197864
8.4846735,8.479678
11.566971,11.383762
13.6270685,13.661121
9.667633,10.031189
11.115031,11.183407
9.289439,9.727387
12.868974,12.817009
10.18914,10.118155
10.259831,9.781403
6.1203694,6.7086635
13.831749,13.7124605
9.985656,9.6979475
11.905114,11.942737
13.279511,13.287649
12.821371,12.747217
12.57635,12.6273155
12.014948,11.931521
12.337764,12.309178
12.177255,12.03553
8.451203,9.09386
9.585795,10.230884
8.497212,8.722711
13.688475,13.703508
6.2635913,6.654312
9.216654,9.5416355
13.479476,13.644676
12.404911,12.328454
12.097724,11.971706
12.287086,12.31284
11.34846,11.132877
13.210097,13.132796
11.9359045,11.918253
12.072363,11.98726
11.893684,11.910048
8.908219,9.208552
8.660545,8.197139
12.722913,12.778262
13.039169,12.996186
10.311636,9.964329
9.545072,8.860385
12.235534,12.219495
8.934161,9.297849
10.001915,9.669423
9.915912,10.34156
10.978629,10.710946
11.24591,10.824716
11.766441,11.95983
13.916815,13.806115
9.504987,10.02859
9.602844,9.381034
12.617497,12.595037
12.251836,12.25798
13.377521,13.092104
11.582817,11.473855
12.370968,12.401276
12.950568,12.826374
9.376343,8.856944
9.439562,9.845798
12.6287565,12.514121
11.036366,10.762406
10.659723,10.356557
12.124918,12.357387
7.429616,7.960536
9.798811,10.108711
13.217724,13.539922
8.488539,8.93692
10.750729,10.373382
9.388249,9.198901
13.48131,13.48015
10.0865345,9.793312
12.945957,12.89465
8.85678,9.027408
13.644689,13.614364
12.580939,12.705488
13.512597,13.738891
11.549827,11.430581
9.63603,10.060584
13.241945,13.190067
13.755349,13.728153
13.351644,13.325348
11.279803,10.80252
11.861124,11.641231
13.50188,13.544989
9.379855,9.016177
9.028013,9.167515
9.042106,9.506275
10.600777,10.77296
13.551668,13.493881
11.0206,11.012746
13.658279,13.652064
11.344853,11.330007
11.66592,11.543989
12.522609,12.44968
10.604249,10.140399
10.650354,10.720776
9.652647,9.1622095
12.266489,12.291839
13.212325,12.981564
10.389115,9.728973
10.796676,10.408841
12.903116,12.890286
13.198765,13.182952
12.495385,12.555157
10.670061,10.599264
11.913681,11.989471
8.866322,9.213248
14.204447,14.179656
9.925003,9.840871
12.309416,12.089899
9.429172,8.709766
11.379604,11.119079
8.403064,9.052344
13.586331,13.543786
12.623395,12.849118
10.633577,10.524989
11.433577,11.192585
10.632122,10.478011
11.630498,11.389062
9.67863,10.164531
14.022523,14.131672
11.6016865,11.709826
10.294486,9.766759
9.867697,9.358747
11.611947,11.486404
12.406135,12.408851
13.6432705,13.634419
9.04314,8.411631
9.423531,9.9019785
10.996438,10.8325405
10.222952,9.639489
12.900119,12.929994
11.572569,11.241481
11.087501,10.728077
11.402791,11.217022
10.389006,10.031195
13.74508,13.831362
9.496917,10.0211
10.287183,10.284573
13.720263,13.746655
9.703262,9.176907
11.8462305,11.789953
11.35637,11.190158
12.942363,13.066956
9.668135,9.950147
12.314518,12.260121
12.266871,12.175066
12.101153,12.175298
9.481542,9.923144
9.94772,10.439373
11.599895,11.474727
13.815434,13.858999
10.638769,10.072217
11.862412,11.899804
12.406549,12.420978
10.378201,10.352555
8.908091,8.649472
11.497214,11.229949
14.032425,14.2459135
13.300146,13.279901
13.581694,13.584546
12.947472,12.868463
11.692196,11.545426
11.221698,10.877548
12.281826,12.417126
13.248294,13.211624
12.612515,12.579798
10.529348,10.74903
8.8315,9.005087
7.9881334,8.42964
10.805307,10.429995
13.691474,13.437843
13.7870245,13.610322
13.578869,13.491867
8.6304,9.018574
11.821981,11.692964
7.2238264,6.924347
9.999747,9.805334
13.4934635,13.425153
12.718665,12.791972
9.301964,8.879404
8.593402,8.906176
12.234958,11.910482
10.698245,10.408661
10.003365,9.63432
9.285969,9.710029
9.080545,8.753492
13.3701105,13.271422
13.952526,13.877388
10.82274,10.584426
11.920668,11.863069
10.932759,11.029416
10.064774,10.059575
8.838676,8.224491
11.527496,11.320945
13.628114,14.201176
13.511688,13.691382
12.680457,12.686205
11.346778,10.960301
8.587514,8.590669
11.9234705,11.825153
13.551719,13.688276
10.047111,10.071179
10.403956,9.856999
12.538256,12.566052
9.270253,9.413081
12.948313,12.950202
13.754361,13.693095
13.213094,13.241024
13.423679,13.524374
10.265562,9.768037
12.912857,12.875169
9.624486,9.949961
10.383691,10.071519
12.994316,12.897773
9.724255,9.973708
12.893467,12.900062
13.327233,13.058706
10.524361,10.297077
8.136237,8.749618
12.013352,11.991948
13.77017,13.853934
12.383767,12.222711
11.220402,10.919181
13.2779875,13.498349
12.281591,12.325038
10.15364,9.577933
11.526997,11.412471
9.4222975,9.802143
12.475809,12.417826
10.160582,10.19753
9.065596,9.472578
9.628254,9.511564
11.985257,11.8746805
11.735813,11.458784
8.9903145,9.183771
11.647779,11.662325
13.517363,13.5576515
9.454386,9.893936
11.23358,11.144796
11.850818,11.895211
12.653819,12.75664
12.536625,12.518123
11.669851,11.662417
10.841592,10.532347
12.500966,12.556971
10.602919,9.969063
9.001014,9.471439
12.339277,12.579546
10.827419,10.688019
12.926861,12.87086
11.141364,10.530792
12.928806,13.009606
12.4988365,12.5945015
13.183313,13.16211
13.7623205,13.767609
9.847729,9.2266
13.535137,13.436898
12.396461,12.360989
11.782616,11.888434
13.485221,13.328852
11.622782,11.640032
12.222624,12.540757
12.175339,11.906369
8.471183,7.986213
11.915596,12.036883
8.752891,8.389716
10.4638605,9.8826685
10.281577,10.021464
9.6946535,9.398029
8.56347,8.719625
13.548692,13.614995
8.311699,8.663943
10.611606,10.217419
12.484923,12.635257
12.622069,12.744081
8.5953455,8.575883
13.413573,13.34218
10.401539,10.002056
9.250218,9.64952
11.426322,11.713195
8.643357,9.049508
12.039677,12.121953
12.220595,12.507793
11.718896,11.845328
10.341772,10.137519
11.289288,11.096658
9.67958,10.174075
9.032241,9.528248
7.07844,6.822734
11.576458,11.63885
11.3983,11.16347
11.511871,11.453919
11.80491,11.757856
8.845753,9.430252
8.857795,8.438032
11.5639515,11.714956
13.416133,13.415062
11.269435,11.116225
11.575312,11.674718
9.369063,9.084723
11.394008,11.519819
13.300593,13.373076
10.060019,10.435441
13.422244,13.597251
10.951751,10.85645
12.172334,12.134848
10.772583,10.772567
11.227316,11.129925
11.105522,11.172842
8.188404,8.3833885
11.139809,10.903022
10.384539,9.851463
10.914825,10.9323635
8.099892,8.373621
13.613841,13.427033
9.742506,9.071425
10.895832,10.751899
11.324677,11.076348
12.83693,13.10883
10.302043,10.282188
12.255116,12.149582
11.8803835,11.704656
10.157065,9.833515
12.648024,12.674026
11.596453,11.649683
13.146754,13.176164
6.5813823,7.109499
12.207453,12.297554
10.702501,10.679651
12.9719,12.991081
11.894593,11.786128
13.379311,13.283687
9.39391,9.846458
10.496012,10.030795
10.795585,10.846867
12.176838,12.234132
10.789416,10.341557
11.605369,11.317169
11.25478,10.922731
10.959803,10.441615
13.878305,13.842088
13.75321,13.873834
13.875576,13.834475
8.896428,9.213188
12.572082,12.637676
13.106398,13.091048
11.347701,11.257688
11.105509,10.668697
10.308924,9.804357
11.48186,11.34206
10.939297,11.237725
12.786961,12.902321
10.099259,9.454419
12.613617,12.549324
9.500797,9.108485
9.069184,9.250774
13.880174,13.957002
10.497719,10.291052
13.642508,13.633884
12.484602,12.447428
10.377041,9.979511
9.848323,9.188225
11.510368,11.312377
11.73092,11.724821
9.886453,9.76166
9.771197,9.298355
12.93855,12.793548
9.931442,9.28512
10.672161,10.041406
11.658717,11.680658
9.567416,10.264066
11.3017845,11.466612
13.294646,13.255075
11.907798,11.826345
12.771598,12.645375
12.506012,12.411393
13.065883,12.973999
10.282613,9.496465
10.254681,9.636688
12.248119,12.237813
9.227947,8.812841
13.682862,13.819443
11.917778,11.870628
9.577915,8.81033
8.327074,8.740445
11.456791,11.265757
12.073858,11.979135
10.875135,10.193263
12.497929,12.48357
9.232299,8.753426
9.577469,9.204871
11.777381,11.79182
9.931842,9.593542
10.49559,9.8632555
11.437506,11.503743
13.415344,13.51817
9.424883,8.705674
12.685656,12.573827
12.160961,12.075395
13.513717,13.587693
11.44389,11.389434
12.505832,12.41214
13.632329,13.696042
13.295203,13.176169
8.910705,8.5301285
12.439985,12.428334
13.288552,13.177889
11.140242,11.325415
11.98514,11.981062
10.454501,10.138388
8.1402645,8.395664
11.498113,11.408911
9.928488,9.611592
8.840196,9.118968
9.937243,9.726259
9.428648,10.230487
9.290325,10.027774
8.001939,8.197512
9.801973,9.93496
9.113822,9.496609
9.129347,9.65645
8.799987,8.324492
8.622291,8.894429
13.569817,13.650918
12.176593,12.069971
13.60404,13.6066065
12.713975,12.694355
13.444262,13.412153
11.810323,11.648193
8.405694,8.533081
8.692283,9.250491
13.76496,13.821725
12.943728,13.11071
10.561267,10.018067
6.9746037,7.4737387
10.819324,10.9368515
9.655545,8.9705105
11.592298,11.558265
12.719446,12.675895
12.537789,11.985105
11.40842,11.480625
10.990755,10.707392
13.319168,13.492889
9.857875,9.478908
12.460773,12.499349
12.955663,12.870442
7.631758,8.159713
9.404595,9.634937
10.358662,9.686059
12.503965,12.545322
12.7214985,12.750554
9.378506,8.995394
10.405203,10.158662
12.475295,12.506971
13.777028,13.770687
12.578469,12.663918
13.850858,13.878981
9.556072,9.709046
9.776069,9.110393
10.957484,11.076711
11.672484,11.561162
12.722711,12.603044
12.985336,13.139055
9.25419,9.885675
9.810274,9.575065
13.450713,13.517065
8.630886,7.989002
12.8372345,12.880589
10.640815,10.60419
8.844219,8.207454
9.026333,8.627255
10.159607,9.552436
10.419229,10.514341
9.991018,9.321637
9.676863,10.19251
10.783595,10.647307
12.426237,12.383631
11.283224,10.988031
13.119408,13.212845
8.733552,8.950662
10.294203,9.988522
12.24486,12.281852
9.138155,8.483681
10.461036,10.155818
13.371546,13.349898
13.501286,13.414129
13.488768,13.655814
11.042877,11.107796
10.131065,9.782271
10.530517,10.427571
7.812533,7.380826
11.899563,11.916545
11.917084,11.78566
10.159065,9.72395
9.926561,9.671526
12.736395,12.693423
12.961839,12.844192
8.784322,8.1742735
10.359876,9.916001
8.765598,9.173126
10.070276,9.162432
9.435646,9.566905
11.735371,12.059047
11.126694,10.967633
11.79374,11.675646
10.490675,9.991045
13.309547,13.487524
9.053463,8.5003195
8.863018,8.978181
8.130926,7.8715
12.69356,12.754101
13.229686,13.243406
8.078763,7.8983946
10.554818,10.439136
12.24502,12.321303
12.8906765,12.9156065
10.874877,10.459142
12.829688,13.053415
9.359807,9.788724
12.578456,12.609343
11.533391,11.385697
9.024471,9.119087
8.721208,8.892848
12.338392,12.378139
11.309288,11.066187
9.983305,9.451645
10.549766,10.006765
12.351818,12.28214
11.640296,11.446374
13.270665,13.256463
9.71758,9.068648
10.363719,9.963403
13.361555,13.334916
9.002412,9.475249
11.260359,11.309692
8.263268,8.511188
9.648175,9.954036
8.869556,9.056595
11.469615,11.273749
9.018303,8.573867
9.958907,9.307086
9.38421,8.935984
10.214882,9.750569
8.208168,8.453953
7.8449693,8.210706
13.1068125,13.240444
12.988049,13.040691
10.916039,10.728978
10.673298,10.5579195
12.546324,12.63343
10.438459,9.936176
9.9433365,10.257623
10.091377,9.516021
8.830199,9.178029
7.6009836,8.172319
10.155606,10.151227
13.475947,13.475183
13.680379,13.608965
12.289402,12.295669
13.46828,13.323735
12.653924,12.707936
9.219255,9.256097
8.012137,8.372945
13.73147,13.656494
9.722503,9.127647
9.596317,9.892464
12.224835,12.108351
11.298979,11.07651
11.425313,11.390629
9.431706,9.956649
10.52198,9.979172
13.315946,13.178328
10.402138,9.865602
13.514775,13.417109
11.4703,11.451975
13.246897,13.2658615
10.995528,10.542552
9.123966,8.818121
8.489417,7.93467
12.432924,12.519819
12.175939,12.095826
13.698812,13.690132
9.297377,8.856752
10.780331,11.045018
11.1828575,11.01972
9.282399,9.637224
8.801174,8.377936
11.631135,11.331854
6.517775,6.8649354
12.423796,12.398789
11.723752,11.732192
11.056413,11.133153
9.134831,8.671687
9.998091,9.497471
9.412197,9.633745
12.656655,12.585889
11.367065,11.198007
12.241387,12.270724
8.4085245,8.690781
11.576301,11.321081
13.763748,13.708835
10.673514,10.279462
12.159049,11.990384
10.829566,10.739143
9.890938,9.523715
12.182069,12.29021
13.0383625,13.021368
12.48805,12.452437
8.747262,8.7674055
14.035553,14.092905
11.593358,11.468569
9.991158,9.420309
10.503105,9.839257
11.595633,11.453544
13.483719,13.39295
10.351445,10.123109
13.329178,13.28825
9.762895,9.225893
12.75631,12.847613
9.924776,9.721203
12.254479,12.219249
11.392663,11.399943
12.343863,12.479032
8.568696,9.022697
12.962914,12.89835
13.027902,13.110168
13.849113,13.902178
9.290253,9.445583
9.509031,9.737068
12.154588,12.209779
12.016187,11.938476
10.853912,10.443227
12.66018,12.7017765
10.6989155,10.361357
13.871351,13.900424
10.506617,9.827336
12.327057,12.144634
10.342232,9.861652
11.784103,11.755299
11.387822,11.39074
11.23352,10.826593
13.898744,13.913821
8.75356,9.022201
13.620063,13.695938
10.779557,10.916477
9.451928,8.955871
11.050812,11.076066
11.158283,10.963123
10.4302025,9.988309
12.693305,12.794499
13.584125,13.547553
13.106408,13.040076
8.001862,8.479172
11.702618,11.678371
11.920729,11.824927
8.613612,8.870167
11.707436,11.742714
12.618755,12.64478
7.6005497,7.9961896
8.761311,8.196108
10.393384,9.902805
10.563203,10.288538
13.577255,13.5008955
12.876581,12.957277
12.845267,12.910159
11.364449,11.117911
8.269806,8.585456
10.697171,10.306416
13.014625,12.985414
11.614462,11.478887
13.67403,13.624377
8.998921,9.476863
12.693369,12.651993
6.5024037,6.9798856
11.782079,11.634984
11.697172,11.71083
9.224308,8.851136
8.63087,8.618402
12.978856,13.065624
8.449909,8.765878
8.9161005,9.444422
11.312164,11.127938
12.679392,12.779362
8.796262,9.145666
11.296369,11.101602
9.990949,9.755899
12.227604,12.337853
10.388912,9.921601
12.186996,12.252121
13.304087,13.27398
7.60185,7.1222963
12.829417,12.855611
8.502045,7.728182
13.554646,13.581838
10.189123,9.688738
10.333798,10.116457
11.927364,11.970763
11.5597315,11.338758
13.574399,13.5302
12.075793,12.030646
11.778406,11.56355
10.123884,9.884763
9.4670105,8.670746
10.612406,10.222977
11.374627,11.317695
10.739323,10.328007
9.686283,8.890648
10.687121,10.475977
12.400536,12.449767
9.021627,9.410426
12.127751,12.105961
12.999805,13.006037
11.749161,11.679148
12.641932,12.588683
10.22936,9.780255
9.405281,8.83295
8.793578,9.145519
12.345663,12.195691
13.561837,13.70546
10.17081,9.858184
10.439315,10.170248
11.681618,11.674183
11.249481,11.297532
12.795719,12.856236
10.199143,9.999358
9.787756,10.085083
12.895085,13.075601
8.973935,9.556134
10.85357,10.601534
11.497241,11.339242
11.489266,11.384704
12.519499,12.715565
10.147403,9.719239
12.364314,12.311182
13.906326,13.8921
13.525093,13.500439
10.444967,10.112711
10.409885,10.126722
10.416083,10.007805
12.961779,12.846662
13.618775,13.628559
10.950425,10.732854
9.793007,9.285547
13.447065,13.390562
10.627454,10.308226
10.112331,9.690502
10.942339,10.477079
10.276607,10.2706375
9.606764,8.904713
13.447828,13.390431
11.519234,11.490635
12.913491,12.929548
9.640264,9.300658
12.483136,12.438069
9.8552265,9.15676
10.367783,10.166836
11.738841,11.748154
9.61253,9.366321
12.04343,11.935731
12.385719,12.36428
11.547244,11.11724
12.7582855,12.593689
8.775506,8.963211
7.1419525,7.751801
11.563288,11.356756
10.040306,9.471462
13.40328,13.392541
8.308244,8.4204855
8.994859,9.047096
11.529061,11.24908
13.487715,13.6926985
9.150626,9.233232
10.290511,9.721658
8.811154,9.437356
11.397471,11.342931
9.784653,10.139786
12.271115,12.323677
12.699994,12.779256
13.473812,13.31721
10.439624,9.96747
12.814156,13.015588
12.449612,12.438919
10.43232,10.012666
11.157927,11.155301
12.53214,12.728753
11.600263,11.349227
9.663313,10.188741
12.474458,12.631363
12.031595,12.181497
12.516989,12.534797
9.51531,9.942475
9.868674,9.421975
12.839066,12.828208
11.723236,11.711027
13.03928,13.270986
13.446753,13.561177
9.4702215,8.795095
9.516252,9.845068
11.394921,11.04575
10.722996,10.351606
8.8205595,8.519215
13.578188,13.478442
8.86443,9.279535
8.902421,9.262407
12.48746,12.413957
11.932421,12.234963
11.451204,11.412403
11.708518,11.686456
12.7372675,12.743996
12.695026,12.526094
13.851072,13.878078
12.280686,12.15967
12.406271,12.398472
7.1601505,7.66098
9.57939,9.706611
11.458888,11.162681
13.657026,13.514788
10.898894,10.66353
13.916444,13.880723
10.019068,9.539567
12.857648,12.934992
12.907955,12.875476
11.06552,10.97137
12.264763,12.232813
13.281693,13.259713
9.480677,9.814225
9.123737,8.627119
9.5020895,9.025137
9.525055,9.551166
12.57457,12.734007
11.933575,11.916233
8.778997,9.3728485
12.639238,12.705751
11.561171,11.253549
11.831201,11.973249
9.454023,10.023564
13.713858,13.526591
10.486354,9.8340225
9.561225,9.88269
13.323825,13.249923
12.168672,12.663575
14.030607,13.69459
11.741039,11.691864
11.514534,10.988888
12.7700405,12.899901
12.235819,12.164013
11.486761,11.13236
11.070383,10.70026
10.083985,9.61565
11.570521,11.570612
11.635089,11.642775
13.171226,12.939718
10.594551,10.324554
9.183497,9.546462
13.495885,13.432316
9.978722,9.764235
13.373505,13.430375
12.171172,12.06954
10.3861,10.064205
10.053282,9.730492
13.61019,13.657243
11.626984,11.524806
8.250364,8.633294
10.351308,10.214933
7.3479314,7.0022163
12.338801,12.2452
10.433054,9.812928
12.447066,12.485649
11.874392,11.87402
10.68606,10.212415
10.645177,10.239986
8.6824255,8.8670635
8.852344,9.166979
10.002414,9.679654
13.589151,13.613558
11.661073,11.374135
10.653738,10.144131
10.31089,9.875488
8.588051,9.123822
9.529727,9.92394
11.724402,11.507451
12.831539,12.707527
9.522802,9.911717
10.270385,9.961736
10.967553,10.528274
9.809614,8.995746
13.052373,13.017087
12.53539,12.583537
11.403754,11.210355
9.550221,9.857174
12.155982,12.059217
13.513034,13.550783
9.4045315,9.435998
11.634431,11.527526
12.600576,12.525384
13.452399,13.464709
12.645919,12.487868
12.284876,12.264483
11.010783,10.901526
12.030287,12.095088
11.5891905,11.480917
7.84419,8.07135
10.489484,10.460819
10.2869215,10.00081
8.268928,8.034837
9.982592,10.53482
9.209189,8.434395
11.886757,11.80375
13.376689,13.4711
12.702424,12.956867
10.848429,10.798772
12.453428,12.587082
11.07886,11.352754
7.6994476,7.868827
13.069274,12.854365
10.932479,10.366811
10.130442,9.820524
12.014432,12.027993
12.318849,12.284938
6.7511683,7.0738616
7.6981626,7.9994764
10.657529,10.241178
13.3129,13.584522
10.807894,10.320223
8.623201,9.023929
11.437672,11.208173
12.469141,12.561403
10.685567,10.878803
7.229542,7.5552535
13.86257,13.848229
9.235135,9.678775
14.111101,14.185552
9.144787,9.467459
11.731685,11.7074585
9.856259,9.635928
9.083742,9.490062
13.167619,13.037691
9.833276,10.518053
11.519833,11.579151
11.142589,11.124728
11.369394,11.451738
10.819805,10.413338
12.362162,12.511281
9.241285,9.624662
11.808854,11.84944
11.054461,10.912403
13.871369,13.533579
8.988026,9.33413
10.017419,9.602792
11.298159,11.359952
11.469825,10.877468
7.9520593,8.327582
13.93435,13.883573
13.630291,13.697123
12.471547,12.50794
13.002716,13.018818
10.609416,10.488745
11.503282,11.638575
11.921439,11.883291
12.649296,12.588437
12.377529,12.3310995
9.45374,10.193043
13.605576,13.745524
11.672265,11.341578
11.641297,11.614612
9.273503,9.352218
11.323186,11.312886
11.89632,11.836158
11.394843,10.8162775
10.923741,10.671406
12.773018,12.729778
9.9134445,9.417085
7.111398,7.4595256
11.827548,11.459511
11.915166,12.15542
9.154193,8.384713
11.113319,10.917694
11.435113,10.801964
10.896917,10.42826
13.197852,13.275851
9.264594,9.719265
12.787125,12.533
11.804249,10.203259
7.9433503,8.162258
13.735993,13.797655
12.886676,13.115386
11.603334,11.596881
14.082221,14.051269
11.067667,10.821732
9.524221,9.817728
11.596848,11.595856
10.750845,10.583054
8.993882,8.314047
8.766475,8.998523
10.602104,10.024502
11.421165,11.224491
10.802172,10.241866
12.921273,12.913025
13.414221,13.316412
13.653732,13.75832
8.705414,9.053129
9.114534,9.018041
13.068011,13.078353
11.203757,11.0268545
10.912051,10.631255
9.150649,9.550387
8.922489,9.229605
13.982343,13.883393
13.442309,13.494251
13.613728,13.653502
13.793572,13.749543
10.8891735,10.480447
12.348022,12.3430395
13.146518,13.21478
13.340822,13.312543
9.850225,9.421114
13.849858,13.887223
12.850982,12.96658
8.589898,8.903135
13.298281,13.188797
13.118909,12.996025
13.127459,13.062678
10.418003,10.0142765
13.411187,13.219332
11.482023,11.231549
9.532575,10.051032
12.584553,12.620356
9.908053,9.372799
10.423878,9.916009
11.647091,11.516615
10.714079,11.303449
7.653349,7.87334
11.203315,11.037462
9.963324,9.194501
13.766474,13.790436
9.656178,9.980258
9.850337,9.30368
9.472806,9.825738
9.23786,9.352541
11.215305,10.799569
12.165583,12.102069
12.842576,12.700534
11.493569,11.797362
9.9668455,9.371878
11.645629,11.7382965
12.596539,12.541035
12.655057,12.689867
12.209941,12.142981
11.550099,10.989211
12.5558195,12.506743
9.907634,9.767361
13.246413,13.51537
9.216524,10.010122
10.035868,10.243096
9.937663,10.498644
12.308347,12.373516
9.228878,9.64903
12.283162,12.23445
13.643153,13.583496
13.148474,13.189829
13.767063,13.799988
12.716511,12.621819
10.652843,10.4211235
9.603265,9.82663
11.049842,11.331006
11.430069,11.431593
11.752978,11.794627
9.62532,9.325643
12.761202,12.786879
10.400125,9.903826
11.607074,11.379656
12.634005,12.649335
9.029775,8.269175
12.212595,11.931027
8.702551,8.982836
10.310533,9.895429
9.471514,9.291669
9.1734915,9.464759
9.064219,8.940297
13.771212,13.741461
13.56074,13.432558
12.019475,12.0745735
11.311253,11.131797
10.5009365,10.480842
11.518093,11.706781
9.287628,8.941367
9.462646,9.94743
12.482417,12.455151
13.86268,13.833711
13.348975,13.323199
9.168677,9.653981
9.091101,9.541532
10.083923,9.65236
14.034683,13.980674
12.614666,12.553508
12.959335,12.861949
11.852141,11.654372
11.029557,10.733139
9.512426,9.818984
9.167585,9.643816
13.213746,13.2809305
11.106303,10.827468
10.262036,10.357854
12.313653,12.495918
10.479624,10.046316
13.540736,13.471661
10.081101,9.955623
13.340669,13.28984
12.264538,12.256888
10.345003,10.009869
12.83592,12.663487
11.779965,11.663841
13.418281,13.700351
13.006928,12.8977
9.747476,9.627961
11.6573305,11.539619
11.402176,11.195812
9.882426,9.699173
12.411532,12.351742
9.477102,9.936021
9.914065,9.369232
12.4110565,12.478595
12.424982,12.486699
12.833933,12.663683
9.445337,9.550909
10.752616,10.884522
12.676407,12.81173
11.377358,11.028761
9.657232,8.957942
12.251025,12.165723
10.559677,9.875216
11.903488,11.989549
13.682309,13.715177
13.082601,12.967058
13.492985,13.743678
12.010229,11.935288
10.640807,10.222611
12.965547,12.952429
13.462286,13.536692
7.706028,7.7857866
10.771757,10.550758
9.455153,9.793446
10.934081,10.6653
13.64144,13.797093
12.60249,12.477593
10.453871,10.063088
13.01431,13.111788
9.842345,10.282021
13.982404,13.893451
10.647042,10.585567
11.808121,11.682855
12.929865,12.914414
12.498156,12.63419
11.033684,11.038882
12.655008,12.656627
10.203257,9.7505665
13.694112,13.718881
9.243307,9.712082
9.266581,9.368938
9.726092,9.905372
9.403488,9.17753
11.650586,11.673209
10.722993,10.111663
11.430088,11.599956
8.999922,8.598661
11.477476,11.376496
11.47626,11.298099
11.384369,11.128283
12.873988,12.82955
10.8663845,11.123773
13.4657,13.431487
11.003481,10.850293
8.693855,8.9261675
11.632173,11.602204
12.968743,12.901329
9.630026,10.016516
9.354092,8.851831
12.960745,12.805345
10.22519,10.457773
10.913507,10.636207
12.396522,12.3652
12.760208,12.878366
11.386886,11.135773
11.654499,11.596553
12.463746,12.433158
12.666947,12.687901
11.398004,11.159758
10.821321,10.791302
10.856493,10.836856
11.149808,11.15433
13.312561,13.341347
10.705282,10.235009
11.44761,11.234369
12.245026,12.186932
10.909331,10.86836
12.036648,12.12813
10.945841,10.527003
12.655824,12.749217
10.89567,10.702223
12.657206,12.533109
10.67776,10.192216
9.345062,9.005233
13.337148,13.434017
9.069842,8.864484
11.478546,11.234918
11.889658,11.679311
11.088605,11.261185
11.440133,11.253623
9.422201,9.793317
12.614451,12.658706
10.03928,9.436183
8.802641,8.574574
12.5337305,12.567762
10.457833,9.955517
9.336027,9.8311825
13.215705,13.10052
10.514257,10.085718
14.042472,14.128004
8.991379,9.08935
11.517221,11.446902
10.504149,10.525617
11.725341,11.680005
10.510246,9.940095
9.909341,9.547537
7.8675575,8.037439
13.342646,13.31904
11.991499,11.909162
11.334069,11.071558
10.410841,9.709267
9.255901,9.5581455
9.858071,9.743567
9.782853,10.2657
13.13355,13.078694
10.644725,10.27911
13.457012,13.433098
10.057515,9.637926
10.508279,10.217303
11.039445,10.656288
13.4300995,13.551053
8.9794,8.520408
11.535864,11.544385
8.084425,8.274069
10.486745,10.126261
13.207146,13.374289
11.54339,11.332958
13.640145,13.776805
9.643105,10.150455
11.121938,10.690027
13.019777,12.9810095
10.80956,10.82606
12.586353,12.73175
11.526584,11.439477
12.711843,12.71123
9.309865,8.809325
10.391401,10.152271
8.482541,8.80292
12.452663,12.376792
10.280205,10.115104
12.370227,12.476317
12.611689,12.553621
9.13736,9.698431
10.19091,9.644029
9.895875,9.757101
10.725709,10.514943
13.057104,13.038619
13.252398,13.165492
13.519039,13.599282
9.6195135,10.099513
13.6186285,13.539897
13.505977,13.518443
12.79649,12.665877
10.902192,10.580739
10.449528,10.043121
12.461622,12.388437
10.14609,9.748159
9.360329,9.459819
8.162872,7.829576
12.614691,12.6851425
12.550304,12.577665
11.698449,11.857557
12.399706,12.301879
12.559979,12.589346
12.052393,12.007509
9.070817,9.44406
8.808936,9.211748
13.138254,13.1717825
11.481872,11.298149
12.001186,12.118011
13.900215,13.674367
10.997066,10.732943
10.445783,9.859205
10.651063,10.636356
13.940365,13.927594
12.319245,12.367691
13.642676,13.392497
9.694585,10.121486
10.618385,10.388368
11.590722,11.689146
11.734077,11.801631
12.4689865,12.395547
12.024686,11.912214
11.42265,10.996752
10.588357,10.426616
12.98,13.094017
10.051882,9.887355
11.384692,11.183147
10.287353,10.245379
8.106146,8.480807
13.580565,13.541173
12.957146,12.848697
10.732194,10.421542
12.324862,12.231072
13.489687,13.486069
13.622306,13.453657
12.161123,12.161592
10.982288,10.555471
9.190735,9.50549
9.951762,9.503953
7.920096,8.449778
9.390933,10.078965
13.34003,13.313134
11.899684,11.892473
13.969054,13.772633
11.991814,12.249986
13.660221,13.6907215
11.180275,11.436534
10.080256,9.363202
12.443268,12.456954
14.5873165,14.064216
12.861556,13.041061
13.444588,13.378663
11.379573,11.254829
12.512734,12.548951
12.745847,12.593031
13.21076,13.302522
12.324095,12.307912
13.059936,13.199183
9.317397,9.083788
12.825366,12.6512785
13.374803,13.511408
13.259898,13.430517
13.254119,13.331754
10.710389,10.747118
8.93879,9.3772
11.325353,11.25345
12.001511,12.005509
11.705367,11.709364
13.698647,13.874912
9.235735,8.791812
13.505695,13.508237
10.519777,10.143029
11.759608,11.7370615
13.9164915,13.947282
9.520721,9.035064
10.003146,9.602014
9.34745,9.726736
8.113045,8.5830965
9.928309,9.762585
10.829143,10.595174
11.92114,11.705532
11.234375,11.272917
11.847369,11.980361
9.857519,9.358362
12.936922,13.189616
8.89151,9.389803
13.085932,13.130964
12.67354,12.584078
11.436504,11.284096
12.932066,12.9704
10.906714,10.584426
10.506911,10.153903
10.313108,10.022061
10.44441,10.013794
9.971229,9.453562
13.105529,13.213261
8.189219,8.343631
11.486498,11.41868
13.062436,13.2464905
10.746922,10.820385
11.22138,11.099253
12.482344,12.571892
12.447934,12.531789
11.530424,11.2872715
13.636966,13.761668
9.010912,8.410667
9.187061,8.541359
10.010944,9.408008
12.866088,12.912795
13.180036,13.256219
9.733903,8.855878
10.250464,10.087581
12.808275,12.8190775
8.926336,9.495028
9.925701,9.691799
13.1530075,13.046343
11.651454,11.493028
13.4355955,13.575028
11.828174,11.981887
8.884972,9.317238
10.546959,9.931159
12.758429,12.811119
9.90665,9.562903
11.173858,10.817043
10.301578,10.213928
9.507669,9.895938
12.21208,12.233771
11.636528,11.454912
11.818126,11.723719
13.7841425,13.753851
12.829792,13.134075
11.109244,11.279052
9.326125,9.617972
10.54684,10.062895
7.43601,6.821521
8.618175,8.590104
12.839562,12.891787
11.653016,11.631907
11.875635,12.1411295
13.91644,13.8730545
13.250358,13.086413
13.405428,13.193751
12.689343,12.598746
12.6599655,12.6986
8.595881,9.023173
9.821557,9.324658
12.12439,12.022153
12.775069,12.829495
11.059755,10.640729
10.179265,9.542215
11.5403385,11.152416
9.287216,9.866809
8.655717,8.959444
8.899141,8.776649
12.23076,12.288058
13.659844,13.658007
12.737178,13.052467
11.575085,11.574487
9.112136,9.795808
10.839235,10.6452
11.099961,11.283184
10.296834,10.260468
14.108917,14.059451
12.729248,12.544247
10.186722,9.888613
13.005382,12.997489
13.396697,13.49969
9.245442,9.66555
13.380667,13.329166
12.805314,12.804506
11.283851,11.440799
10.519132,9.939046
11.639075,11.421695
13.565712,13.490918
11.198541,11.147916
13.993157,13.858439
13.631061,13.426756
9.941503,9.811454
8.590497,8.707528
12.124886,11.983247
11.804199,11.884612
10.627353,10.160432
12.038753,12.218679
10.383303,9.93686
12.972839,12.930018
12.358553,12.035606
10.725426,10.06813
13.380554,13.327157
11.825889,11.863322
8.445982,8.770184
8.696189,9.284188
12.345444,12.377272
9.896746,9.415166
12.457281,12.385715
12.520641,12.568973
13.304305,13.040527
13.405742,13.360233
12.326926,12.368161
9.59891,9.235472
11.536659,11.481698
11.31228,11.163718
12.919654,13.008216
9.843641,9.553974
9.239419,9.530046
9.313195,9.506968
9.687924,9.267473
9.1996975,9.524941
10.8686495,10.363159
10.069759,9.492538
10.375104,10.050246
10.306224,10.457108
10.593498,9.920473
12.457013,12.54684
13.496397,13.426769
10.99839,10.723857
12.903021,12.925377
13.321501,13.2546015
11.182454,11.259615
11.532844,11.59689
8.933824,9.465538
12.840532,12.689866
12.411445,12.44609
8.847024,9.065446
12.54911,12.935523
13.004949,12.997728
8.132529,8.400723
13.531585,13.492973
10.483521,10.17411
9.242643,9.636742
13.630932,13.697258
10.814886,10.6518
12.240172,12.168588
10.407215,10.022169
11.815914,11.810175
12.335486,12.488103
11.853926,11.600055
13.821719,13.706935
8.025086,8.395154
13.674747,13.726138
9.455975,9.717201
8.386474,8.799941
11.962874,11.962611
11.434455,11.593973
12.784611,12.869791
10.073402,9.435859
9.659796,10.184402
13.7244005,13.723264
12.650547,12.827113
9.8186865,9.412904
9.395642,9.621488
13.314801,13.27343
13.668475,13.734689
12.109474,12.062061
13.527913,13.4791
12.687029,12.717171
12.4234915,12.256266
9.282273,9.6893835
11.014663,10.856754
11.203092,10.99828
12.998876,13.142255
7.401995,7.6751103
12.157269,12.276299
13.249651,13.2307205
12.176795,11.97034
12.371836,12.51994
10.146238,9.612501
11.128666,11.306189
11.827728,11.8375
11.928167,12.080375
10.77829,10.2147665
10.690617,10.297711
12.739623,12.786159
11.429412,11.432006
10.509078,10.147214
12.822923,13.124933
11.175254,11.055853
12.912758,13.009139
11.574681,11.247052
10.232623,10.023371
12.578696,12.649881
10.76226,10.453846
12.53921,12.491547
9.172605,8.378283
12.952842,12.920564
12.220783,12.1475
13.374865,13.345515
13.708352,13.782864
12.517946,12.530131
13.586837,13.615787
11.44461,11.444949
9.147837,8.798561
10.345727,9.922919
10.880859,10.638749
10.110395,10.310711
11.877638,12.101291
12.164772,12.345285
11.45691,11.255085
9.535794,9.126849
13.877846,13.813367
12.976645,12.9236355
9.493193,9.736997
6.5887666,7.332668
13.337352,13.28863
12.689458,12.840388
9.440439,9.972795
13.102447,13.165481
13.26873,13.125194
10.258556,10.328158
13.617403,13.555602
13.316389,13.382995
12.139497,12.296191
11.309779,11.3200865
11.888474,11.951215
13.16168,12.967824
9.586065,9.894859
10.72273,10.37192
10.707227,10.518488
11.951751,11.885805
12.863324,12.827148
11.672403,11.454134
9.133445,9.761822
8.6926565,9.143436
11.689418,11.553576
11.920538,12.051583
9.483168,9.231143
12.072424,12.030144
10.68122,10.218436
10.663247,10.218987
10.28105,9.948183
9.4174595,9.8338995
13.713767,13.726077
13.036011,12.976611
12.709536,12.558345
9.754284,9.823553
12.54419,12.522108
13.636775,13.641457
9.324591,9.112728
8.8863535,8.578902
11.28664,11.22634
12.730209,12.701661
9.631928,10.062739
12.447695,12.232166
13.311726,13.228026
13.862717,13.735338
9.686528,10.081485
8.849938,9.103055
12.795817,12.736183
12.299947,12.343778
12.792449,12.863176
8.652949,8.843344
13.619675,13.516032
11.6207285,11.359022
11.353698,11.341469
12.531042,12.454616
12.853887,12.985579
10.346461,9.619962
9.520641,9.915431
10.929252,10.850916
12.064759,12.039
12.250357,12.157346
9.065766,9.636113
9.340317,9.736669
7.65656,7.9419236
8.598117,8.348697
10.456511,9.75948
7.9858394,8.393223
9.063504,9.371771
13.72445,13.558514
10.758334,10.794177
10.670373,10.320182
12.787404,12.745193
10.846599,10.788963
12.413045,12.254338
13.349998,13.475493
12.450718,12.759298
11.521347,11.308552
12.794883,12.7931795
12.433371,12.447793
13.499915,13.388491
11.7288,11.338982
12.635778,12.609767
13.403822,13.271809
12.106533,12.301601
9.512502,9.711382
11.837089,11.936279
11.107417,11.128293
12.109376,11.808037
11.888684,11.773979
9.22868,9.412318
11.43914,11.635224
11.0695915,10.969776
10.755076,10.61385
12.291828,12.3250675
11.373693,11.158792
10.868528,10.753616
9.932057,9.378358
9.761166,9.014334
7.163939,7.507812
9.310971,9.518573
13.224242,13.261162
12.632838,12.593669
12.337805,12.282588
11.838014,11.855863
12.033242,12.368761
9.654784,9.2681675
10.25052,9.833752
12.501377,12.656648
8.9468355,9.366618
10.380683,10.830185
12.659525,12.651741
10.680541,10.457811
10.837946,10.392508
12.643797,12.701668
10.927698,10.939235
12.387264,12.396405
12.637241,12.586787
8.179501,8.628873
11.162999,11.133015
13.324669,13.411435
10.043842,9.678852
11.615656,11.390701
9.351428,8.905109
13.053168,12.95814
9.276393,9.011821
13.818828,14.057358
10.828191,10.545818
12.404434,12.661709
10.863445,10.826912
7.600166,8.039895
11.915207,12.125404
9.043237,9.240284
11.391367,11.289048
11.043934,10.904036
9.695536,9.649518
9.157225,9.726757
10.445311,9.892774
8.941546,9.147762
8.212377,8.312886
10.959271,10.521889
13.0378895,13.052819
7.9240384,8.467222
10.133104,9.884239
11.437368,11.1896925
9.270324,8.7115965
7.976413,7.588185
8.376618,8.723415
10.3214855,10.207891
9.037124,9.518493
11.286641,11.168225
12.398935,12.568898
9.623308,10.048661
9.538939,9.205837
13.37683,13.468764
9.209219,8.683874
12.856488,12.813834
13.405319,13.43622
13.66717,13.511545
13.139543,13.276677
11.223003,11.200765
12.365997,12.366205
13.785364,13.992015
12.449558,12.282905
10.602907,10.748633
8.06993,7.7757773
11.364381,10.85658
10.004321,10.278062
8.842639,9.014654
13.414374,13.292077
9.8193245,9.606961
11.672569,11.567778
12.044364,11.961619
7.3230376,7.696945
8.290722,8.466572
12.248006,12.032853
10.235978,9.803711
11.533608,11.233167
10.461022,9.745905
9.889279,9.161103
8.442859,8.80748
8.520485,8.830339
12.826037,12.85764
11.850656,11.848855
11.444907,11.338946
10.535788,10.311872
10.862911,10.830281
10.454963,10.035214
11.387807,11.06262
11.377811,11.221072
12.406898,12.47598
13.359921,13.576299
13.691719,13.630387
10.380428,9.76061
8.045254,8.289427
12.060549,12.204815
11.18559,10.944539
10.221838,9.956578
12.431869,12.540715
9.032117,9.306504
12.891258,12.709638
8.734344,8.727369
12.659794,12.610136
8.512516,9.132688
11.373514,11.485062
10.4407215,9.904569
13.260508,13.367564
10.059877,9.318515
12.79382,12.716758
13.408366,13.429056
9.448809,9.74159
11.423492,11.371163
13.067647,12.930521
12.877428,12.76797
13.210071,13.077033
13.971493,14.0559435
13.40407,13.370721
13.644438,13.727349
12.287388,12.36418
11.175284,10.841101
10.600594,10.027989
13.625647,13.599555
11.69548,11.689911
7.9809113,8.382864
13.699982,13.662684
8.968449,9.5000105
13.62443,13.606914
10.625272,10.800166
11.834606,11.809437
12.547789,12.350744
9.715167,9.833872
9.360353,9.777155
9.432656,9.859
10.53527,10.430037
11.175565,10.83081
9.363725,9.8018875
10.285275,9.862648
11.660752,11.941751
9.555189,9.273474
9.325957,8.872129
9.094125,9.373742
12.43889,12.59202
10.978391,11.004462
10.160025,9.850031
11.612035,11.627568
12.512698,12.700773
10.563417,10.284322
10.037166,9.914216
7.624625,8.185411
10.694332,10.577862
10.535829,10.513016
13.213337,13.276622
11.4149,11.19568
11.556236,11.643857
12.3286495,12.337871
13.498232,13.471489
11.784311,11.797017
11.281603,10.871642
11.0591,10.848256
13.110677,13.178571
10.90281,10.659495
13.164661,13.099574
11.15543,10.78746
13.153555,13.045087
12.548856,12.562396
11.527243,11.107921
9.12694,8.776585
12.545623,12.637826
11.620647,11.913664
11.94988,11.679051
9.000153,9.546794
12.929051,13.037237
9.406879,9.977111
9.747721,9.355924
12.1554985,11.917653
10.822829,10.654499
11.792022,11.865489
9.576688,9.951986
10.26192,9.612292
10.150009,9.784912
13.281694,13.090589
9.566648,9.131684
12.360176,12.4640255
10.708683,10.511315
11.271005,11.343268
12.757271,12.739123
10.97821,11.138325
10.60584,10.064468
11.451243,11.441476
13.1358795,13.381078
12.3853445,12.421994
12.93514,13.034073
12.578936,12.612686
12.349779,12.326122
13.456422,13.481416
9.667265,9.935627
9.426436,9.270542
10.924971,10.797627
10.02981,9.596316
10.144625,9.456581
11.753711,11.817059
9.122775,9.309002
12.632393,12.559654
8.748387,9.083665
8.753376,8.79594
13.549441,13.655871
10.742491,10.426528
10.133458,9.463326
13.9448805,14.160622
11.377381,11.470742
10.902713,10.725271
12.703337,12.566901
11.624754,11.600068
12.051878,12.285991
10.915585,10.567552
11.5717535,11.269369
8.891948,9.381145
13.64904,13.622954
11.289666,11.27433
9.225112,9.449588
9.563822,9.841287
9.999723,9.596217
13.146801,13.176993
11.419097,11.194536
11.26565,11.304318
9.321368,8.882864
9.53165,8.900491
8.659151,9.203374
10.727774,10.644906
12.702305,12.647741
12.537701,12.681331
12.721164,12.787343
12.610256,12.57276
13.945115,13.924555
9.549972,9.788653
13.22983,13.237966
12.557133,12.703934
8.697349,8.934592
12.505399,12.381375
8.808939,9.190757
10.228246,9.891913
10.983193,10.710167
7.1211767,7.4910574
9.628063,8.976301
12.5971155,12.7287445
13.068006,13.05843
10.200964,9.325497
11.511271,11.721152
9.300345,9.810346
13.70232,13.647479
8.461932,8.623847
11.131927,10.930759
13.637138,13.554267
11.791225,11.595113
11.602764,11.394138
12.885536,12.945712
10.622958,10.428732
11.702419,11.490241
9.783492,9.494932
11.683273,11.670391
12.172806,12.076458
10.899505,10.651775
10.8749485,10.501535
11.693079,11.535951
11.546442,11.724794
10.406383,9.80804
11.828519,11.721865
10.746823,10.628539
12.641108,12.429056
9.909653,9.698252
10.123922,10.038523
9.160772,9.721439
8.874443,9.1078415
7.4680805,7.8567867
10.623092,10.167774
11.722109,11.64673
11.089901,11.043473
11.955647,12.109785
12.7045355,12.635073
9.579254,9.968475
9.655897,9.092491
11.053132,11.094553
12.726053,12.586621
10.890908,10.738081
13.06965,13.085019
10.1669,9.791512
10.894637,10.619374
11.960468,11.907155
13.451952,13.522635
11.959704,11.865055
11.52766,11.334829
9.370988,8.4973135
11.1865015,11.192805
11.758477,11.361236
8.390741,8.890392
12.657757,12.624769
12.991265,12.951367
9.341944,8.935343
12.564552,12.834858
8.88631,9.372875
10.812,10.436117
11.3054495,10.907708
12.197363,11.909505
8.282379,8.424407
12.344146,12.261945
8.649348,8.563018
11.45906,11.11787
13.479009,13.416746
13.951873,13.936102
9.669857,9.316493
9.880329,10.386167
9.002366,8.347506
8.400702,8.56663
9.086513,8.422297
10.835938,10.455127
9.256959,9.802015
11.147598,10.935024
13.22882,13.285291
8.838906,8.481003
8.307412,8.581709
11.07591,10.790512
10.522797,10.625474
13.376859,13.419295
12.1856,12.075883
13.232639,13.1506605
11.530743,11.345998
9.258334,9.229041
11.41787,11.043409
10.908524,10.888768
11.928976,11.892301
12.841705,12.764483
9.625138,10.017302
10.693668,10.295934
10.415717,9.968316
9.473547,9.921028
9.541857,9.980113
13.548486,13.558248
13.238767,13.222568
12.160019,12.080645
10.34045,10.086384
12.6819515,12.610104
10.0363865,9.63157
13.907147,13.85979
13.569974,13.569871
13.578751,13.643665
10.2227335,9.876016
10.478058,10.264131
9.838539,10.4031
9.625058,9.943502
13.061785,13.0507965
11.339692,11.307048
14.163508,14.172226
10.309593,10.132234
12.48177,12.52838
9.189283,8.950933
14.0279455,13.888345
10.174234,9.845893
12.323904,12.275687
10.299596,10.332
9.113181,9.627338
9.634383,9.002365
9.014251,9.587476
13.352555,13.300857
10.650634,10.78048
11.177792,11.143052
11.584111,11.413631
10.71413,10.352462
10.697068,10.436682
7.9781947,8.119729
12.742067,12.847752
11.741766,11.8132105
8.732731,8.904275
9.5311775,9.738931
8.9850025,9.07463
13.610385,13.579729
9.472859,9.745362
13.359329,13.299621
10.136972,9.833677
13.395057,13.4222765
12.284665,12.341867
9.9166975,9.324109
10.593117,10.252139
13.597219,13.662688
13.346122,13.4925375
7.313428,7.5274734
11.302337,10.946256
12.788598,13.059468
11.623263,11.151419
13.339505,13.405026
12.902174,12.807347
10.526532,10.798868
11.330829,11.081429
11.412768,11.229754
13.413938,13.283884
9.346379,8.404338
10.324656,10.502116
12.385101,12.363435
9.394065,9.818767
10.307755,10.983118
10.522576,10.400326
10.868897,11.094393
12.9382925,12.808761
11.931,11.842393
12.941998,12.929884
13.6554785,13.653108
10.835516,10.537992
10.797092,11.024272
10.081198,9.673816
12.12664,11.987086
13.506263,13.759231
11.933104,11.866465
8.03668,8.7115345
10.14173,10.051789
10.894697,10.671997
8.836209,9.147021
13.757415,13.7347145
12.300587,12.440767
9.891802,9.42472
9.767626,9.647667
13.445678,13.647613
11.269984,11.533301
8.651732,8.001037
12.913169,12.87436
12.233883,12.238369
9.606077,9.946956
12.804909,12.984796
9.80232,9.517909
8.288748,8.81422
10.587725,10.509781
10.032327,9.922277
11.0831,10.937829
9.439243,9.914282
10.618924,9.94283
9.935114,9.574843
10.374888,9.815505
10.546171,10.152025
12.287411,12.310223
12.2888565,12.317173
12.653752,12.797996
12.032801,12.086146
9.623064,9.051307
7.8416743,8.1009655
10.685868,10.180551
10.582075,9.944588
12.019039,12.025093
11.632701,11.583235
9.723807,9.118424
11.86573,11.814925
11.872484,11.979004
11.244042,11.060318
8.6680565,8.542754
10.977061,11.080182
8.164773,8.432124
13.159159,13.237724
12.815759,13.179176
8.167476,8.713672
10.434661,9.938167
8.961498,9.279517
11.308944,11.114446
12.759542,12.92921
13.281768,13.3553505
13.524357,13.520747
9.602679,9.549558
12.710322,12.771928
8.68717,8.935459
12.757471,12.675177
12.120903,12.129437
9.073603,9.305592
11.921185,11.843135
9.309057,9.678562
12.774494,12.773867
12.315718,12.334385
12.322176,12.305298
11.266296,10.947771
9.129644,9.698044
9.434701,9.96663
13.312526,13.446489
10.505651,10.101947
13.952539,13.857623
11.150071,10.956198
9.741038,9.011899
12.754453,12.757755
9.061291,9.192403
11.42364,11.288459
12.41909,12.410836
12.606513,12.39764
10.829726,10.557346
10.476411,10.065247
11.466367,11.341851
13.916445,13.881526
9.616328,9.216012
13.285279,13.239158
9.155757,8.998529
10.220238,9.640279
11.907565,11.955176
9.4328985,9.636123
11.920534,11.816958
11.944037,11.772442
12.423239,12.309503
12.194166,12.041465
10.417667,9.752784
12.145736,12.172755
13.648011,13.749782
12.119478,12.01629
10.324799,9.757991
10.89363,10.458694
10.857523,10.590518
11.470709,11.304046
11.695859,11.668656
13.687812,13.834359
11.181694,10.80632
11.505607,11.166344
11.477082,11.350839
9.399794,9.421864
8.848226,9.182801
12.39954,12.44595
13.493768,13.271254
12.10603,12.011069
9.157207,9.418004
11.131456,11.017248
10.14948,10.066142
12.574278,12.363943
12.397426,12.458048
10.78786,10.2242155
11.085324,10.968023
8.924595,8.580125
10.691773,10.488138
12.510825,12.539313
8.761846,9.260743
12.3325205,12.337662
10.588989,10.387183
10.889153,11.032178
10.2014475,9.544813
9.59535,9.820285
10.297014,9.814269
10.086593,9.887434
12.076037,12.113652
12.721365,12.837598
12.347882,12.281348
11.519628,11.60681
10.162179,10.721886
12.635118,12.667857
13.759126,14.036541
14.114489,13.986762
9.525994,9.17904
9.3961315,9.618923
12.253075,12.279836
12.059027,12.058068
12.4183235,12.496067
9.955989,9.225866
10.334048,9.836755
13.614398,13.587315
11.279398,11.346318
10.231504,9.794943
10.594821,9.94807
12.402529,12.257889
10.77611,10.5035095
10.194662,9.777669
14.118026,14.057664
11.430788,11.235677
8.143818,8.674972
11.463305,11.008725
12.987455,12.951878
12.730193,12.836865
10.16035,10.619349
10.766269,10.220217
9.903532,9.411456
13.395762,13.382434
9.588357,9.279028
12.871808,12.830272
11.454006,11.081047
11.001719,10.873523
7.9602275,8.2981205
12.123798,12.252784
9.751412,9.404742
9.333523,8.807779
10.182544,9.92496
13.202665,13.118327
11.068503,10.706862
12.503765,12.545084
11.469441,11.330799
13.0284815,13.119347
12.920712,12.9029455
8.766057,8.908798
11.378313,11.527885
10.53615,10.338532
10.696163,10.577977
10.07863,10.274348
11.134084,10.945598
9.299703,9.717793
11.448813,11.099429
11.246195,11.035071
11.832838,11.757706
9.407949,9.580765
9.697345,9.079904
11.025944,10.5400095
11.414733,11.2892275
10.909859,11.224094
12.783251,12.89256
10.126315,9.59361
9.632202,9.032299
9.54798,9.892048
11.420838,11.070382
12.361176,12.222898
12.0916,12.046329
10.302826,10.121022
10.982894,10.756462
10.294874,10.812298
13.632168,13.74105
13.955428,13.912818
8.375968,8.947191
13.460689,13.407368
10.175027,10.224208
12.731824,12.604847
8.9751005,9.597523
10.443436,9.893988
12.8737,12.824327
11.952242,11.88014
10.601616,10.448392
8.427427,8.08427
10.325801,10.152468
9.976015,9.852177
10.282638,9.631062
10.5795355,10.658313
11.93219,12.110346
11.005778,10.678569
13.133483,13.079719
9.819365,10.428588
8.590121,8.670726
10.688718,10.501014
13.142224,13.14638
10.8743,10.640826
9.179352,9.343365
13.693658,13.587318
11.983525,12.084903
12.716965,12.878215
12.603543,12.592491
11.602617,11.426451
12.996946,13.074813
13.495044,13.511154
10.292349,9.843437
9.241796,8.739539
13.403841,13.451598
13.373558,13.358529
10.556801,10.011333
9.952976,9.487724
11.065339,10.6632595
12.521344,12.630262
10.389707,10.300006
12.936602,12.932987
10.577386,10.446488
12.526123,12.510942
10.155298,9.422156
10.408525,10.427941
8.722718,8.985839
11.176612,11.233783
13.817664,13.752155
10.265507,9.981374
12.505823,12.530362
11.781375,12.023735
11.204245,10.97819
10.953012,11.0038
13.870403,13.949963
10.447538,9.841928
11.611126,11.847405
12.692641,12.930011
12.416268,12.394448
11.407261,10.938527
10.406567,9.973631
11.551319,11.598222
9.40158,9.015258
12.4163885,12.460602
9.862174,9.125396
12.857039,12.952481
7.8431573,7.99759
9.481937,8.928497
9.398804,9.778576
11.904893,11.881708
11.908241,11.921505
12.303736,12.106775
11.351207,11.070153
8.924371,8.654968
12.6889305,12.80177
10.909485,10.685555
11.7500305,11.712214
9.486974,9.627432
13.496827,13.4753275
9.323173,8.810425
8.823385,9.2006235
13.891648,14.034491
11.993119,11.893918
9.301557,9.014459
13.690463,13.720203
9.752879,9.82651
9.610886,10.091664
12.5433035,12.543082
11.750183,12.092519
13.049099,13.048685
12.333072,12.348879
11.121507,10.738677
11.480404,11.045475
8.971447,9.351751
10.636459,10.221398
13.186065,13.085481
9.134257,9.326385
10.16908,10.083137
10.510572,9.954179
12.573182,12.488281
11.589689,11.725416
11.671857,11.460671
12.990266,13.023461
12.437692,12.391615
14.203255,14.341707
9.833689,10.292134
8.70914,8.91487
8.4392,8.685556
13.547691,13.503442
10.477423,10.054851
8.734253,9.286815
13.186943,13.082123
9.619524,9.796235
12.783392,12.680668
12.867353,12.9741
9.012494,9.502845
11.908194,11.854125
10.865644,10.60822
13.358043,13.39849
11.786636,11.540053
8.301455,8.875536
11.146139,11.107695
9.8413515,9.1352825
13.768296,13.80895
10.286534,9.971648
8.67587,8.973144
13.192724,13.341056
8.844595,8.361432
9.767369,9.140199
10.209335,9.659372
8.902323,8.182742
12.4518,12.3696165
12.250551,12.061279
13.716091,13.790099
9.396934,9.763221
13.612876,13.623411
9.171899,9.518728
11.444802,11.023407
11.444974,11.14584
11.429003,11.130731
8.698082,8.114294
8.235747,8.723946
13.07506,12.966454
8.261939,7.826689
10.826336,10.619814
9.923677,9.279997
11.91607,11.838989
13.680475,13.693985
13.766147,13.7512455
12.918806,13.02441
8.706934,9.095855
12.413206,12.422639
9.495764,9.695904
12.703088,12.558021
11.153737,11.238293
9.18783,9.547694
10.158318,9.723533
11.918526,11.923229
10.370244,9.785327
10.318461,9.763461
11.670982,11.746482
13.564759,13.630266
11.75449,11.63707
12.016624,12.303279
11.228216,11.121209
11.772336,11.460619
13.1518545,13.1350765
11.577683,11.59629
12.742353,12.612138
10.595635,10.659351
11.964425,12.002967
12.868799,12.897243
10.486856,10.153172
12.038827,12.244964
10.784337,10.562355
13.317289,13.274006
12.531032,12.621084
13.499201,13.500239
12.53324,12.362268
9.302796,8.988754
11.039959,10.858884
8.824167,9.281386
9.590558,9.0528965
13.423908,13.567288
9.8811,9.390571
13.281593,13.427099
11.953581,11.829205
11.485675,11.165006
13.009032,13.018375
12.612366,12.652507
12.498749,12.361651
9.439321,8.820454
10.880833,10.4978695
8.02685,8.543838
12.727974,12.688579
9.789662,9.044407
11.516713,11.338405
11.290795,11.143239
9.203095,9.188576
9.626057,9.220436
8.399558,8.510988
11.987365,11.916235
11.970606,12.0169525
14.206766,14.237562
9.874373,9.052927
12.780237,12.852253
9.688639,9.300963
11.805875,12.172625
11.461398,11.574417
9.652752,10.093935
10.620919,10.227413
13.200547,13.070813
12.962397,13.051318
9.674773,9.0912285
9.566786,9.533204
10.7540455,10.615378
9.68302,9.149843
13.582735,13.498967
13.376448,13.397518
10.483219,10.068813
12.795283,12.727799
11.569843,11.281978
12.948943,12.955114
10.224084,9.518656
10.434493,10.464562
11.26575,10.880357
12.529979,12.467145
11.901158,12.072658
10.678405,10.29142
11.408571,11.209737
13.478824,13.47835
9.894454,9.280455
9.832859,10.405006
10.501678,10.60509
12.396425,12.545346
12.512824,12.445491
9.098527,9.322202
13.367432,13.324144
8.557693,8.938766
12.566683,12.6104355
11.514234,11.229821
13.545584,13.489203
12.022227,11.959684
12.604505,12.510729
10.123557,10.011598
9.201549,9.508766
11.8833275,12.032068
12.051039,12.241818
8.833488,8.974769
10.449499,10.051003
13.6599,13.649644
10.849163,10.576432
10.372203,10.156227
10.434998,10.0397215
8.874174,8.9158945
13.983914,14.259633
8.731155,8.942519
11.870504,11.814552
13.514997,13.557849
13.465685,13.471885
8.497931,8.640376
11.201339,10.867859
10.618695,10.10252
11.099184,10.757349
11.037107,11.174138
11.464416,11.2936
9.001894,8.27123
11.507057,11.605825
13.225737,13.288284
12.072482,12.105692
11.73952,11.650799
8.910127,9.161308
10.631062,10.526872
9.717111,10.428546
12.743019,12.591712
12.815076,12.960366
10.244292,9.709307
12.127886,12.131743
7.666044,7.8676577
12.897697,13.170675
11.370316,11.282653
11.128945,10.787993
13.265833,13.193213
8.621814,9.089641
14.118059,13.901982
11.82256,11.851063
13.5285,13.527385
9.651461,9.2760515
9.907941,9.552259
13.041706,12.963119
10.768281,10.402303
9.902881,10.448611
12.381055,12.486401
13.132563,13.007246
13.3466,13.372007
11.684095,11.774487
10.980593,11.037236
13.732898,13.670721
10.986473,10.853624
9.972071,9.76745
12.815333,12.658274
13.497997,13.62802
11.072535,10.620991
10.831107,10.518571
10.141245,9.834289
10.761619,10.653087
12.377735,12.4557
12.381835,12.392578
12.912795,12.688703
10.574098,10.14546
13.031406,13.061562
13.788823,13.726008
9.100773,9.453751
9.129787,9.060095
10.148053,9.603812
10.508097,10.4836035
9.510042,9.800478
8.01237,8.276652
11.474902,11.611468
9.263586,9.471904
9.928597,9.233039
10.449029,10.0482
10.934303,10.699404
11.987177,11.846566
12.46896,12.53712
14.077367,13.98599
12.540431,12.588272
9.25409,9.645898
13.691669,13.849407
13.137068,12.887481
8.167638,8.695595
11.391539,11.289876
12.888783,13.05057
10.360122,9.76375
13.049537,13.008698
8.472362,8.898816
10.466745,9.967885
13.333704,13.287824
9.869498,9.494885
13.326538,13.539598
11.34938,11.403569
12.585794,12.520833
12.454105,12.341952
11.930784,11.783786
8.697785,9.14419
10.810769,10.572784
13.617335,13.53244
9.751492,9.182453
13.64036,13.675261
9.56956,9.699071
13.675046,13.751712
11.240777,11.160783
13.982404,13.873518
9.840215,10.442408
13.1096,13.007286
8.122191,8.654896
12.483769,12.739503
10.455128,9.856767
13.494269,13.546353
12.212148,12.158624
12.118717,12.139985
10.621108,9.920163
11.388308,11.415893
12.692667,12.806642
13.654427,13.764437
10.067093,9.59522
9.071072,9.120918
12.684328,12.839584
11.589108,11.717513
12.867388,12.958374
6.6050987,7.0134797
12.377441,12.346023
8.893487,9.15673
9.797687,10.277854
9.84612,9.539321
8.9858885,8.545659
11.767451,11.823247
10.6341,10.226903
11.510763,11.307622
11.453513,11.415747
11.531277,11.401016
13.785205,13.777988
13.409417,13.461061
9.415333,8.973411
12.380637,12.391946
12.109346,12.30891
12.623589,12.536768
13.265692,13.337888
11.934807,11.989461
9.941155,10.394143
13.459163,13.492822
8.345562,8.277415
9.4353285,9.725425
8.289786,8.754446
10.590967,10.06517
11.470988,11.399821
12.370357,12.22065
11.766,11.746596
13.406528,13.278743
13.637527,13.638706
11.351504,11.162432
11.194433,11.124871
13.437144,13.469012
12.830044,12.858014
13.718839,13.62918
11.306904,11.383262
9.009718,9.276169
11.602009,11.729111
8.681233,9.058989
11.68542,11.579685
12.2566805,12.145478
10.182774,9.65966
9.512124,9.273582
9.557526,10.123146
10.654749,10.319485
10.643665,10.599487
10.72554,10.059076
13.528239,13.518684
12.2466345,12.236419
12.351657,12.47387
8.46619,8.672112
9.376479,9.943381
13.2459755,13.324235
9.176892,8.5843315
11.687558,11.914981
11.234212,11.006082
9.481841,9.713733
9.354762,9.640314
11.670166,11.614165
14.11809,13.966725
8.637565,8.878933
10.141036,9.743357
11.035458,10.705676
9.026931,8.524936
10.235023,9.919368
9.817403,10.317332
13.53082,13.54078
9.019303,9.4695215
11.478014,11.266406
13.527843,13.383546
11.934165,11.996847
9.475294,9.942963
11.966239,11.956218
11.499601,10.962032
11.667302,11.678371
12.683853,12.575235
11.285917,11.089637
8.923394,8.579961
9.07864,8.853589
11.789241,11.997237
11.893907,11.658715
13.3069515,13.29046
10.55667,10.246501
10.14223,9.365915
13.634206,13.552841
12.534539,12.470453
9.937179,9.154718
11.672575,11.701979
12.955794,12.72843
10.718959,10.359236
8.729588,8.8743925
13.022092,13.043653
10.4453745,10.070051
8.372524,8.371387
9.73431,9.026676
12.51119,12.697038
11.480621,11.41584
11.618521,11.706619
13.862681,13.833059
12.912418,12.774993
10.7527,10.180846
10.16399,9.860562
11.648194,11.797834
10.576661,10.2864065
12.154252,12.141864
8.867616,8.544038
11.891609,11.993928
12.989773,12.95278
9.162458,9.739903
10.855085,10.4192915
11.763238,11.627037
9.380959,8.958631
9.391968,10.018153
10.615805,10.42635
13.183124,13.179341
7.7994156,8.243376
8.8912735,9.033286
10.222145,9.846154
9.009061,9.235311
9.543488,9.001526
11.321558,11.410821
12.690457,12.701192
10.598564,10.389705
9.597519,9.068936
10.529908,9.958266
9.509893,9.929873
13.398234,13.423641
9.720402,9.477753
8.241656,8.5021925
13.132702,13.209355
10.991242,10.693938
12.125143,12.199492
8.808967,8.514562
9.651222,9.390452
10.954703,10.656414
12.271393,12.299228
11.155741,10.825336
12.142586,12.203294
13.181715,13.228826
9.963082,10.361075
10.4130945,9.868835
10.631426,10.479318
11.476505,11.213861
13.089188,13.076428
13.504353,13.594313
10.601047,10.817113
11.387859,10.995372
10.014102,9.599029
11.945338,12.023076
13.583497,13.599204
12.7882,12.876863
13.641569,13.533544
11.801442,11.70492
7.929827,8.529403
13.11965,13.141515
8.654548,9.0612755
9.978431,9.666173
9.577961,10.166445
10.403204,9.899609
10.978318,10.541723
12.237335,12.004045
10.011707,9.7736845
10.876439,10.295507
12.122345,12.353426
11.848033,11.892227
8.545847,8.71663
12.375512,12.328957
9.247787,9.573467
11.777933,11.974126
9.607108,9.075658
12.119031,11.620602
10.290059,10.15136
9.622563,10.159085
10.227594,9.823298
9.901785,10.442217
9.093521,9.455924
11.763923,11.786682
13.494987,13.42189
10.418739,9.97149
12.4554,12.610221
9.97973,9.222532
10.4508915,10.322245
12.329732,12.289773
8.905325,8.495777
13.922222,13.621205
10.763908,10.217038
14.118276,14.319657
10.92267,10.301532
12.4118395,12.353732
11.528846,11.272498
11.559197,11.373492
10.616094,10.5452385
11.216916,11.206122
12.9416,13.238189
12.809227,12.674216
9.160384,9.601974
8.3326235,8.577256
13.376979,13.420848
12.555696,12.511309
11.792757,11.32598
9.569715,9.764936
8.634275,9.133416
13.543245,13.516624
13.448397,13.431275
10.429856,10.13967
10.032313,9.666135
11.357921,11.177139
12.782132,12.6473
10.415124,10.119067
12.12578,12.040903
10.836701,10.337808
11.32733,11.605406
10.597649,10.032906
9.179341,9.409621
13.093718,13.080875
11.316882,11.202197
9.622372,8.991781
11.359615,11.048202
11.615836,11.541967
9.489202,9.973245
8.841104,9.30942
13.711216,13.774497
10.470856,10.35669
12.8689375,13.002852
10.850556,10.514283
9.704692,9.530819
11.62154,11.395187
11.434093,11.107148
8.784136,9.362863
9.560595,9.9038315
10.432849,10.08257
11.150917,11.012217
10.885541,11.190869
13.070997,13.069837
9.831448,9.144106
9.129544,8.424861
9.669999,9.483794
11.838536,11.905085
12.494018,12.37996
13.831884,13.930944
12.461466,12.573252
12.72797,12.846143
10.921429,10.467153
13.906905,14.033939
12.710936,12.798152
9.761325,9.518471
11.40349,11.161927
9.923258,9.70742
13.680786,13.627608
12.523263,12.670293
10.871177,10.855134
8.873972,9.232939
10.442216,10.165881
10.533393,10.184755
12.047381,12.169288
12.303154,12.309246
11.844069,11.88071
12.963725,12.8506155
11.927654,11.99674
12.772972,12.724081
12.770419,12.556196
13.173018,13.132026
11.71341,11.906271
9.060167,9.456203
12.559346,12.583734
10.934673,10.78862
9.908709,9.60806
12.829121,12.648659
11.566948,11.288394
13.410365,13.563526
10.939774,10.64447
12.284057,12.284571
9.531049,9.845934
9.718695,9.686822
10.97936,10.924163
10.81245,10.835489
9.54073,10.003489
9.828008,9.278243
8.7442045,9.063241
11.808541,11.8723955
9.3747015,8.498357
10.6849985,10.64306
11.364715,11.396353
12.47392,12.46003
9.0208025,8.534011
11.552546,11.421393
9.849553,9.288435
12.6018715,12.579745
13.650638,13.720075
13.273029,13.384502
11.766286,11.960438
12.592276,12.59941
10.388307,10.452177
9.524191,8.904464
12.263181,12.002976
10.587508,10.737834
10.315395,9.632663
11.171759,11.308169
12.652762,12.566621
10.999766,10.787371
11.444993,11.260611
10.3388815,10.166249
11.316705,11.099351
11.501683,10.941907
11.6129675,11.411322
12.754484,12.764371
13.341285,13.282711
13.676013,13.610177
9.55628,9.638718
11.928253,11.889352
12.952179,12.840834
11.883806,11.654244
8.817059,8.947006
12.820286,12.823056
9.806771,9.1992
10.315426,9.992816
12.730264,12.917384
12.899365,12.739678
10.313053,10.439347
9.396039,9.715442
13.792373,13.74664
12.440848,12.338574
13.337757,13.266345
10.551666,10.411793
11.341261,11.151788
11.171873,11.310274
12.697062,12.674527
13.142187,13.039347
11.775964,11.73951
11.564117,11.578474
8.663204,9.289103
11.477065,11.519225
11.588801,11.639284
10.353986,10.3413515
13.160438,13.165245
8.535667,9.000225
9.402998,9.171007
13.644613,13.6997
9.211226,9.874306
13.287981,13.371606
10.421812,9.933636
7.253344,7.6475153
10.839617,10.42971
8.240078,8.610391
10.038335,9.959155
12.489225,12.329537
11.647392,11.529408
9.849687,9.644614
11.907218,11.8457365
8.798467,8.871304
12.672368,12.801729
10.71301,9.970171
12.598052,12.682086
9.464807,8.757073
8.688187,8.940976
9.456782,9.600976
9.136738,8.88479
13.027912,13.116641
10.301139,10.18766
10.458279,10.231937
11.1929655,11.3377
9.907983,9.953309
11.517152,11.290198
13.642375,13.61989
9.44963,9.921547
10.84347,10.748274
10.670847,10.547506
12.771355,12.724702
9.615915,8.985533
10.252759,10.419129
13.218826,13.266025
10.4175005,10.13051
12.163735,12.125925
9.158458,9.496482
12.687028,12.500601
13.916449,13.889535
11.768109,11.893576
11.000242,10.88972
12.902458,12.832059
12.618779,12.535932
12.7607765,12.938212
11.872883,11.717524
13.349088,13.166812
12.467494,12.387394
8.857866,9.352972
11.894889,11.86507
13.471635,13.534307
9.767533,9.392633
12.054154,12.071248
13.71846,13.821309
10.112503,9.605224
9.97441,10.19256
12.373056,12.551157
10.978126,11.0541315
9.086543,9.406084
12.059867,12.083243
8.778059,8.858664
12.753453,12.665796
8.179674,8.457019
9.45029,9.662632
11.525802,11.542877
10.674467,10.272146
11.101854,11.310494
10.394985,9.778966
9.367575,9.925475
12.351869,12.294724
8.720484,8.269996
13.608259,13.663973
12.128602,12.221111
9.6375,10.019629
10.685168,10.207847
11.435815,11.286883
12.051829,12.151656
9.25911,9.6414795
11.485459,11.004889
12.27942,12.260366
12.5498085,12.596501
10.39725,9.907508
11.612644,11.732257
7.551018,7.9890447
9.216619,9.397827
12.7471695,12.5883
12.588317,12.634222
11.701811,11.16839
10.572953,10.431247
8.956432,9.181702
9.148616,9.544951
7.6625695,8.050653
8.368484,7.942949
13.533934,13.699567
11.489168,11.370379
9.935679,10.405032
9.685212,10.067187
11.027779,10.735077
8.979778,8.259971
13.511484,13.5137
10.286877,10.155495
12.91523,12.753093
9.839016,9.687619
9.981705,9.74735
13.346838,13.43859
11.484731,11.588567
12.186002,12.131259
11.320482,11.590014
11.107223,11.217703
10.623137,10.536994
10.617347,10.140309
11.390011,11.224526
13.555427,13.768901
13.668552,13.549266
11.943987,11.80741
11.1125345,10.92932
8.882916,9.265762
12.188522,12.061527
12.595016,12.501661
10.455862,9.930487
9.603748,10.01434
10.161416,9.645862
14.209124,14.430503
12.284465,12.163249
7.8988934,8.051857
10.424132,9.8985195
11.036274,10.679652
12.405738,12.477342
13.730055,13.490933
8.670077,9.191797
12.217357,12.037572
9.589152,9.047376
12.486435,12.648027
9.863203,9.548112
13.370363,13.522275
9.723795,8.991191
13.87109,13.601181
12.096934,12.211005
10.288691,10.041724
11.720097,11.757563
12.07249,11.966505
7.070407,7.396934
10.347689,10.275454
9.475901,9.924322
10.8890505,10.439386
12.746225,13.070777
9.418506,9.89711
9.784285,9.235183
11.382619,11.391215
13.982376,13.903479
11.087304,11.068262
11.174276,10.642686
10.692102,10.167529
11.983099,11.937367
11.515309,11.224655
10.038221,9.418441
9.690374,9.003732
10.653265,10.448109
11.818594,11.938612
9.561252,9.0197
12.741854,12.831918
11.749292,11.529456
12.348383,12.471531
10.937028,11.089271
9.914906,9.581133
11.070587,10.581565
10.402112,9.994585
10.688825,10.236685
9.129427,8.537981
8.068426,7.52359
8.645483,9.306839
12.539645,12.409994
10.607317,10.067829
12.542171,12.524733
10.106024,9.419633
12.914563,12.830603
9.183309,8.626924
11.906163,11.864585
8.398912,8.883165
9.2297535,9.667768
11.270479,11.223141
10.516785,10.033347
8.226282,7.6797442
9.360301,9.549851
9.499533,9.0616
10.037899,9.846994
9.6655245,10.00644
8.736072,9.139166
10.399214,9.566911
9.610741,9.929397
9.59763,10.139258
8.823576,9.152344
10.629392,10.298617
9.952008,9.512821
11.855219,11.688016
12.874774,12.9874735
10.446593,9.902481
11.924863,11.82695
10.950812,10.572712
13.388417,13.51252
8.599133,8.785162
11.088302,11.090216
12.459269,12.565519
13.424022,13.343943
11.957902,12.05119
9.452678,9.043161
10.264926,9.594242
12.835575,12.916763
13.06159,12.979985
12.676105,12.665282
8.869348,8.1659155
11.55467,11.269387
13.609564,13.556128
8.588395,9.145885
11.632699,11.578462
12.614643,12.719493
11.2151575,10.565712
11.083627,10.939451
11.718817,11.658149
12.565713,12.571222
8.951432,9.369001
8.98221,8.613891
10.38928,9.979447
11.167559,11.039582
12.47074,12.154122
8.933822,9.38567
8.26012,8.442547
9.506272,10.087215
12.385505,12.48005
13.544262,13.536132
9.501732,9.298923
9.392322,9.485787
11.136385,11.210819
10.841235,10.341673
9.404126,8.653427
8.68108,8.781082
12.01845,12.085528
10.705997,10.4693165
12.598741,12.538713
12.873356,12.870299
8.027848,8.513845
12.748128,12.754334
9.74285,9.215589
10.536131,10.218428
13.464832,13.488854
9.828932,10.19552
12.159748,12.159745
8.934457,9.153952
8.963774,9.234887
12.984091,12.930408
12.938774,12.789033
13.585732,13.686143
12.28661,12.22243
10.191057,9.795642
13.079407,13.104851
8.8209095,9.075506
12.134604,12.363223
10.763335,10.129746
10.333731,9.723429
11.039748,11.011653
11.671765,11.539372
10.5251875,10.248661
9.621958,9.994704
9.657045,8.693028
12.347871,12.130202
13.122215,13.01274
13.717061,13.709147
11.071581,10.738692
10.367668,9.696616
12.631794,12.516984
10.256489,9.6693535
11.445211,11.279246
10.452891,10.244057
12.446907,12.467615
13.812532,13.841453
13.581867,13.557731
12.210186,12.261121
11.928786,12.042445
10.169511,9.599461
12.998003,12.857558
11.438762,11.383106
11.631593,11.641039
11.602061,11.578463
10.532077,10.054565
9.458444,9.829344
13.008003,13.126334
10.231698,9.495264
11.168796,11.102258
10.474333,10.12395
8.380535,8.631937
9.30905,9.371819
11.65418,11.687654
12.325547,12.330683
13.952599,13.858126
13.391098,13.490864
10.403539,10.484036
10.157378,10.201564
9.699546,10.25245
10.042463,9.577919
13.503708,13.570216
9.569712,10.022196
8.66985,8.981226
10.824153,10.791978
13.481531,13.603557
9.394761,9.790231
12.536033,12.520377
9.580737,9.99035
11.914646,11.8888855
10.480834,9.954669
9.242249,8.744411
12.269562,12.212431
11.801825,11.904629
13.151914,13.36517
9.6405735,9.02298
9.737194,9.829753
9.480981,10.001845
13.082216,12.947539
12.489722,12.413817
12.300242,12.426809
7.817827,8.270444
13.370346,13.434402
10.818132,10.555674
12.147541,12.181857
9.621772,9.88213
10.313248,9.928041
10.470653,10.025034
11.461788,11.16543
12.845363,13.029014
12.880917,13.074201
11.419535,11.151986
8.347896,8.213654
11.971019,11.762836
10.752342,10.363459
9.419254,9.281615
12.15525,12.289149
10.76719,10.636745
11.843049,11.822782
11.387203,11.262018
11.057307,10.834807
12.039497,11.984899
13.9664135,13.908191
13.4380665,13.393064
12.148893,12.197557
10.526254,10.040346
9.577102,9.870044
10.799558,10.7836
10.555733,10.482884
8.110602,7.5856295
8.254337,7.60338
9.702124,9.048941
13.294596,13.388567
10.816649,10.618513
10.83423,10.655827
7.8139405,8.14996
12.8468685,12.733166
12.155203,12.15234
9.3896055,9.108634
12.739702,12.612206
12.983003,12.837175
11.28246,11.024124
9.157349,8.89156
10.918413,11.028902
9.620211,9.790047
13.633314,13.624305
9.14227,8.486162
13.065112,13.111244
13.87357,13.820309
12.321257,12.366349
11.118373,11.400112
8.715306,9.0845785
13.58028,13.556442
13.041042,13.046868
12.528696,12.48622
12.479712,12.545401
9.902674,9.457416
13.611848,13.514632
12.005521,11.96591
9.775919,9.483953
11.148353,10.707219
8.764065,9.217248
11.643488,11.667063
10.471764,10.475093
8.509402,8.733254
11.622184,11.288307
9.668185,10.088889
12.455861,12.420678
9.514634,9.028777
13.650689,13.659204
10.782577,10.409768
10.48349,9.680712
10.767381,10.555119
13.932275,14.172964
11.477115,11.262024
8.660626,9.139369
12.321144,12.467063
12.5481205,12.535146
9.17355,9.243951
12.484552,12.335578
9.171048,9.737162
13.149331,12.875064
10.810404,10.820828
9.730243,9.091151
10.334819,9.960514
11.55359,11.465072
8.952845,8.459964
13.217842,13.337036
11.462371,11.250131
12.731125,12.702746
11.755758,11.383708
9.19574,9.56846
13.977996,13.969275
12.876049,12.802658
9.044901,9.230993
9.26455,9.736391
12.035756,11.424397
8.882298,9.02401
11.487682,11.446744
11.914268,11.890705
12.414105,12.489162
12.351423,12.413403
6.4382296,6.7121353
10.430907,10.364375
9.846734,9.385786
10.429695,10.172199
10.601808,10.394254
10.502937,10.258961
7.752737,7.1953707
8.723686,9.209686
10.999924,11.0071945
10.297675,9.872458
9.450588,9.92254
13.25903,13.239426
12.24201,12.105924
10.722663,10.35925
12.066077,12.059473
10.841382,10.258305
10.219296,9.683969
9.588844,8.837675
12.644661,12.578153
10.548183,10.742533
10.359707,9.949436
10.116743,9.980345
9.937579,10.097518
12.57983,12.5722475
13.596071,13.663972
9.447981,9.298747
9.004733,9.439296
10.174748,9.863463
8.102985,7.514657
12.601998,12.621679
10.376062,10.188352
11.433386,10.81066
12.924377,13.052761
13.810506,13.796429
11.9946995,12.0791025
8.628567,8.914928
12.153691,12.319658
12.425591,12.434137
9.686873,8.907201
10.758421,10.086493
13.05248,12.891303
13.93626,13.926011
10.591176,10.240597
9.263425,8.832966
10.951282,10.6502905
11.799734,11.76109
9.035831,8.789984
12.183802,12.335363
12.937756,12.666425
11.723241,11.796514
11.555427,10.891924
8.596782,8.8175335
8.693828,8.755925
11.7828045,11.830192
9.591332,10.130827
10.370193,10.344331
12.5563135,12.568127
10.075909,9.499359
13.30908,13.439618
12.631966,12.597378
10.916655,10.566385
13.3725395,13.343312
13.862681,13.839099
12.059509,11.653354
10.915211,10.844937
9.488473,8.61374
11.174429,11.078617
12.241717,12.228273
13.404243,13.262896
13.792221,13.853089
9.749383,9.018586
13.545082,13.744112
11.560518,11.571826
10.114868,10.080942
12.579733,12.74238
10.341981,9.773652
13.418353,13.371324
10.801003,11.028537
11.973282,12.197351
10.141182,9.834441
10.628486,10.493222
10.924553,10.737666
13.281162,13.432888
12.6414795,12.56599
10.183678,10.384312
12.986808,13.207998
12.356255,12.0763
8.918995,9.215494
9.522018,8.966488
8.849679,9.260353
10.427445,10.621396
12.677516,12.795639
10.526907,9.935366
7.6439977,7.9118547
13.40609,13.550089
10.400394,9.918551
9.85082,10.46078
12.992915,12.999756
10.254023,10.46632
12.606681,12.544106
7.9057775,8.368431
9.792554,10.01558
12.848001,12.767645
12.514142,12.45261
12.50721,12.605391
10.528294,10.178446
11.153983,10.880637
12.398727,12.519664
12.564424,12.60143
12.695687,12.74241
10.905177,10.81042
12.6045,12.656628
12.113357,12.075666
13.484393,13.484063
13.759539,13.729175
11.999336,12.173982
11.903442,12.068351
12.487914,12.608033
14.118062,13.904363
12.255485,11.990818
11.574388,11.775826
13.5374775,13.8465395
11.312399,11.526648
12.4959755,12.594342
10.510373,10.057043
11.837752,11.8947
12.609208,12.677458
13.169517,13.23399
11.127512,11.093859
9.432391,10.017223
10.117217,9.586904
13.594437,13.72043
9.624244,9.6962185
12.982807,13.005829
9.469873,9.782241
13.491792,13.544305
11.504947,11.467416
11.617009,11.205377
11.600971,11.81297
10.982296,11.021531
13.285033,13.278964
9.957691,9.754973
9.530509,9.887627
13.310795,13.325876
10.590611,10.377407
10.460648,9.984996
11.0173435,10.886379
9.64497,9.425584
12.942783,12.934197
11.361446,11.111446
9.455075,9.8584
8.919987,8.87819
8.84892,9.226001
11.16377,11.3529
12.513768,12.544934
11.629278,11.383296
9.765485,10.082784
10.649371,10.462726
13.654092,13.692056
11.068882,11.390136
9.616452,9.479753
9.33355,9.930389
9.696222,9.173323
12.486781,12.441008
12.900337,13.195497
13.849372,14.35981
10.2154665,9.339266
12.742867,12.788693
8.142795,8.289818
12.569481,12.634103
10.869228,11.119676
9.595079,10.007217
9.938794,9.705772
10.502554,10.113751
12.154022,11.976678
7.8993607,8.047558
11.110146,11.046603
12.21574,12.36522
10.411231,9.675638
13.208676,13.099489
13.565338,13.682454
13.612728,13.584689
12.315024,12.261811
11.218568,11.321797
9.590731,8.797769
12.890914,12.850122
9.384625,9.625876
8.789228,9.2210045
13.55117,13.631128
10.4218855,10.017286
10.404826,9.751042
12.703979,12.749202
13.501329,13.477028
11.657681,11.576396
9.321883,9.860404
10.110262,9.911002
9.884934,10.283414
9.262179,9.079383
11.153744,10.884679
11.733237,11.735242
10.189862,9.386594
12.654572,12.620263
9.761223,9.299854
11.762886,11.859614
9.199299,8.840254
9.867883,9.538915
12.575521,12.642192
14.035822,14.034618
7.98779,8.488809
12.1427145,12.281813
9.686287,9.166705
10.888199,10.333739
11.437957,11.152558
11.696622,11.275744
11.235344,11.019988
12.297312,12.455742
11.744914,10.014523
13.430626,13.844402
13.446518,13.338936
12.629581,12.679452
8.478934,8.892616
8.350709,8.514171
13.550808,13.615297
13.462835,13.57462
9.824103,9.4243965
11.133459,10.8282585
11.358884,11.581737
9.778117,8.982374
9.590178,9.03506
13.597652,13.691497
9.474803,9.859229
9.258653,9.316762
11.432494,11.238012
10.394086,9.95165
9.15406,9.446261
12.013043,11.820721
13.148041,13.138863
10.317188,9.991716
11.035949,11.279118
12.30216,12.324102
13.507879,13.541869
12.351125,12.283023
13.80918,13.864668
13.915933,13.992507
10.693183,10.396729
12.671476,12.655066
12.696103,12.801202
13.391405,13.374053
12.27249,12.305929
8.983944,9.302193
13.006686,12.978941
9.677522,9.904652
13.2962,13.370782
11.419288,11.774819
14.035575,14.09138
11.675654,11.405559
13.66609,13.720697
7.1215143,6.8377037
10.383862,10.230371
12.084487,12.070597
12.875507,13.269375
13.380366,13.32234
8.624286,8.323984
10.500311,10.073079
11.350398,11.240198
11.89962,12.0506735
9.395353,9.674718
8.302788,8.7161045
12.65844,12.683767
12.7491045,12.864998
10.846404,10.670557
12.998649,12.884482
12.073302,12.159003
13.766523,13.727476
12.999523,12.97542
12.534855,12.694185
13.144354,13.097719
12.871754,12.924846
13.267108,13.319083
11.620794,11.4430275
12.225892,12.366158
9.749193,10.244866
11.824501,11.808504
12.67948,12.7143955
13.116078,12.993412
13.628843,13.73321
10.612506,10.644655
10.13406,9.5853195
9.805594,10.287574
11.040015,11.226064
9.981903,9.801907
11.977624,11.851665
10.569144,10.13381
13.424865,13.451383
12.85407,12.747886
12.688414,12.950536
12.390338,12.455518
13.52074,13.634173
10.068407,9.379542
9.5413065,10.016131
12.111596,12.131015
13.505382,13.381765
11.047414,11.055823
9.249555,9.95202
9.4131365,9.767766
11.888106,11.665942
8.917884,9.396522
11.104909,11.216716
10.08498,9.661674
10.768094,10.692811
9.837611,9.766659
12.559315,12.513154
12.651401,12.609059
12.269273,12.271081
11.624453,11.717321
13.549997,13.505781
10.697982,10.797618
12.632996,12.700981
12.611313,12.650609
10.2231455,10.07091
9.654499,9.300916
12.416117,12.419427
11.533155,11.400582
9.565637,9.737396
10.115206,9.759163
11.147941,10.967453
10.516246,10.081016
11.115771,10.964422
9.489637,9.107539
11.201077,10.656087
13.176288,13.1814
11.653926,11.458529
10.042126,9.768536
9.286471,9.896363
12.75613,12.631899
13.3864,13.468419
10.2899685,9.942363
9.570049,9.331885
12.844969,12.9372425
8.900767,9.215125
12.050251,11.8210535
10.377441,10.386528
13.395885,13.362259
11.4316845,11.376035
9.349054,9.958071
13.174457,13.19428
9.52817,10.064334
11.593706,11.588323
12.455703,12.494186
11.8050375,11.564992
11.977066,11.956127
9.843886,9.210313
12.493532,12.561166
9.61913,9.1587715
12.680601,12.5418625
8.696802,8.935659
12.036171,12.073349
11.590482,11.414034
12.858427,12.856789
12.040475,11.839135
8.840161,9.104436
10.985589,10.972891
10.518171,9.736647
9.312176,9.9041195
7.610127,7.7681866
9.874394,9.392633
10.272227,9.536597
7.2591505,6.781598
11.838425,11.774108
13.467838,13.506095
13.6638,13.569813
11.595897,11.5114975
12.96142,12.857407
8.717503,8.936668
7.761169,8.058393
9.96898,9.376269
13.290682,13.269578
10.697281,10.5117855
10.353281,10.805567
9.724385,9.346278
11.837316,11.712101
11.139868,10.934338
9.670791,9.070789
11.419351,11.256417
12.364226,12.422027
8.892627,8.499039
13.491326,13.463044
11.684599,11.425195
10.476417,10.056152
11.997108,11.98455
12.415063,12.571778
10.443106,10.082666
13.412245,13.548514
12.021161,12.115082
10.850707,10.698344
11.12233,11.282744
12.2685585,12.123432
13.629238,13.738403
9.069047,9.02053
13.732948,13.626931
9.292766,9.865393
13.480905,13.437065
8.397411,8.393962
11.616044,11.581425
13.049034,13.138731
10.655929,10.132708
10.689474,10.315776
12.42113,12.435657
12.223027,12.226355
9.660349,9.562787
10.087679,9.602236
9.446444,9.777619
12.809835,12.826935
13.2435465,13.288327
13.093807,12.993015
13.260689,13.131633
13.954872,13.950275
12.444158,12.455026
8.862129,9.420238
8.606578,8.959467
9.83334,9.57941
10.784151,10.929455
10.299463,9.949197
13.167586,12.96732
12.830648,12.781695
10.0899105,9.711587
10.688092,10.496633
11.482704,11.352818
11.174084,11.250787
9.528564,10.092285
10.5330305,10.265992
13.550947,13.425694
11.049797,10.81987
8.612318,7.9133487
9.204513,9.623136
10.034547,10.530373
11.688918,11.846595
10.278208,9.840186
13.503045,13.402805
10.621881,10.188451
11.571901,11.027567
10.072425,9.261764
9.992499,9.481407
8.535963,9.085156
10.814612,10.674059
7.8595357,8.47567
12.319056,12.363028
10.543802,10.18495
11.815739,11.956459
10.448157,9.4317
11.242718,11.332529
12.4516,12.447014
8.671448,8.0009365
11.117229,10.901135
12.574427,12.386802
13.953136,13.862521
12.765898,12.92367
12.448892,12.529071
10.885199,10.411815
13.4061,13.443862
13.449875,13.329265
7.935487,8.262864
12.769898,12.810913
13.515434,13.628062
9.167049,8.822502
9.979725,10.060941
9.141146,8.53668
8.619417,9.354931
11.506535,11.416947
8.087481,8.415034
11.836765,11.842813
10.879873,10.523818
9.439579,9.633305
9.14019,9.438311
8.93714,8.561802
9.56666,9.928533
13.914187,13.842548
8.349825,8.722251
10.435752,9.679126
11.754408,11.663635
11.857582,11.747068
11.614765,11.689976
12.617837,12.599379
9.83622,9.242043
13.373333,13.3777075
10.775964,9.998013
11.029843,11.008946
12.302691,12.315466
11.091381,10.895696
11.190514,11.120007
12.2026005,12.205044
8.954164,9.278583
13.437451,13.519833
13.374317,13.484332
13.9419775,13.721398
10.173358,9.637128
12.754428,12.687955
11.511956,11.578621
12.805102,12.683572
8.255399,8.774767
13.41427,13.253306
12.736268,12.989766
10.351106,9.891975
13.349717,13.352654
8.317592,8.252934
11.792527,11.875722
13.520863,13.571521
7.2593527,7.7101073
12.497844,12.499896
11.399752,11.073017
9.421056,9.868786
9.993776,9.558838
11.216091,10.837307
11.622417,11.487739
13.389524,13.46604
13.51063,13.513621
8.180203,8.513166
10.86212,10.471968
11.8046665,11.777848
8.378527,8.369038
9.839918,10.3997555
13.528252,13.546738
12.562769,12.588036
9.721638,10.364824
9.768101,9.161512
8.352088,8.77358
10.688239,10.61887
13.410958,13.532652
11.695557,11.782567
10.722257,10.47526
11.229347,11.024779
12.540694,12.388189
10.936323,10.623695
9.888669,9.273107
11.665979,11.5200205
13.574826,13.601924
9.003033,8.616885
9.83773,10.263023
13.62352,13.615194
13.372741,13.356904
12.570197,12.61856
9.680507,9.199091
13.982567,14.053644
12.637482,12.576273
13.6337185,13.558717
13.071553,13.179101
11.000079,10.553273
10.966657,10.601661
11.885223,11.898748
12.988704,12.855134
9.249441,8.744585
7.7212434,8.135632
11.443982,11.309439
9.624068,9.685986
12.855655,12.906294
13.623276,13.570964
9.535355,9.384416
10.783798,10.704868
12.042604,12.038224
9.397361,9.869227
11.1362295,11.067973
12.001282,12.011154
12.009721,11.921056
13.057285,13.071839
11.724856,11.465981
12.88332,12.960745
13.434181,13.424876
9.339438,9.628324
13.374165,13.441592
11.547869,11.450589
13.218292,13.352252
9.739545,8.905704
7.9358673,8.434068
11.5804,11.63355
9.438029,9.827889
10.026184,9.762183
13.090839,13.376708
10.520541,10.27927
10.518171,10.8622875
10.566321,10.273204
11.841344,11.786645
9.975277,9.726455
9.268786,9.187326
14.2065,14.05436
12.9551735,12.915443
9.59243,9.291362
12.826029,12.812239
9.639299,9.727579
12.429015,12.335996
9.844235,9.537684
10.358551,9.645551
10.928609,10.896183
13.354876,13.295474
8.902743,9.161235
12.392145,12.253939
12.904241,12.918035
13.611622,13.519214
11.377387,11.310302
9.77622,9.185088
13.871219,13.574066
10.185476,9.758729
9.306581,9.77039
12.146255,12.069668
9.985321,9.677131
13.379725,13.347458
11.949124,11.914297
9.480364,9.018469
11.565725,11.579129
11.853095,11.745487
11.121208,11.379375
7.799753,8.200878
9.47264,8.964002
9.087064,8.481803
13.156757,13.110937
13.175412,13.06153
9.635595,10.063338
11.308702,11.394159
9.902775,9.459264
8.690821,8.883386
11.664647,11.632148
9.801467,10.119261
10.929866,10.556424
10.468849,9.92503
12.795646,12.7924
12.348677,12.362067
10.881269,10.760298
9.042594,9.648591
9.631599,9.28616
11.535587,11.311195
11.628579,11.636183
13.882,13.717007
11.609859,11.542811
12.2888,12.315798
13.663402,13.386805
13.895187,13.868559
11.222183,11.09123
13.278855,13.258579
12.916438,12.959934
10.188662,9.829838
12.380323,12.457218
13.373802,13.269829
12.148698,11.890092
10.940351,10.794003
8.656375,8.825566
12.832151,12.547618
11.9054165,11.461587
9.454936,9.816854
9.690206,9.2897835
12.992888,13.246166
8.1575985,7.7728477
9.691606,9.010923
11.95139,11.974837
13.552476,13.669708
9.457618,9.762631
10.104015,10.083012
13.754291,13.824838
13.561245,13.52809
13.280137,13.542376
9.347874,9.421508
8.850241,9.178383
14.089898,14.080649
9.92467,9.351274
9.418488,9.519082
11.874124,11.762464
9.473851,9.749723
9.929458,9.528419
12.222637,12.215888
8.320243,8.746435
12.151036,12.035092
12.38263,12.4438505
13.00439,13.152069
10.499457,9.931382
8.937199,9.1617565
12.735351,12.788903
10.579097,10.092023
8.50348,8.27415
11.901632,11.556334
13.229511,13.145822
12.65881,12.828101
13.418066,13.505182
9.306097,9.291304
10.644809,10.562679
13.6872225,13.747187
9.789476,9.351909
11.847541,11.852521
11.086797,11.49969
9.747519,9.22173
10.67359,10.40698
13.383758,13.515627
13.625325,13.577041
11.232213,11.046336
9.110513,8.91415
13.049946,13.065645
9.1730585,9.228522
13.617993,13.543311
14.3529825,14.193476
11.268181,11.02257
9.053034,9.298159
11.896308,11.876537
11.932534,11.751532
13.581566,13.574644
10.208029,9.925135
13.633435,13.7235
10.693976,10.959498
13.368668,13.417717
11.517605,11.253436
9.12164,9.397948
8.055144,8.383189
10.90896,10.971059
9.307743,8.709936
12.4465065,12.563184
11.687218,11.638539
10.442844,9.771488
9.889548,9.638426
9.413196,9.873582
10.171918,10.038165
10.82128,10.460721
12.005291,11.904898
13.658254,13.8033905
13.13231,13.233449
12.665466,12.570885
8.604528,8.939101
12.150148,12.168539
11.847781,11.77884
9.0577545,9.543509
11.67831,11.431134
11.393242,11.248627
8.440176,8.134223
9.6219635,9.156029
13.891161,13.806326
13.563008,13.444618
8.261613,8.787936
8.898149,9.30934
9.601218,9.48473
9.610202,10.099916
9.721346,9.217951
9.026917,8.557163
13.623815,13.657936
10.02968,9.436187
11.477265,11.217713
12.13426,12.117056
9.518005,9.202845
9.544173,9.998256
13.475117,13.449054
12.860338,12.828144
10.931441,10.861856
12.671242,12.50394
9.868984,9.5155
12.807738,12.851988
12.916238,12.847459
10.85798,10.700559
9.145679,9.525013
10.596016,9.834606
13.367531,13.41748
9.940162,9.51941
11.317259,11.604724
10.1792,9.927592
12.342992,12.229077
9.144147,9.328522
11.84386,11.860125
8.521487,8.768918
12.665716,12.511124
13.696432,13.755199
12.453375,12.33287
9.386808,9.51449
9.775142,9.880089
12.279984,12.285195
11.250696,10.748831
11.801415,12.126504
12.500187,12.3559885
11.940938,11.763928
13.393927,13.416383
11.870883,11.801451
10.203778,9.64838
9.4535475,8.884766
11.753876,11.829373
9.070317,9.569046
13.67328,13.569462
11.44183,11.375403
9.408236,8.855689
9.311596,9.790063
12.361535,12.422671
9.609616,9.877239
10.473989,9.917848
12.417956,12.445522
12.49678,12.618216
7.4195676,7.6503654
11.888881,11.923157
13.602624,13.653253
8.7445965,8.896884
9.49804,9.440603
12.877408,12.741434
9.633153,8.960948
9.446979,9.734411
10.655581,10.235667
10.01083,9.631351
10.52194,10.321097
11.065371,10.458086
10.930954,11.086244
11.988215,11.907001
10.345018,10.363036
9.486601,8.928218
9.119591,9.454087
12.030246,12.181019
13.686307,13.68221
12.517467,12.207311
10.646396,10.379019
8.895379,9.640057
11.933226,11.97992
12.34257,12.317598
8.763639,8.46472
12.419033,12.395753
11.432727,11.417152
11.580016,11.337737
11.615451,11.475787
13.585574,13.582409
11.277997,11.330271
8.54021,8.880018
11.014111,10.86398
12.915154,12.965566
9.685451,9.2444725
13.714103,13.740838
11.402676,11.495501
9.28095,9.493958
11.063342,10.560759
9.7985735,9.273511
12.065831,12.378961
8.435781,7.978881
11.544543,11.446836
9.631507,9.436032
11.906115,11.868529
12.670672,12.606077
10.04736,10.495247
10.234249,9.68325
10.577746,10.192336
9.865663,9.343045
9.563208,9.834996
10.732005,10.450371
11.842827,11.727331
13.641753,13.621949
11.600767,11.512514
12.111028,12.309567
11.235345,11.039454
10.078232,10.3209095
8.343834,8.8785925
12.153867,12.328139
8.615624,8.853297
9.175116,8.91784
12.77097,12.692533
8.219243,8.584327
7.152057,7.4946966
12.480929,12.439349
11.722563,11.712353
11.660715,11.645824
11.670593,11.721511
9.065043,9.547427
11.555885,11.731817
12.590411,12.58251
7.082165,7.5977235
9.548548,9.864096
10.347486,10.152231
12.847555,12.791951
12.704087,12.514272
8.810659,8.279508
12.984053,13.09129
9.479796,9.968558
9.036825,8.652585
12.416258,12.323866
13.500873,13.487312
9.279515,9.041869
11.435113,11.167507
9.556616,8.958634
10.408077,9.963415
12.617296,12.682036
12.507043,12.613653
14.206473,14.047135
12.3947525,12.575957
12.293065,12.30499
12.184646,12.16578
12.826452,12.8337755
9.509467,9.859893
10.762993,10.65539
10.24129,10.773585
11.018006,10.915786
9.1385355,9.38392
10.516673,10.375653
12.887718,12.884154
9.354377,9.77431
12.768006,12.644964
11.241166,11.27377
9.876861,9.140701
9.409692,9.562262
7.904044,8.375923
10.114584,9.792868
11.626367,11.538488
8.389417,8.986803
10.522027,10.116447
12.659227,12.521939
10.11221,9.988801
9.996584,9.601542
9.225887,8.91307
10.401795,10.294295
11.9380045,11.8006315
10.701453,10.395568
8.688728,8.87688
12.394975,12.4115505
11.598416,11.27381
13.696364,13.612505
13.384892,13.4188385
11.847519,11.769338
12.793299,12.877899
9.357353,9.783081
12.770902,12.563808
9.562112,9.876894
10.235416,9.896797
11.576077,11.477051
13.19895,13.478862
11.690784,11.305776
9.153332,9.639071
9.915095,9.598351
8.857535,9.2330675
8.0244055,8.423628
10.839103,10.9097595
8.402689,8.4977
9.767432,9.731117
12.086955,12.070191
13.016452,13.19153
9.029291,9.378642
9.930824,9.824202
12.768609,12.641552
9.474174,9.799565
8.826478,9.146357
8.839559,9.045109
11.180442,10.967849
8.354866,8.695998
13.777464,13.818805
10.6086855,10.026817
9.446171,9.775653
12.0855055,12.118571
9.095921,9.482631
8.450587,8.923238
9.090235,9.4410515
9.561517,9.820891
8.078961,7.7114406
10.08602,9.820714
12.279857,12.570188
10.1619215,10.458065
10.458845,9.931251
12.280217,12.509885
13.5050125,13.531117
11.006633,10.60332
11.619073,11.549742
13.45042,13.4717
12.399555,12.444652
10.571452,9.820571
9.224989,9.517956
11.123226,11.0249195
12.080593,12.165082
9.631263,9.250508
10.633381,10.6720495
10.685606,10.4178915
10.4651165,10.064794
12.112154,11.809225
9.496878,9.7922945
12.710041,12.587698
10.056007,9.795163
10.802247,9.571543
12.520033,12.483101
13.085847,13.14984
10.741566,10.905738
9.619039,10.004236
13.593704,12.843885
11.859013,12.126758
12.976439,12.902788
11.574233,11.365912
11.262528,10.87541
10.630062,10.19474
9.394406,9.766973
9.60142,9.707379
9.130644,9.56547
8.19087,8.497131
11.189149,11.329202
11.194316,11.044299
12.209973,12.176741
11.404464,11.230425
12.822048,12.631605
10.945179,10.938393
10.4068985,10.087681
10.475542,10.609456
13.228977,13.242462
9.575181,10.007086
12.039627,12.100511
11.9089155,11.860027
12.087908,12.09703
11.299075,11.264127
12.171104,12.459612
9.61992,9.307201
11.586504,11.849566
13.14521,13.282893
10.307768,9.994262
10.386717,10.065419
13.695846,13.859546
11.079701,11.312531
9.395674,9.78466
11.348055,11.275381
9.557998,9.880705
9.6944685,10.154514
12.943171,12.947634
11.847047,11.81574
9.9334,10.296081
9.298545,9.715538
11.401327,11.356913
9.868998,9.1753645
10.578908,10.256099
9.40777,9.735205
13.516976,13.485728
13.736305,13.766125
10.509759,10.299076
11.3448515,11.302837
9.340619,8.983781
13.935817,13.772087
10.476339,9.887202
11.805997,11.901864
13.515623,13.622334
11.860324,11.899016
11.084611,10.920093
12.172355,12.1464205
11.99669,12.011822
13.982402,13.874595
13.101466,13.149471
8.89741,9.031485
12.189394,12.320143
9.225342,9.389971
11.0921955,11.266048
10.712296,10.578965
11.8490305,11.831134
11.692105,11.771533
13.016522,12.948744
10.476522,9.909958
8.888943,9.15098
10.761253,10.146274
11.973175,11.601806
13.263338,13.193262
8.930722,8.646473
11.836717,11.645085
14.043802,14.037635
12.259434,12.133868
8.223172,9.03083
10.00156,9.761788
8.347041,8.716326
10.113053,9.635098
9.894598,9.299963
10.791619,10.781577
12.352737,12.257564
11.058253,10.899046
8.221595,8.552178
8.766651,9.03637
12.606079,12.55201
11.575618,11.243034
9.6540985,10.0049925
8.484707,9.105289
12.644693,12.645769
12.820524,13.053441
12.218209,12.186831
10.3974695,9.766102
8.699519,9.008002
12.371561,12.490789
10.9080105,10.591076
8.90041,8.205097
11.90146,11.864178
12.183501,12.290603
11.685479,11.752031
11.888058,11.662959
11.602178,11.831756
13.612257,13.604959
10.651937,10.203588
11.650054,11.646483
10.620372,10.718819
11.476281,11.311017
13.266022,13.34608
10.907981,10.622238
11.498005,11.208844
10.502201,10.527139
12.555145,12.529072
12.432164,12.495176
13.35977,13.302451
12.938654,12.738555
11.456288,11.250877
11.592293,11.566768
12.013493,12.171174
13.158852,13.420098
12.437681,12.360611
10.175796,9.491857
8.639409,8.827253
10.128141,9.736566
10.848507,10.416079
11.730073,11.703763
10.590937,10.68172
10.482911,10.31969
7.9250736,8.437365
8.903977,9.332333
7.912315,8.408665
12.022841,12.097229
11.7541,11.685015
11.427073,11.2979555
9.732784,9.102315
9.867604,10.00288
12.467218,12.5291
11.488079,11.760016
8.337293,8.854088
11.874977,11.860497
11.35674,11.198767
10.721995,10.538743
11.3479185,11.345844
9.473326,9.779896
12.929666,12.87416
13.445305,13.349617
13.0788,13.063775
9.650692,9.352142
10.868254,10.643237
12.599175,12.619418
10.424417,10.679528
9.252869,9.185935
13.570036,13.64642
11.130902,11.045428
13.335398,13.416713
13.053917,13.042086
9.582986,9.862876
9.951174,9.312658
9.438659,9.769465
10.597724,10.14821
14.007569,13.944338
12.465159,12.519738
9.591015,9.254391
9.688709,8.999369
10.003235,9.569674
8.123714,7.624873
12.588317,12.425029
9.530745,9.101547
9.878254,10.354098
8.99627,9.47497
10.928177,10.616618
12.47236,12.544517
12.632028,12.678062
12.540817,12.53302
9.215686,9.121415
10.087154,9.80746
12.0249605,12.219554
10.530654,10.200927
12.511445,12.506333
13.14587,13.380605
9.722785,9.091831
9.976663,10.105712
11.256508,11.505637
11.50085,11.523444
12.86328,12.980528
13.074751,13.118665
12.802314,12.7396345
11.827291,11.546362
9.579277,9.9932785
11.423643,11.222918
13.414279,13.2382965
11.500988,11.559677
7.8878675,8.460632
12.789759,12.657539
11.784211,11.659593
13.890393,13.923479
8.860977,9.413444
13.184598,13.323031
12.974965,12.758094
10.951781,10.718895
9.042483,9.545146
11.903242,11.971034
12.399307,12.383732
9.612757,8.728634
8.615427,9.046903
9.506581,9.702838
12.586901,12.4229555
12.865118,12.932511
10.402976,10.498261
9.1673765,9.45542
13.858747,13.920389
11.266786,11.207915
13.46118,13.441133
12.372258,12.552676
11.352101,11.909366
8.878337,9.110293
9.111533,9.560338
9.146492,9.921214
8.426556,8.574485
11.407288,11.285928
10.900081,10.937351
13.048334,13.14615
10.155302,9.688784
11.837889,11.679777
12.986877,12.9609785
13.937924,13.954244
13.827703,13.748969
11.250824,11.288517
10.592452,10.384904
12.3476715,12.541053
9.587865,9.237904
12.308876,12.302669
10.846791,10.944358
12.071957,12.140232
10.494406,10.143336
8.242863,8.670698
12.74781,12.892611
12.66664,12.655049
13.951809,13.890156
12.921096,13.1776
10.417247,9.868073
12.746474,12.902072
12.497585,12.573002
10.823115,10.908223
13.017946,13.006818
11.60193,11.395546
10.62856,10.670101
12.199201,12.200654
11.514283,11.41463
9.618323,9.96499
8.808615,9.255856
10.686978,10.507549
9.764486,10.320632
12.343179,12.365888
12.719103,12.856804
11.547497,11.353136
10.419017,9.762523
11.445455,11.286917
8.625136,9.100421
8.766333,8.838034
11.066471,11.504187
9.345685,9.75191
12.39338,12.44593
10.393829,9.723906
11.808058,11.728217
12.923639,12.864144
11.371377,10.819348
12.127979,12.084226
11.713983,11.845845
12.214184,12.211706
8.779866,8.579361
9.953433,9.760485
10.544192,10.12262
12.884403,12.855578
12.576702,12.590641
11.891552,11.924646
9.477955,10.02654
13.175279,13.180517
11.969549,12.090128
12.4265585,12.597412
10.209082,9.928208
12.098536,12.4809065
12.717084,12.752852
13.377245,13.436346
13.343418,13.285308
10.42772,10.025722
8.914294,9.469547
10.276551,10.151059
11.527994,11.347989
9.601815,9.210165
11.511442,11.430379
12.50226,12.595949
8.645791,8.895441
9.671976,9.322975
9.021563,9.030671
12.385351,12.507741
13.535716,13.638786
10.93746,10.3984995
7.501707,7.5964775
11.390538,11.510966
13.008031,13.071375
12.177433,12.267777
12.980872,13.127803
9.447621,9.937809
12.157693,12.05259
10.5101185,9.87801
11.623088,11.593294
9.8017645,9.742601
10.632313,10.424708
13.603156,13.624698
13.82643,13.836749
9.764187,8.963987
12.49521,12.597611
12.55893,12.424144
12.855322,12.90766
10.25781,10.002099
11.982603,12.190263
12.936681,13.129839
9.829847,9.312043
11.9757595,11.93786
13.386791,13.446252
11.307683,11.432334
11.078981,11.069242
9.901497,9.164372
10.477674,9.950818
8.9090395,9.286662
12.542386,12.301865
12.921303,13.045714
13.275027,13.060792
9.376664,9.736553
13.394014,13.272081
11.9792385,11.63942
9.450886,9.256045
13.305364,13.415877
7.3185534,7.4250126
12.421369,12.491977
10.921732,10.7529745
12.402979,12.245643
8.630494,9.1666975
9.394049,9.3991785
12.962307,12.987149
9.659069,9.628198
10.221647,9.8255625
11.126682,11.276513
11.535488,11.921338
8.829174,9.11308
11.312988,11.169126
9.4132,9.831627
12.305745,12.264429
12.780512,12.790915
13.657691,13.775299
11.604939,11.377221
13.401324,13.350286
12.295303,12.324585
13.7294655,13.658375
13.476265,13.613704
11.624106,11.937247
9.001814,8.470825
9.558646,10.132494
10.051681,9.486779
11.281214,11.055276
11.363792,11.253342
10.93113,10.5841875
12.71173,12.849675
7.8732076,8.3071165
11.967313,11.934711
10.566012,10.148209
10.014742,9.693547
13.625544,13.691012
11.3383465,11.35628
13.516565,13.6053915
10.348165,10.150934
10.242482,10.073847
12.611194,12.709029
13.916881,13.941301
11.620234,11.588297
11.27671,11.412009
12.238381,12.061735
11.890574,11.9840355
10.971922,11.078551
12.247694,12.202995
9.253601,9.422042
11.317715,11.40546
11.381354,11.128795
12.306847,12.2884865
11.561001,11.283989
13.682129,13.705203
8.810786,8.471427
11.6208935,11.338624
9.451438,9.617605
11.979043,12.106898
10.160892,9.597173
10.396987,9.84511
9.172884,8.65075
12.657235,12.724476
13.042614,12.981082
10.511521,10.044185
9.870555,9.1302805
10.593083,10.520526
11.980492,11.828782
11.519431,11.330571
10.886306,10.464734
12.894752,13.337421
12.782361,12.67607
10.587922,10.485196
13.285803,13.357153
11.436322,11.113312
13.653491,13.683427
7.5054817,8.054855
9.076048,9.369553
13.249385,13.264012
13.6546755,13.682148
10.919501,10.682639
10.152388,9.978604
13.030193,12.877974
8.139131,8.357493
11.289729,11.248309
13.604155,13.685782
9.314653,9.652089
9.676328,10.063936
13.543689,13.405698
9.241192,8.6347475
9.436196,9.8014
11.691658,11.55813
10.667995,10.07024
12.110844,12.269635
12.575938,12.437669
12.637993,12.464184
11.986867,11.975809
11.693719,11.562592
10.121661,9.439234
13.277679,13.288218
10.452208,10.318329
8.858211,8.597458
13.642337,13.531026
12.944032,12.915075
12.92016,12.649342
10.506395,10.213214
10.602659,10.780986
13.513712,13.496234
13.685595,13.850066
11.582434,11.571539
12.871931,12.872298
10.285794,9.840355
12.661818,12.581025
12.4175,12.573639
9.496517,8.7647705
9.317604,9.802861
10.942304,10.527566
9.844674,9.53273
11.930205,11.948964
9.565746,8.86119
10.386087,9.656566
10.838111,10.784395
10.39368,9.528336
11.533396,11.280225
11.739203,11.992993
10.591923,10.2634115
8.003477,8.146859
13.876068,13.974659
7.9728394,8.291577
11.472762,11.388886
8.534183,8.767192
12.689776,12.734662
13.3688965,13.239812
13.147615,13.255219
11.609797,11.663074
11.74636,11.617783
11.716306,11.541697
11.845567,11.828125
9.732006,9.076969
10.507732,10.610046
13.245444,13.377286
10.691998,10.322473
12.448683,12.420264
12.9659605,12.936503
10.793399,10.0592
11.221562,11.28638
11.886914,12.005548
12.026979,11.551477
8.064767,8.534051
11.116626,11.053303
12.671368,12.6409025
12.776484,12.807336
9.390033,9.759433
10.755215,10.464466
13.010491,13.182247
14.206173,14.073552
12.110517,12.1710005
8.601605,8.971253
8.513777,8.880033
9.185108,9.625885
9.345535,8.651118
10.76776,10.127709
10.888989,10.467835
9.708301,9.258447
10.427793,9.790558
10.065746,9.764786
13.933242,14.064463
11.835916,12.135976
9.7848425,9.0318
13.016136,12.992869
10.969292,10.757483
12.267382,12.317319
8.972153,8.425736
10.575077,10.3671255
8.686699,8.873218
11.476811,11.128263
12.909321,12.926856
11.761329,11.755082
11.14141,11.161097
12.635887,12.617725
13.982405,13.893778
11.187561,11.024874
11.526603,11.170949
12.002568,12.131156
13.225129,13.106119
10.755502,10.249203
11.123679,11.225057
11.683518,11.2967005
11.548018,11.466417
13.234145,13.191464
8.885338,8.815237
9.939206,10.522982
8.722443,8.982211
9.235021,8.901831
11.1882715,11.132894
11.909142,11.846024
8.721553,8.989715
10.632461,10.277741
12.037339,12.197302
13.278547,13.357138
12.387947,12.428653
13.07525,13.101815
12.965176,13.120562
11.839113,11.857784
10.84436,10.791925
8.651384,9.035798
9.22883,9.625287
8.522868,8.8527155
12.465573,12.429115
9.982395,9.243145
7.094387,7.3941875
12.016573,11.739709
10.476094,10.059841
13.538245,13.695432
13.654604,13.817862
7.9255643,8.381057
13.454622,13.485997
9.581176,9.016203
13.144143,13.220215
10.656041,10.420671
13.852625,13.809345
9.532065,9.934671
7.1745644,7.4796267
10.5120735,10.492738
8.93093,9.248368
12.765082,12.731512
12.072439,12.378335
13.066823,13.067485
12.91734,12.983113
12.636208,12.766485
12.564102,12.767297
11.593459,11.59226
12.072784,11.93068
12.875987,12.745115
8.75791,9.15117
12.693543,12.646366
10.369896,10.222075
13.625742,13.566901
11.645539,11.428329
11.741839,11.825604
9.432085,9.802669
11.339755,11.249243
7.170493,7.709024
10.404851,9.945919
10.992214,10.746872
11.343413,10.961601
12.820679,12.786877
12.380132,12.233933
9.147387,9.505726
11.565195,11.267744
12.091205,12.163249
10.105946,9.887131
9.622952,9.593371
12.296274,12.411582
11.6995,11.947113
7.933384,8.195286
11.147463,10.976541
13.573551,13.654874
12.514168,12.501385
10.898371,11.176084
9.106172,8.49958
11.849042,12.045496
10.388069,9.955257
9.541088,9.739701
14.035603,14.0186405
13.536611,13.476558
13.966742,13.974787
12.9500065,12.714437
11.112497,10.868684
13.6490135,13.447025
12.070361,12.29593
11.686567,11.466615
10.657443,10.256993
10.378142,10.158609
9.934356,9.290516
8.001338,8.414345
9.420206,8.913705
10.469471,10.112429
8.658387,9.17091
9.44576,8.734039
10.504173,10.742386
8.258707,7.9714947
12.097738,12.365934
13.145181,13.372116
10.954779,10.726588
12.107238,12.098175
10.670207,10.613913
13.169296,13.217163
10.645332,10.10255
9.474299,9.841522
9.080986,8.600453
9.808842,9.339234
11.689162,11.641717
9.48036,9.764897
13.916444,13.869074
12.400192,12.372825
12.430748,12.452796
13.442944,13.394377
11.594392,11.507291
10.109544,9.594393
8.978682,8.509314
13.6320095,13.608102
7.587629,7.448145
10.445933,9.878908
10.761109,10.82567
13.64313,13.606239
11.026195,11.161585
8.2617445,8.713153
10.427473,10.695182
11.717192,11.697932
12.727528,12.775094
12.9673605,13.004184
10.975595,11.11247
13.228116,13.331858
11.041165,11.085823
9.387677,9.880695
11.300009,11.411384
10.837769,10.897496
13.3161335,13.338376
11.725522,11.638886
9.422222,9.87514
11.456513,11.45525
9.837154,9.16437
10.241151,9.961959
9.720176,10.038531
8.579027,9.08432
10.826981,10.577175
12.419549,12.590385
10.569659,10.388615
13.193794,13.32213
13.503065,13.4599085
10.580641,10.330764
9.801944,9.320202
14.105596,14.164844
12.7663,12.664818
12.286403,12.294421
12.364516,12.390209
12.116729,12.145245
10.748152,10.579683
13.214229,13.178187
10.517955,10.455135
11.080498,10.648052
11.906062,11.817835
9.142927,9.69056
13.032264,12.986412
12.003199,12.018243
12.195155,12.234913
11.502408,11.250576
8.982284,9.2662
11.627151,11.647235
10.307244,10.205819
13.353802,13.184
13.988932,13.944828
10.523686,9.955636
11.645854,11.561826
11.924843,11.909571
10.252333,9.771504
11.397316,11.136267
12.081687,11.82135
12.503061,12.367585
14.017871,14.100487
10.141925,9.812552
13.958966,14.050649
9.292169,9.589807
13.199814,13.393679
8.6174755,9.027368
11.267369,11.46548
12.22861,12.380078
9.827274,9.282005
11.641769,11.22586
12.5798025,12.454562
7.3626547,7.831507
11.792473,11.48259
11.543722,11.382376
11.901069,11.927602
11.839868,11.891929
12.318676,12.3452635
13.62264,13.659198
11.700465,11.527842
12.413633,12.420493
9.802205,10.124389
8.029433,8.136473
11.845572,11.834099
11.399461,11.055925
12.454934,12.451925
13.185575,12.993386
11.377629,11.54261
13.030094,12.935347
11.824063,11.650614
11.888746,11.965167
13.822867,13.923634
9.905447,9.72157
12.929364,12.931138
12.7219515,12.740079
13.849684,13.764724
10.597251,10.268861
8.409256,8.722688
9.811877,9.21306
12.915556,12.841018
8.365437,8.6854925
11.378522,11.403294
12.186353,12.192539
10.251891,9.768253
8.252917,7.7751336
10.477934,9.77616
9.468162,9.9901905
13.042547,12.911341
11.152063,11.158085
10.5316515,10.046339
8.922871,9.140995
12.341213,12.34836
11.930578,11.907848
12.0899515,11.791251
11.235029,11.120379
12.436955,12.442112
8.425963,8.565544
11.027074,11.451604
10.308695,9.895882
8.745384,8.949041
10.52005,10.352813
13.279035,13.253726
8.155086,8.530751
9.44481,8.91896
9.279403,9.965252
9.333038,9.586912
10.4804735,9.837945
12.469889,12.427832
13.477244,13.437282
10.944356,10.388052
11.953727,11.976973
12.849757,12.801555
10.256739,9.356354
10.235305,9.755838
11.753405,11.751967
13.323637,13.4149275
13.578026,13.48341
9.443464,9.879554
13.084464,12.925092
10.963416,10.450187
9.299752,9.213801
10.872332,10.687684
11.62687,11.371446
11.280378,11.383903
11.531342,11.490411
9.157155,9.4393635
11.159891,11.159787
7.4438353,8.014028
9.978903,9.376561
7.5775075,7.230994
12.858117,12.833232
10.828783,10.772299
12.585196,12.510092
13.395177,13.123832
9.615289,9.479317
12.303611,12.214105
12.313218,12.155963
10.337176,9.939763
12.130039,12.1844225
12.409301,12.2736435
13.110363,13.222005
10.1263075,9.702754
11.701201,11.785508
8.8071165,9.091708
10.28649,9.765765
10.953368,10.80399
10.4990425,9.818707
13.193023,13.158633
9.270843,8.696099
9.692472,9.379204
10.1724615,9.684173
10.784659,10.225148
12.690642,12.59837
12.74863,12.990469
12.748091,12.686246
10.152573,9.560098
13.52438,13.600476
10.724146,10.475443
8.043679,8.089964
9.880707,9.500318
7.905161,8.162283
13.595846,13.458846
9.448979,9.919246
11.843761,11.680912
12.576807,12.488353
11.258639,11.01335
11.154906,10.646049
10.749331,10.345051
11.99582,12.093738
13.387016,13.566581
12.948908,12.873486
11.490987,11.131302
12.412719,12.4255705
9.183013,9.637553
11.908607,11.8563385
9.653176,10.120754
11.470317,11.211715
12.211883,12.207296
11.349364,11.61309
10.73291,10.48155
13.042074,13.227735
12.250802,12.327346
11.359919,11.198137
9.671529,9.887517
13.650724,13.651584
11.736807,11.482689
13.659175,13.639278
11.627985,11.669869
12.260682,12.460767
11.704918,11.608585
9.163037,8.825767
9.386233,9.910129
10.601315,10.849356
12.902601,13.1300745
9.904134,8.973229
12.0643635,12.088617
9.306451,10.091131
9.891286,9.804155
11.806267,11.561747
10.17953,10.056018
11.819348,11.777449
11.051806,11.010231
13.554992,13.603763
10.493052,10.095499
10.418974,11.047727
11.951648,11.845356
12.220406,12.534011
13.038452,13.050934
8.824573,9.120502
12.974564,13.002709
9.83269,10.191969
9.281124,8.557784
11.600313,11.674473
9.936021,9.601346
9.626415,9.124254
10.8907,10.817022
12.608243,12.633309
5.2229533,5.6966863
12.745056,12.714757
12.598054,12.730089
13.525672,13.563104
13.543195,13.646878
12.175243,12.180126
10.690148,10.627276
13.623417,13.599338
13.0801525,13.018107
10.0671835,9.254541
13.282442,13.269042
10.8955965,10.67263
12.899473,12.981052
13.174952,13.12828
10.12107,10.312766
11.042429,10.928534
12.50042,12.337829
10.669838,10.525899
12.222984,12.250689
12.151406,12.132828
9.610304,9.970557
8.502075,8.167947
13.249217,13.393336
9.479584,9.619152
8.637774,8.903027
9.0809765,9.234727
9.755175,8.929768
13.587115,13.601312
11.526358,11.455011
10.438937,9.648674
9.428444,9.654259
12.208873,12.073501
8.974982,9.234361
9.127128,9.313269
13.561308,13.5649805
9.976916,10.069816
9.691182,9.494605
10.531155,10.027947
13.363898,13.378333
12.587746,12.662201
12.030768,12.057962
10.820214,10.457602
11.566627,11.602277
13.494226,13.526036
12.520157,12.455194
8.941979,8.538428
10.782835,11.002522
11.941939,12.297473
10.542169,9.987729
12.2712,12.33442
13.3700075,13.392224
10.904222,10.384234
8.242809,8.630841
12.796601,12.743365
9.011764,8.507609
9.049735,9.374414
12.022362,12.0947075
12.915818,12.883471
10.444203,9.903622
10.704067,10.290459
13.327824,13.312909
10.80875,10.868935
11.325216,11.600693
11.936919,12.016738
9.760748,9.038105
13.595898,13.600638
12.560223,12.724651
7.750527,7.729078
11.406711,11.347623
8.028185,8.2057705
10.566358,10.230895
11.872846,11.997369
13.491873,13.481774
13.400552,13.333058
13.618749,13.538325
13.567104,13.503613
12.897079,12.917325
12.445199,12.500599
10.235421,9.661597
11.372911,11.3730345
13.117241,13.3087015
13.512619,13.45772
12.353259,12.137085
9.280885,9.375432
10.087602,9.52649
11.407569,11.312876
10.511932,9.85796
11.227003,11.271963
9.3665,8.816564
14.035329,14.108138
9.508347,9.20633
9.254165,8.984222
10.129079,9.911401
12.636186,12.642801
13.7795105,13.885597
10.266067,9.872299
9.1580925,9.299775
9.850298,9.302642
11.175422,11.126676
10.323179,9.833562
8.6512575,9.262833
12.262929,12.135314
9.409852,8.821313
13.791613,13.810502
11.688477,11.633439
12.019525,12.02849
11.990657,11.990028
9.248447,9.398712
10.671094,10.887206
10.683185,10.354508
12.385213,12.346692
10.747497,10.479304
12.126681,11.901197
9.4587145,9.90907
13.491706,13.579132
12.424198,12.478189
10.678465,10.039646
10.149498,9.602104
12.675194,12.779677
9.350332,10.027115
12.547565,12.584921
11.592742,11.561357
10.933642,10.674615
11.257582,11.009544
10.387831,9.959302
12.083584,12.242734
8.819192,8.390575
8.824046,9.115595
9.459832,9.609915
9.600633,8.736973
8.58133,8.965944
11.1147785,11.0704
12.624625,12.721578
10.901043,10.670215
9.611326,8.824393
12.569049,12.482006
10.027095,9.810915
10.559785,10.021708
8.324442,7.8152046
12.3897915,12.313786
10.451092,9.790276
13.254311,13.212381
10.530671,9.985547
12.975776,13.0886965
12.232732,12.22499
11.441626,11.202939
12.565093,12.605824
7.903431,8.301725
12.618987,12.646607
11.955347,11.873528
9.470917,9.164774
13.537502,13.511256
10.98386,10.66388
10.818654,10.556099
11.387791,11.341146
10.431017,9.993988
10.923225,11.189904
10.975352,10.972541
13.916444,13.871324
8.6338825,9.050931
9.689543,9.06595
9.385385,9.904955
9.995442,9.1893635
12.373155,12.211514
12.841063,12.998078
11.149088,11.209957
13.014843,13.005935
10.464943,10.0723715
10.655778,10.242258
13.544602,13.645265
13.385342,13.359199
10.014246,9.7214985
11.22225,11.149039
10.596826,10.328051
12.244697,12.476319
8.8698,8.999888
9.661081,9.399875
8.155439,7.631909
12.776391,12.769929
11.515105,11.55097
13.681033,13.756247
12.545409,12.414193
12.288228,12.318005
12.085151,12.135634
9.013564,9.471153
11.997146,12.007116
8.457656,8.69699
13.676004,13.631828
12.871224,12.715835
11.784142,11.693023
12.466397,12.534106
10.867324,11.004343
8.345317,7.803501
13.524334,13.458051
13.012438,12.968465
12.695394,12.451645
10.129477,10.439549
13.176095,13.398989
13.002068,12.885146
8.488581,8.799738
12.141069,12.085445
11.676222,11.816377
13.612341,13.53575
12.506518,12.526163
8.154549,8.2536955
11.478357,11.257531
13.578115,13.477099
12.09108,12.087707
9.844048,10.116379
12.771518,12.883225
9.836694,9.376499
13.505853,13.641414
10.398042,9.828092
11.125868,10.996048
9.257623,8.910199
11.312211,11.480274
9.979883,9.664379
9.365487,9.555887
8.843227,9.156083
13.575855,13.773842
11.31311,11.155812
13.065154,13.158419
12.802501,12.722383
12.501971,12.51989
12.547569,12.541648
12.117303,11.971595
11.606561,11.601206
9.932087,10.225855
10.434728,9.777096
10.2546625,9.719221
12.511335,12.568049
8.343856,8.81513
12.938666,12.732056
12.447057,12.586792
11.154197,11.182586
8.379651,8.595023
13.329928,13.2778225
9.753934,9.331718
11.209171,11.151729
13.518974,13.480323
10.938597,10.870345
11.273474,10.958318
12.694244,12.667426
11.561173,11.753893
9.76004,9.993888
11.161615,11.287089
13.105822,13.085248
9.30365,9.407725
9.078744,9.386819
12.781105,12.643446
13.730062,13.62378
12.398852,12.430015
11.630078,11.685328
9.324036,8.689335
11.018574,10.790152
9.602905,10.044097
11.086526,11.000478
11.771858,11.885514
9.899153,9.39035
10.475938,9.870758
10.870653,10.429117
13.325425,13.333998
13.248172,13.229367
8.96833,9.248731
12.394675,12.499737
9.822048,10.415145
11.360657,11.218801
12.269453,12.010909
8.904496,8.811445
10.922507,11.085652
11.623151,11.423894
9.442586,8.901774
9.297464,9.575197
13.646057,13.675944
11.494919,11.307837
9.446974,9.947413
9.157626,9.259596
9.9545965,9.406526
12.899548,12.922016
9.418186,9.903192
13.952994,13.896285
12.81858,12.795255
13.368068,13.278215
11.295213,11.163107
9.397464,8.5180645
10.437089,9.937614
11.397343,11.190752
12.222721,12.193505
11.656998,11.41379
13.465764,13.43461
10.619779,10.540757
12.847985,13.024582
10.692458,10.666441
12.64448,12.392596
10.246044,9.7929
10.785597,10.437294
12.640607,12.638607
12.804302,12.777854
11.940877,11.928726
13.085998,13.1064205
12.390631,12.3070345
13.842353,13.727778
13.295397,13.443085
12.683968,12.690943
11.483491,11.261864
10.388315,10.05317
13.262737,13.16987
12.400722,12.146947
13.362177,13.4425
8.200274,8.720389
12.998877,13.042647
13.836638,13.899839
10.347989,10.113948
10.604803,10.094232
11.170182,10.893152
7.487022,7.816415
10.020458,9.750737
12.91414,12.97605
11.869888,11.812978
11.421518,10.975073
9.908895,9.770967
9.40725,9.694952
9.6881695,9.1754265
10.1939945,9.922815
9.507138,8.862402
10.417813,9.657938
12.173989,11.831243
13.304034,13.312231
8.737931,8.777058
10.142298,10.387827
12.837536,12.733626
12.415436,12.477626
9.106003,8.608832
8.906505,8.290019
11.451824,11.554272
12.69219,12.677541
11.500731,11.312387
10.937028,10.452168
11.731972,11.769295
10.532012,9.885138
9.54257,9.851348
13.267068,13.266516
12.531126,12.470066
9.166307,9.593084
11.816228,12.077758
11.572189,11.581697
12.01198,12.077602
12.0415,12.057369
13.633693,13.657911
11.420296,11.170012
13.47659,13.464311
13.489296,13.296641
12.875321,12.884385
10.308281,10.348754
10.337729,10.060586
8.3303585,8.676909
11.529851,11.563836
11.629117,11.385315
11.19638,10.830984
9.484084,8.944565
7.8052053,8.456691
10.228257,10.044915
11.0024605,10.92699
11.975931,12.049949
13.40453,13.254934
11.572689,11.363973
12.853714,12.798974
10.7030115,10.450859
12.91158,12.939095
13.418532,13.544038
12.771112,12.593657
11.455977,11.357306
11.483649,11.425002
12.30062,12.375657
10.708123,10.449969
9.894757,9.326145
12.481415,12.516605
9.512718,10.17569
11.446735,11.254468
10.481638,10.026722
11.454226,11.444013
10.196418,9.667676
11.556434,11.440923
9.596619,8.955178
11.434065,11.41368
11.333431,11.377431
13.958404,13.850487
7.994876,8.178444
9.143974,9.626766
13.176101,13.231908
13.047758,13.02693
11.286021,11.196196
12.180412,12.110152
12.59259,12.481101
12.121683,12.0184145
10.836951,10.375566
11.601389,11.623867
9.615101,9.639911
10.924647,11.154745
9.78378,9.467784
9.673266,9.104825
9.409393,9.813096
9.3783455,8.759647
13.665079,13.60376
13.413103,13.484972
13.344025,13.415276
10.43154,9.90295
10.14823,10.001481
7.9082546,8.285153
10.69164,10.974294
11.575529,11.503685
10.350881,9.849169
11.880267,11.869134
12.413875,12.603223
9.15776,9.420521
11.001338,11.088561
13.826518,13.802191
11.017159,10.878601
12.431329,12.382825
9.068211,8.790252
10.347895,9.880136
10.091594,9.59148
8.93107,9.395236
11.392625,11.703115
9.147625,9.342229
13.374105,13.369155
8.761145,8.888425
13.93781,13.919512
12.4325485,12.410766
10.664247,10.327398
9.179431,8.664868
11.53241,11.253581
12.742913,12.509816
12.812789,12.8942375
9.909845,9.310417
10.233188,9.609394
12.171068,12.116764
8.954226,9.3775625
12.436851,12.4775715
11.40882,11.233329
13.00582,12.870468
10.618097,10.058516
11.011516,10.855559
9.286441,9.627411
10.531986,10.343359
9.221676,9.69754
13.852056,13.887239
13.3621855,13.351352
13.580258,13.702296
12.354078,12.453285
12.052105,12.060008
8.922115,9.238173
10.387447,10.021064
11.120227,10.727112
10.289089,9.980631
9.402632,8.824812
12.143733,12.292125
11.389041,11.553485
10.734234,10.812049
10.801296,10.58334
12.406285,12.496957
11.6192045,11.6844425
10.619223,10.45042
10.137908,9.745653
10.924418,10.821037
10.5578,9.841741
11.827248,11.841513
9.84188,9.250953
13.030403,12.99758
11.096009,10.84715
10.280622,9.72852
9.872429,9.368352
10.276795,10.186011
9.57264,9.154411
13.581045,13.52302
10.56352,9.965237
12.568928,12.56932
10.282302,9.826269
12.511801,12.342407
11.281552,11.2372675
13.157161,12.9077215
9.433404,9.683515
11.749851,11.472967
9.251427,9.549257
9.472209,10.002553
10.162514,9.946749
10.241699,9.999161
11.17967,10.882054
11.4782915,11.172649
8.907833,9.4348955
13.231819,13.094986
12.669992,12.675217
10.802311,10.250451
9.529344,9.354254
11.224037,10.80557
10.445166,9.975978
9.634083,10.096083
11.564502,11.408996
10.015555,10.518515
13.565666,13.607358
9.40531,9.8966675
13.1921835,13.199439
12.580719,12.645863
11.356707,11.26898
11.516671,11.405075
12.4855995,12.465152
8.878014,9.324265
11.56099,11.163941
9.657539,10.220753
11.718348,11.625585
11.381107,11.429855
12.182835,12.176397
13.561691,13.595421
8.886115,9.189138
12.789303,12.760265
11.040102,11.108335
11.658698,11.541411
8.951041,9.167596
11.982158,11.983529
9.94555,9.592352
13.613558,13.725564
12.364786,12.47904
12.8669405,12.900241
10.317375,10.385761
12.255493,12.141152
9.929061,9.439586
12.856636,12.637183
11.447247,11.203841
12.931542,12.8904705
12.286816,12.278166
9.406203,8.700008
11.472898,11.192141
12.526781,12.556936
11.991837,11.919506
13.378882,13.371019
10.56871,9.900424
13.786901,13.845683
13.453067,13.505105
14.159565,14.185566
9.400196,8.6376
13.663597,13.687033
9.498028,9.704382
10.966841,10.873279
11.434917,11.308858
12.345408,12.457976
10.335768,9.926849
13.829131,13.84188
7.2704372,7.9195404
12.644943,12.615434
11.985894,12.049008
12.236978,12.230105
12.197892,11.997981
13.505697,13.380555
9.603917,9.882772
11.62242,11.637799
10.668944,10.895088
13.21498,13.028726
10.669144,10.136079
12.47114,12.439498
12.769011,12.60743
10.176615,9.8575325
12.808767,12.886675
9.052487,9.410055
11.314833,11.247262
11.548378,11.345953
11.67345,11.661656
12.272305,12.244035
10.890965,10.583103
9.587504,9.729523
11.263698,11.27116
12.291529,12.396362
13.685991,13.620406
8.63157,8.277419
13.492619,13.595831
8.683747,9.1109085
12.781431,12.625068
12.97106,12.820366
12.001865,12.048041
12.667701,12.607205
13.869482,13.702461
11.607816,11.755037
12.460658,12.4286
12.458519,12.424329
10.167042,10.013795
13.509592,13.531431
10.419456,10.308672
10.761188,10.442981
10.485595,9.764935
12.790927,12.640516
12.152162,12.029422
11.824702,11.854378
11.091151,10.817795
11.44589,11.308831
9.274151,8.947776
11.98324,12.077861
12.119454,11.992642
12.336743,12.314342
10.82141,10.614963
8.86977,8.987767
10.06545,9.293585
11.821208,11.895438
11.235792,10.996584
10.7384,10.537822
13.490746,13.573323
10.579145,10.128407
9.779653,9.694577
7.86744,7.2831264
13.517011,13.262669
11.761305,11.334157
13.610521,13.540331
11.451185,11.328216
13.206916,13.343454
8.689148,9.036722
9.961484,9.1680765
13.4662895,13.444357
12.182277,12.14304
11.378729,11.575818
10.560693,10.265549
12.187037,12.033991
12.387987,12.429289
11.263977,11.411343
8.326801,8.684194
10.298688,9.711789
8.846298,9.073735
13.232829,13.399548
12.621422,12.516502
12.313923,12.252529
11.596874,11.655158
8.6244755,8.871891
13.3119,13.61125
13.376742,13.333824
11.388982,11.2754755
12.830439,12.788535
12.005179,12.039742
9.420375,9.647668
11.78766,11.663991
8.532384,8.963652
10.43259,9.853571
11.05192,10.738104
11.278381,11.287343
12.971818,12.91873
11.65794,11.732666
12.424122,12.563636
10.397133,9.872407
11.732896,11.766298
10.268882,10.552628
8.5554085,8.807106
11.035597,10.83008
10.3846035,10.02024
13.953203,13.997418
9.548225,9.392106
7.8090415,8.381505
12.925941,12.895737
12.863907,12.859105
12.61423,12.693122
13.425584,13.56364
10.211813,10.270057
13.04452,13.225922
12.197133,12.151
12.901156,12.912942
8.651227,8.071993
11.530276,11.485629
8.058747,8.827241
12.184374,12.212534
9.846199,9.358739
10.058492,9.663573
9.072085,9.134257
10.412679,9.911377
10.255866,9.69569
12.236073,12.150056
9.379603,9.656806
7.59693,7.931638
9.529068,9.813251
8.924395,9.436004
10.469639,9.990361
12.558114,12.6110735
12.873586,12.783879
10.631226,10.295022
9.228928,9.701267
8.776634,9.04787
11.414837,11.509763
12.973239,12.821695
9.507169,9.973632
12.797087,12.85529
12.498049,12.470249
11.616818,11.454381
13.351955,13.476188
11.857397,11.786163
12.445162,12.41244
11.4289465,11.566052
9.137009,8.331044
13.314244,13.226075
12.029984,11.996644
9.412027,9.771543
9.162193,9.592086
11.84306,11.736509
12.605165,12.679866
13.618895,13.635034
11.545443,11.342615
13.368158,13.41299
12.023034,11.855793
12.063299,12.019637
11.336386,11.14677
13.391868,13.487166
12.718867,12.766592
10.151343,9.742627
13.38041,13.350806
12.848581,12.918978
8.909406,9.254166
8.614521,8.694473
12.833164,12.785947
9.814204,9.382753
11.63289,11.53898
11.770756,11.819346
11.141377,11.256093
12.4502535,12.318466
13.406381,13.535479
10.405196,9.577327
12.6279,12.562819
11.1582,10.964697
8.179861,8.105916
12.002897,11.8615265
12.871582,12.933674
13.737836,13.740924
12.676607,12.7181835
13.16934,13.253585
6.8656535,7.1570406
7.812654,8.362125
11.02733,11.14188
11.761203,11.814689
11.631378,11.172506
12.448499,12.552334
13.046996,13.178401
8.78373,9.102291
13.54986,13.480105
12.696821,12.625081
13.695307,13.694299
11.812373,11.542882
13.414265,13.264306
12.473218,12.497578
12.534316,12.676112
13.398292,13.476439
10.279391,10.202348
13.113549,13.133095
10.747021,10.642142
9.259061,9.506361
9.038254,9.313894
12.66848,12.676036
12.783082,12.926494
12.495718,12.395457
11.7888155,11.378922
11.446385,11.434906
10.3096895,9.6636505
8.178681,8.52476
12.8246155,12.740025
9.13282,9.448627
13.687277,13.5763235
10.612394,10.705071
12.257011,12.330802
13.350565,13.458206
9.179444,9.39787
13.04109,12.867078
10.147812,9.66686
13.649984,13.482052
11.672456,11.424207
9.523709,9.795232
9.433107,9.871982
13.066006,12.937676
9.425514,9.916305
13.103641,13.130129
7.7453666,8.027165
10.2348585,10.003847
8.190228,8.394581
10.843684,10.572742
11.179781,11.249764
11.347999,11.323457
9.203245,9.4013605
11.301192,11.315302
11.6535635,11.648294
13.854896,13.977286
13.536316,13.553918
11.74707,11.872593
11.535756,11.547328
10.62107,10.066474
12.850899,12.864462
7.5174446,6.9864407
11.084052,10.871617
9.427233,9.342156
12.226435,12.211928
10.355197,9.7627535
11.689889,11.495592
13.044451,13.094249
11.367554,11.334234
12.5766735,12.680547
11.895259,11.85143
11.574169,11.871486
12.272146,12.328233
12.425925,12.44016
12.553601,12.577789
9.339377,8.995646
13.775556,13.792065
12.684035,12.695046
9.606123,8.99532
13.371117,13.391523
12.202701,12.047917
11.25047,10.8204365
11.4739485,11.554067
13.095216,13.027528
9.829543,9.246749
10.8307,10.650074
11.89173,11.687683
12.546972,12.409418
9.253146,9.596702
12.202041,12.206027
10.6298275,10.45853
11.231563,10.818762
13.348375,13.311675
9.600984,9.576223
10.941459,11.030833
9.221779,8.682225
12.688678,13.027462
10.901041,10.814357
13.627315,13.643873
10.7866535,10.295799
11.932912,11.96323
10.139607,9.529692
12.668424,12.425247
9.104122,9.278636
13.298859,13.291532
12.651147,12.770074
12.626898,12.727108
13.34254,13.31006
12.667341,12.722873
9.39867,9.694041
10.28786,10.08969
12.178405,12.323638
8.954729,9.132613
12.359874,12.327283
12.669569,12.51595
13.51327,13.457603
14.014197,14.071004
12.368225,12.42449
9.29006,8.601039
13.091559,13.123144
9.653388,9.185897
8.520301,9.074889
11.1407795,11.113995
8.417079,8.856403
13.657031,13.652057
13.143744,13.319001
11.670657,11.416426
11.605439,11.711023
9.831893,9.372116
9.552243,9.074267
8.136646,8.179839
9.501577,9.948669
11.252937,10.963001
12.474488,12.435761
11.650651,11.545578
9.632229,9.194432
10.369116,10.387098
10.640243,10.532691
12.97265,13.29027
13.555756,13.517635
12.79175,12.686068
12.939503,13.070126
10.886326,11.155973
10.215224,9.54889
8.124274,8.359552
8.669471,8.081643
9.7620535,10.02749
13.734163,13.651394
13.52915,13.485942
12.070916,12.026444
13.457536,13.428402
12.681785,12.530416
10.422584,10.039348
11.808443,11.906127
11.693857,11.5213175
10.926422,11.143588
12.355643,12.298448
13.566584,13.718351
9.596964,9.690696
12.724095,12.801268
11.188958,10.95448
11.539002,11.560457
12.639122,12.67116
8.994669,9.353859
8.94189,9.195946
8.929532,9.08639
13.476727,13.185095
11.778803,12.363909
11.808472,11.939273
11.452959,11.62701
9.982651,9.398841
11.568166,11.337323
9.7672615,9.443321
8.407369,8.709098
11.012221,10.898004
10.615948,10.278663
10.660368,10.852277
10.475203,9.982312
11.436749,11.147528
11.306896,11.238054
8.916154,9.085375
9.689037,9.003865
13.281693,13.270583
10.524211,10.555166
11.641457,11.532192
13.346963,13.286353
12.518424,12.562116
11.957106,11.889961
9.908158,9.465135
11.9759,11.94559
8.647937,8.043076
11.758561,11.953553
13.229868,13.199369
13.430016,13.520736
13.357734,13.349105
8.54848,8.123271
13.608345,13.65328
8.601115,8.171234
10.010719,9.737193
10.627517,10.184561
9.426742,9.813941
11.146072,10.85515
10.05455,9.547285
9.722683,9.111839
9.506025,9.748061
10.849781,10.587875
8.181807,8.552796
11.2817545,11.337281
9.432896,9.768288
12.624936,12.39199
11.907276,12.364591
12.616749,12.737648
10.946194,10.724177
9.37819,9.123061
13.841414,13.862042
11.161684,11.2772
12.10668,12.165218
8.590925,8.912042
13.055421,13.177085
8.980122,9.241727
8.571622,8.707207
11.653185,11.514975
9.157207,8.463415
8.949813,9.127748
13.405666,13.407491
13.801867,13.789232
12.739256,12.670968
12.724749,12.781802
10.342104,9.770516
9.822696,9.287688
11.127494,11.526155
11.144837,10.957391
11.22237,11.086689
9.497638,8.8689
13.319392,13.30364
12.30354,12.291828
8.229062,8.634929
12.108495,11.853731
9.405388,10.040708
10.049982,9.581576
11.689571,11.563552
12.07295,11.996776
7.347854,7.6831403
10.044666,9.36353
10.576099,9.989093
13.660795,13.725572
11.826585,11.779021
8.5915575,8.052241
10.444585,10.060741
10.954998,10.629276
12.201424,12.258962
9.933696,9.503564
11.163409,11.046039
10.957988,11.040949
13.49208,13.411538
11.381007,11.68594
13.495559,13.433109
8.687331,9.024935
11.529397,11.704572
11.161846,11.072215
12.92968,12.842988
11.3232155,11.519195
13.559974,13.705229
11.452468,11.1540575
13.907,13.889735
12.156369,12.396848
10.127418,9.966458
11.318723,11.458564
8.0862665,8.34871
12.738499,12.732995
9.312692,9.842932
11.292095,11.017731
12.627344,12.68032
9.409601,9.840591
9.026983,8.674952
12.405758,12.309691
13.493741,13.424939
9.271436,9.743159
12.908735,12.906043
12.540151,12.560083
12.371959,12.406112
13.693223,13.642831
12.345693,12.370137
8.1361065,8.545496
13.520081,13.511248
11.4765,11.3277
6.2238207,5.8097444
9.819536,9.081367
10.73354,10.218741
10.621733,10.610103
11.325186,11.52635
11.651425,11.482058
12.486264,12.665558
12.289928,12.343756
11.644733,11.470287
12.535438,12.655489
11.706846,11.734228
9.31617,9.854092
10.182786,9.748899
8.93653,9.470621
9.687255,9.40993
12.1537485,12.153751
13.258997,13.241778
12.927146,13.059384
8.914008,9.2750845
9.941292,10.4978285
11.256578,11.016098
13.345643,13.317849
12.871572,12.794544
13.502627,13.378618
11.555996,11.498054
6.0751653,6.712224
8.469301,8.542564
8.577117,8.434194
11.892333,12.161056
9.734958,10.082005
11.42504,11.250917
9.92451,9.554755
11.401628,11.4066515
11.91277,11.965281
8.802429,8.869123
13.372262,13.416115
10.760333,10.318727
13.747654,13.682428
9.9208,9.354884
11.519719,11.586399
12.517071,12.359313
11.081222,11.153407
7.783364,8.046308
10.602995,10.269226
11.553899,11.37819
11.984258,11.980206
12.593789,12.592925
11.134616,10.840187
11.285746,11.20402
13.4618635,13.329679
12.737673,12.476917
12.444883,12.527126
12.184964,12.1737
12.28851,12.631533
13.620179,13.591324
10.172153,9.772233
12.671828,12.525498
9.381492,9.811529
7.818953,8.407425
11.316635,11.025012
11.638456,11.476932
10.263599,10.091075
8.689271,9.175225
8.756539,9.011127
11.757001,11.627131
9.331439,9.701369
10.829812,10.650321
13.64767,13.798281
13.061004,13.092036
12.233586,12.330257
11.978086,12.018817
10.036056,9.374218
8.681447,9.029386
10.920642,10.607772
13.16012,13.202026
13.680683,13.63247
9.799969,9.522952
9.692249,9.085033
9.59766,9.229693
10.324157,10.956311
11.52339,11.547917
10.977126,10.990507
7.0325313,7.475945
13.6856365,13.607989
12.464512,12.3203535
11.93363,12.089842
10.475746,10.713858
13.053332,13.246059
8.875452,9.265704
11.638505,11.657982
9.7576065,9.97651
8.721588,8.981831
12.962111,12.915196
9.433819,9.86889
13.455837,13.569156
12.877432,12.903771
11.016953,11.090226
12.938722,13.046533
12.663618,12.706333
12.55694,12.675555
11.337914,11.223282
10.668458,10.236981
9.492192,9.927979
12.330683,12.143081
9.091324,9.585942
13.433558,13.526886
10.426278,9.952317
8.517494,8.23707
9.044015,9.93975
12.318293,12.399189
11.020903,10.481217
8.935,8.324093
13.916409,13.900204
10.624803,10.135731
13.913549,13.877707
9.838355,9.459837
13.953722,13.982256
12.981739,13.116728
12.46791,12.4959755
9.713593,9.317124
12.745148,12.875066
9.25975,9.596018
10.869432,10.799044
10.844551,10.824642
11.387019,10.977529
11.127445,11.111628
13.192434,13.213056
12.113775,11.993438
11.358554,11.013724
8.6351185,9.132263
10.654198,10.509303
9.942651,9.264037
12.606879,12.750726
9.103841,8.702025
7.843657,8.245906
10.97128,10.462242
13.454044,13.414435
10.691446,10.622441
11.179863,10.84591
9.945981,9.481664
12.08634,12.157691
10.481765,10.182911
10.551221,10.108448
11.769546,11.5588455
9.890317,9.44253
10.533592,10.565936
11.761378,11.979393
13.551822,13.682334
9.313145,8.927705
13.229722,13.235874
11.047314,11.3530035
11.172918,10.904386
10.776288,10.516482
10.474064,10.324853
10.315033,10.015896
11.416477,11.333745
13.358754,13.286419
12.272073,12.312637
9.053153,8.66392
10.907996,10.998334
10.406633,10.162709
11.376734,11.301107
8.978697,9.111927
7.632992,7.862708
10.91213,11.049266
10.857999,10.845923
9.234161,9.486128
9.385569,8.729987
12.730377,12.737947
12.937547,12.906841
11.874784,12.208645
9.809804,9.5874605
9.651603,10.062107
10.758976,10.492682
10.1541605,9.567051
11.8445635,11.719207
12.92925,12.937511
12.156186,12.130285
13.465618,13.473432
9.648326,9.3553705
12.296125,11.968454
13.716821,13.799163
13.4019575,13.375983
12.309653,12.3047285
8.749727,8.8901205
12.783924,12.772927
10.596624,10.34021
12.10337,11.854977
9.616221,9.729058
12.396907,12.351583
9.739874,9.085695
12.755297,13.030587
13.603033,13.574885
10.446412,10.565276
10.818662,10.607602
12.31423,12.228051
9.655571,10.098885
10.902021,10.493365
9.153774,9.421362
10.010534,10.775989
13.696053,13.683261
11.898,12.270066
13.0072975,13.011746
10.814161,10.777137
11.339729,11.2855835
9.179737,9.657239
10.417922,9.873969
9.038177,8.827068
10.550615,10.0271435
11.715018,11.761729
10.559012,10.022868
11.640377,11.645011
12.02508,11.956408
10.68726,10.258647
10.006465,9.368374
11.343243,11.017293
12.643409,12.62936
10.808215,10.404176
9.458284,8.907912
8.9633665,9.061441
9.516541,9.898993
11.915662,11.828825
12.045955,12.091607
9.167968,9.4701
8.615286,8.490919
10.654014,10.523371
13.825353,13.841932
8.932929,9.317201
12.130247,12.085969
8.00413,8.331941
11.1340885,11.122925
10.7894745,10.70643
12.1336565,12.2198715
9.519285,9.801945
10.52527,10.082072
10.392462,10.201017
13.292252,13.3199005
8.723796,8.854014
10.639258,10.169092
13.8412285,13.914151
9.437808,9.531604
9.342721,9.816674
9.288028,8.879459
11.338173,11.254299
11.183032,10.850915
11.829805,11.960403
12.487722,12.436522
13.222907,13.257169
9.566319,10.174959
10.349999,9.932015
12.871231,12.581597
11.389555,11.120662
11.341929,11.408703
12.688495,12.853108
8.816188,9.339998
11.287932,11.346791
13.625546,13.600834
9.939033,9.507074
10.610482,10.228375
12.528039,12.566251
9.559708,9.883053
11.854182,11.802798
11.444547,11.145734
12.922231,13.0709715
13.097327,13.241581
13.088796,13.0623865
11.251846,11.113786
11.604386,11.321593
12.116329,12.172569
11.870058,11.526291
12.618977,12.564102
12.367077,12.204818
13.963514,13.772057
12.831586,12.998816
10.932244,10.703816
12.947411,13.060039
9.753799,9.162934
8.995097,9.278563
11.950694,11.688655
11.116833,11.032998
12.617388,12.686847
10.526747,10.352116
10.423138,9.771321
12.215154,12.259541
9.018228,9.481953
11.227604,10.879441
13.34815,13.255387
10.2229,9.766793
11.272165,10.757819
8.457906,8.768261
12.232717,12.179144
7.837904,8.35383
9.6427,10.101553
11.475258,11.123706
11.00327,10.806568
12.889482,12.970164
11.161299,10.978302
9.727807,9.929681
11.579738,11.500419
10.834486,10.52301
10.289782,10.294119
9.364073,9.545052
9.334889,9.793081
11.701734,11.633026
10.155693,9.551244
12.905492,12.846358
11.488785,11.558713
11.735243,11.968144
13.492182,13.429837
12.629814,12.668603
11.866368,12.027871
10.366582,10.060267
10.793878,10.396584
9.73231,9.140467
11.941422,11.617575
13.33437,13.293232
13.187145,13.173914
13.90601,13.936408
12.744068,12.802972
10.02644,9.711913
10.269363,9.867979
10.633836,10.087742
12.287483,12.3527975
9.466284,9.767313
12.107386,12.041069
12.921479,12.904358
13.871246,13.497289
10.680977,10.1228895
10.36461,10.121105
13.060375,13.036126
11.748139,11.768202
13.285353,13.198758
12.927214,12.890639
11.366341,11.410028
9.355007,9.796302
12.150135,12.152325
13.229468,13.243035
10.397932,9.749551
13.032322,13.131782
13.576348,13.598486
10.028751,9.504806
13.153049,13.2735405
10.181396,9.540647
11.634063,11.352067
8.726229,8.966984
12.269212,12.349031
9.784393,9.453984
9.4306965,9.721104
10.018157,9.603245
7.25592,7.465924
13.116714,13.0516
10.981443,10.881242
12.455313,12.483765
9.7492,10.235361
9.70821,9.156464
12.728247,12.64923
12.427123,12.448728
9.123724,8.495167
11.951888,12.092716
10.668726,10.408872
9.90807,9.334654
12.136712,12.164824
14.020571,14.091447
9.7651825,10.000177
13.139151,13.098416
12.807403,12.673896
13.949994,13.924068
9.290503,9.733215
10.917442,10.825421
10.614968,10.282586
12.612319,12.617362
11.325322,10.713243
8.70426,9.135956
11.377742,11.489711
8.786232,8.911778
13.200864,13.209359
10.180374,9.779296
9.52005,8.970006
9.428875,9.88637
9.336943,9.801494
10.190063,9.702414
9.189946,8.467149
10.57541,10.29377
13.50305,13.461502
11.51577,11.338427
9.676791,9.989723
10.377666,10.370577
7.91988,8.544241
10.134698,9.857881
9.63884,9.920805
8.533019,9.044789
8.121631,7.9620743
12.152856,11.93184
12.842555,13.087865
9.567832,10.136263
11.298084,11.259517
9.786075,10.292024
10.214796,9.980556
12.148511,12.177063
8.458875,8.824466
14.206468,14.015759
12.195136,12.202593
9.350942,9.757092
9.613413,10.070846
13.583033,13.642701
11.450788,11.327106
13.407403,13.37316
7.7819486,8.453836
12.617253,12.744257
11.692625,11.649447
8.294917,8.815888
11.073332,10.722364
13.872267,13.61214
8.579553,8.673677
13.4682045,13.452614
9.610216,10.371981
13.395209,13.359233
11.999962,12.035331
11.208696,11.318103
13.631869,13.717042
10.414692,10.347975
8.521247,8.905772
11.529854,11.297414
12.419758,12.35272
9.387394,9.79019
13.692381,13.762485
8.638722,9.17381
9.888929,10.199454
12.2576685,12.292911
11.716679,11.646193
12.444702,12.429548
10.418982,10.017511
12.182764,12.021062
13.480176,13.656395
10.581319,10.122618
11.888912,11.942236
10.906765,10.840439
10.42409,10.010691
11.560244,11.171261
13.78695,13.584935
11.167003,11.158215
9.667458,10.104619
12.995781,13.157292
12.997443,13.168917
12.767958,12.72631
9.11921,9.312723
11.615368,11.448891
13.585982,13.560837
13.052883,13.043303
9.160512,8.912452
13.388025,13.45282
12.493336,12.668759
10.025598,9.251548
7.6680794,7.3600683
10.637704,10.23776
11.31694,11.217486
10.808803,10.602849
10.345502,10.059163
10.713637,10.808856
11.721664,11.518302
10.121394,9.437923
13.18905,13.1935835
8.173359,8.247944
8.691564,9.351964
12.685973,12.499326
9.615652,9.899479
12.692316,12.645236
11.646573,11.656428
12.088716,12.119833
9.71906,9.026105
11.93363,11.839783
9.408208,9.83345
8.624873,8.061436
9.49073,9.858025
10.936112,10.826407
13.450373,13.4905405
12.912674,12.873909
13.5777645,13.482488
9.515986,10.090392
8.566679,8.892389
11.447905,11.1511545
9.579853,9.821439
11.842863,11.789219
13.486393,13.6019745
9.113416,9.475297
13.034359,12.996469
8.962866,9.047285
10.258197,9.731678
13.070682,13.004837
11.569642,11.599244
13.473014,13.54344
10.591126,10.376984
11.111892,11.221512
12.821908,12.827678
12.6178665,12.737797
11.908238,11.953924
12.040069,12.062835
12.321105,12.376746
12.657264,12.543712
10.798886,10.638049
13.488965,13.566776
10.993709,10.971583
12.913814,12.933397
9.345669,9.642114
11.333058,11.503897
10.027919,10.486079
8.843518,9.233442
12.6954,12.827832
9.234779,9.550976
12.341123,12.314463
8.756783,9.1620035
11.859029,11.904111
10.630807,10.506896
12.142611,12.376138
9.228925,9.784484
10.724515,10.646618
10.842124,10.681884
9.498233,9.875344
13.515878,13.546108
10.14212,9.819956
11.585282,11.20431
11.393031,11.035026
12.927805,12.751978
13.401578,13.428857
12.348643,12.397041
8.586297,8.876591
12.988744,12.934446
11.246052,10.897145
11.026921,11.050393
9.738152,9.261881
12.437123,12.097609
9.121394,9.330581
11.813715,11.887218
13.52818,13.477287
11.506868,11.545427
11.655543,11.526457
13.7642,13.769507
9.820639,9.240472
13.201806,13.111319
12.590418,12.7197695
10.260177,10.258148
12.653085,12.570275
12.354819,12.366403
10.869812,10.807304
12.186348,12.128667
11.244192,10.9935665
12.129004,12.144568
12.946231,12.980474
12.142367,12.4020605
11.831155,12.258662
12.028286,12.009265
11.55888,11.676656
9.814836,9.4574175
12.697154,12.636552
8.734291,9.003929
11.445853,11.073656
13.2895355,13.350475
13.545061,13.613183
10.203299,9.659936
12.466818,12.453468
11.33544,11.23491
10.174058,9.3711
11.032406,11.043895
12.7567005,12.556994
11.806867,11.988979
10.628157,9.838458
10.897867,10.475569
13.538641,13.563858
10.720346,10.782485
9.69819,10.327928
12.228654,12.274316
9.646324,9.030542
10.729926,10.446864
11.977083,11.950692
10.486413,10.206262
10.55754,9.982924
13.5206,13.480225
11.673891,11.841735
13.6926365,13.77548
10.4367485,9.955481
12.937246,13.1192
9.894741,9.342153
10.481445,10.76174
11.411947,10.994377
12.762924,12.91347
9.699126,9.144698
13.245425,13.253899
9.955263,9.269898
6.8107886,7.262288
13.52496,13.500285
9.065641,9.1547
13.106826,13.095181
11.797732,12.059315
9.9667845,9.641503
8.569336,9.012919
9.003916,9.506139
11.286066,11.1233015
8.521222,8.955458
10.823684,10.325232
9.900475,9.728184
11.761481,11.763714
10.439543,10.511371
11.716998,11.377879
8.790384,8.914701
11.609371,11.466952
12.819404,12.87129
10.531732,10.734463
13.044669,13.090072
13.137656,12.986711
11.487601,11.238191
10.874543,10.416062
10.717706,10.381772
13.015543,12.947144
12.543698,12.551455
12.742932,12.80909
9.516608,9.834481
12.367439,12.284012
8.938045,9.024982
13.680158,13.718359
11.149922,11.098675
12.210484,12.048771
8.055152,8.438441
14.0469055,13.9975395
12.082285,12.22942
10.436591,10.099275
8.996686,9.374841
11.974096,11.985671
11.41897,11.3268585
9.172823,8.68782
11.725117,11.859294
10.999675,10.77084
12.57696,12.594468
9.112315,8.711114
10.840261,10.568775
13.394365,13.431702
12.366438,12.109857
9.734133,9.425992
9.822728,9.33934
12.643571,12.823033
12.772315,12.729212
9.399908,8.637713
9.431959,9.946243
12.513881,12.367808
12.690136,12.659495
10.639008,9.869843
12.342832,12.412508
11.011034,10.622575
10.128659,9.426957
10.7948265,10.216214
10.98671,10.379182
13.673863,13.551824
10.311732,9.781366
11.464112,11.863656
12.989981,12.994332
13.205165,13.293222
11.457838,11.340467
11.778815,11.8259735
10.942008,10.633866
8.900987,9.290981
13.173918,13.145384
10.605491,10.021177
9.743487,8.890872
11.682287,11.808749
10.260396,10.072757
13.625666,13.564926
11.607017,11.222336
12.655529,12.75417
12.491228,12.474742
11.874951,11.959089
13.900837,14.082005
13.97782,13.937001
12.471262,12.449194
11.801369,11.431714
14.050518,14.050283
8.761797,9.08234
11.501508,11.7073
11.86448,11.896857
11.539558,11.593437
14.043261,13.963445
9.279617,8.845833
9.510157,9.838006
13.610701,13.638131
11.369065,11.466098
11.992021,12.09944
12.2552,12.132931
11.037788,10.703228
11.010238,10.975096
12.407532,12.388131
11.583643,11.718174
10.716528,10.494637
9.288578,9.740212
9.629815,9.149472
10.902779,10.933937
13.816502,13.820696
11.81918,12.003928
13.745355,13.729128
9.595099,10.136037
8.731517,8.958934
8.223532,8.692189
10.5119095,9.99305
9.999824,9.594488
11.841936,11.6706295
12.606678,12.481622
10.689377,10.322551
12.819168,12.749575
12.518966,12.497181
13.599624,13.732462
9.156103,9.614195
10.268888,10.664513
11.719867,11.661431
10.095915,9.619277
11.841341,11.769036
13.35477,13.255286
12.8105955,12.715374
9.622361,9.962266
9.395751,9.589587
9.591852,10.133794
11.68011,11.475068
9.152462,8.751816
11.941487,11.9283495
8.931861,8.384058
11.864812,12.108497
9.590606,10.116819
12.286081,12.459218
9.64877,9.177978
8.82363,9.190135
10.34336,9.926335
10.430541,10.313798
13.383788,13.406564
8.270903,8.560531
10.454826,10.319539
13.183904,13.190555
12.12105,11.963524
10.905428,10.91912
12.6536255,12.564114
10.322845,10.037966
8.912593,8.562416
10.525239,9.692852
10.928659,10.817852
13.5279455,13.641222
11.511775,11.2672615
13.503065,13.401694
8.81271,8.561441
11.026261,11.154465
12.506127,12.508249
11.261097,11.119091
10.624462,10.13388
12.38087,12.457378
11.737554,11.914652
13.200468,13.320996
10.634163,10.19723
13.362676,13.319104
12.670531,12.536532
9.034178,9.289969
11.41855,11.358222
12.242744,12.257768
13.669828,13.697289
12.493462,12.671028
12.800136,12.671955
11.456356,11.17953
11.7273855,11.337417
10.572917,9.975864
13.853718,13.724536
12.089245,12.169021
10.089763,9.714892
13.620571,13.592894
13.564993,13.655208
13.413889,13.404336
12.371792,12.331576
13.578099,13.481661
11.579577,11.6150875
9.452007,9.568902
11.513249,11.315115
9.801315,9.6908245
11.500063,11.396898
12.232091,12.456891
9.2691345,10.0639305
8.928118,8.502791
10.444776,10.053155
8.848025,8.339153
9.810585,9.555412
13.232515,13.206579
10.931398,10.414194
10.250295,9.509461
13.725899,13.832933
10.64835,10.793606
13.476105,13.515918
8.259514,8.723098
11.219974,11.050085
12.145445,12.282109
10.106829,9.750141
13.925321,13.8649845
9.627803,9.027174
13.581873,13.672508
13.642513,13.603527
8.489895,8.820341
10.73388,10.141065
13.388055,13.389382
10.90778,10.700509
12.488953,12.725219
11.350748,11.448735
9.524358,9.98709
12.677999,12.731329
10.35746,10.043404
12.770457,12.7936945
9.384467,9.722399
13.612718,13.702736
12.07048,11.967208
8.160813,7.646086
13.084021,12.903807
13.928067,14.027632
9.894959,9.520089
13.587505,13.617354
11.749394,11.81214
11.053815,10.694038
9.593302,9.163847
10.136577,10.199608
11.763598,11.42551
11.618463,11.461486
11.975339,11.9913435
13.434989,13.481839
10.626987,10.708341
11.0384655,11.145931
10.761328,10.623883
10.42477,10.02381
12.153245,12.207437
11.455368,11.260604
9.313329,9.899082
10.455106,10.021944
10.148039,9.466311
7.6641526,7.933838
12.742041,12.725112
13.756736,13.732189
11.972009,11.9560585
13.46714,13.613188
10.285791,9.869139
10.834841,10.430613
10.341017,10.266683
12.731308,12.599613
9.986417,9.199416
10.739688,10.234362
12.577532,12.565295
10.149667,9.6563835
9.083999,9.518636
9.488094,9.925426
10.895551,10.829904
13.685184,13.7162
11.4145975,11.511123
10.37874,10.261605
11.030163,11.049212
12.283857,12.3347
10.5322895,9.641119
10.557445,10.014417
11.167262,10.878703
10.518707,10.044379
12.071389,11.878689
12.473242,12.6319685
9.874903,9.234531
11.719161,11.917439
9.69699,9.056748
11.636702,11.557173
9.587401,10.195923
9.612071,9.436256
12.270368,12.143089
9.839695,9.364431
11.510355,11.277846
11.973659,12.145931
11.311258,11.111354
12.462791,12.332374
12.794661,12.747347
9.439787,9.276216
9.9529295,9.772353
10.961487,10.376076
9.873854,10.065267
10.56539,10.05562
11.768663,11.738829
9.75356,9.142628
9.755441,9.283901
8.033303,8.520044
8.8099165,9.049685
9.8267975,9.262449
9.932326,9.945877
13.380525,13.321129
13.281396,13.405243
13.490844,13.549557
12.14138,12.178084
11.187739,10.543565
13.553883,13.567554
9.811779,9.4531765
11.932902,12.011453
13.406426,13.5217
9.812701,9.850865
12.653891,12.638173
9.179354,8.747531
12.894065,12.717559
10.937299,10.238643
9.617968,9.178959
13.738155,13.711118
10.039967,9.6481285
9.886502,9.269788
9.633506,9.26418
10.243977,9.762105
9.132644,9.492335
11.506979,11.369708
8.696213,9.014392
9.751915,10.02792
8.145756,8.340787
12.610036,12.587405
11.205859,11.141192
14.206761,14.11862
11.23266,11.25808
9.581125,9.824206
11.105999,11.484597
9.900982,9.343647
12.767707,12.8245125
11.3855915,11.389737
8.39252,8.637456
11.394478,11.608362
14.0377865,14.10368
11.334674,11.134213
9.288683,8.922894
12.723713,12.612546
9.601673,9.106613
10.278114,10.290572
12.582253,12.649717
13.521409,13.438218
12.871732,12.937685
9.949315,9.262032
10.589842,10.323795
11.9780855,11.758416
9.523892,9.939047
11.011972,10.659253
13.120906,13.190859
10.9293165,10.8431425
10.058793,9.589349
13.368045,13.414837
12.129309,12.200894
9.616697,10.159287
11.68646,11.679238
11.631583,11.673121
11.788652,11.881708
11.122488,10.700257
13.281685,13.291077
12.740855,12.413016
11.234536,11.025031
12.365657,12.333751
11.398765,11.316421
12.602829,12.845221
12.051619,12.045403
8.957939,8.4305525
9.344535,9.485101
12.951611,12.92803
12.445127,12.379389
10.556002,9.976223
7.503378,7.0975404
11.628059,11.304673
13.3805895,13.344014
10.660856,10.462185
10.550947,9.761482
8.602216,8.305292
10.588726,10.139213
10.620696,10.022283
13.577076,13.686135
11.40891,11.43774
9.430539,9.070613
12.47412,12.426662
10.733168,10.662658
10.480557,10.277096
10.615046,10.860876
12.485514,12.50171
10.21491,9.252273
9.414661,9.131459
10.270852,10.051875
12.897536,12.830677
11.1482,11.225254
12.549434,12.570395
12.496635,12.544572
9.4779415,9.547196
11.345854,11.19207
9.455618,9.829209
14.035581,14.01704
12.07021,12.122751
12.506091,12.616393
9.387462,9.591668
8.960088,9.098755
11.157021,10.849447
12.072474,11.992034
9.912577,9.984326
9.915499,9.226079
10.603539,10.186205
13.216423,13.265755
10.570779,10.083142
9.383488,9.932025
12.888604,13.097258
8.908401,8.4361725
11.258005,11.086857
11.923553,11.95678
9.180116,8.240638
10.427471,10.507453
12.528784,12.373812
9.758833,9.362181
13.016419,12.955472
13.576301,13.4706
13.782406,13.782171
12.50749,12.545495
8.422855,8.807158
13.279724,13.389939
11.406505,11.181387
8.888113,9.153174
9.402442,9.725138
13.598134,13.664863
11.288802,11.211557
12.38274,12.50265
9.446422,9.716072
11.866121,11.816638
8.630358,8.892215
12.840519,12.827752
10.792868,10.663227
12.7014475,12.532166
9.488893,9.6915
10.500631,10.26735
12.010714,11.9897
9.218606,9.521319
8.708413,9.01928
13.695763,13.761266
8.866369,9.244239
10.635348,10.182095
10.686271,10.578074
9.142259,9.58326
12.132096,12.032836
11.459022,11.314695
10.164867,9.900508
12.699041,12.694379
11.639508,11.681977
12.973842,12.961321
12.825222,12.694697
11.394975,11.22034
11.55654,11.633103
13.359228,13.2842865
12.301727,12.351703
10.500535,10.21293
8.687947,9.301467
14.01902,14.18548
8.939107,8.298848
10.605379,10.210118
13.850166,13.95176
9.929817,9.59493
13.159311,13.12079
12.655547,12.658458
10.174589,9.850612
11.509515,11.484557
8.767233,9.337185
11.8962755,11.866225
12.16322,12.274392
12.623274,12.63082
12.495109,12.340032
9.56681,8.845462
9.236369,9.523629
11.511924,11.297801
8.602146,9.090831
9.413905,9.733428
13.726735,13.713734
8.600749,8.615835
10.539211,10.361999
10.630874,10.605945
12.443974,12.41295
9.898326,10.083396
11.6305,11.495646
10.257721,10.240399
9.518313,9.679729
12.071844,11.993054
13.646984,13.67945
8.031515,8.441695
12.69074,12.665742
8.197556,8.528113
13.1937275,13.058976
10.356326,9.960269
11.998067,12.006652
10.893688,10.583752
10.357359,10.101894
11.191357,10.988063
11.260082,11.293813
10.766948,10.7720785
11.740881,11.549156
10.432382,10.143655
9.546735,9.926639
11.08021,11.215993
13.45966,13.512677
12.870652,12.79304
12.482046,12.436442
10.625927,10.35853
11.982326,11.867415
10.515914,9.97317
13.907904,14.044804
11.566418,11.659623
9.875179,9.233304
13.519655,13.601677
13.43413,13.5220995
10.078058,9.705417
13.167738,13.207255
13.122664,13.008315
10.753277,10.457683
10.227768,9.554299
